id,annee,fondement,fondement_source,modalite,modalite_source,organisme,organisme_norm,ville_source,departement,departement_source,pays,pays_source,secteur,famille,secteur_source,source_fichier,source_ligne,qualite
2014-74a7884d-1,2014,loi78,Loi 1978,non_renseignee,,Groupon France,GROUPON FRANCE,Paris,75,75,FR,,commerce,commerce,Commerce,19313b89__OpenCNIL_Liste_controles_2014_VD_20150604.csv,2,modalite_non_renseignee|pays_deduit
2014-12ccda51-1,2014,loi78,Loi 1978,non_renseignee,,Groupon France,GROUPON FRANCE,Courbevoie,92,92,FR,,commerce,commerce,Commerce,19313b89__OpenCNIL_Liste_controles_2014_VD_20150604.csv,3,modalite_non_renseignee|pays_deduit
2014-952093fc-1,2014,loi78,Loi 1978,non_renseignee,,Lycée Marcelin Berthelot,LYCEE MARCELIN BERTHELOT,Saint-Maur des Fossés,94,94,FR,,education_culture_sport,education_culture_sport,Education/culture/sport,19313b89__OpenCNIL_Liste_controles_2014_VD_20150604.csv,4,modalite_non_renseignee|pays_deduit
2014-0d25770e-1,2014,loi78,Loi 1978,non_renseignee,,Jive Squad,JIVE SQUAD,Gentilly,94,94,FR,,commerce,commerce,Commerce,19313b89__OpenCNIL_Liste_controles_2014_VD_20150604.csv,5,modalite_non_renseignee|pays_deduit
2014-34f9d436-1,2014,loi78,Loi 1978,non_renseignee,,Conseil général de l'Hérault,CONSEIL GENERAL DE L HERAULT,Montpellier,34,34,FR,,sante_social,sante_social,Santé/ social,19313b89__OpenCNIL_Liste_controles_2014_VD_20150604.csv,6,modalite_non_renseignee|pays_deduit
2014-a235e48b-1,2014,loi78,Loi 1978,non_renseignee,,Maif,MAIF,Niort,79,79,FR,,assurance,assurance,Assurance,19313b89__OpenCNIL_Liste_controles_2014_VD_20150604.csv,7,modalite_non_renseignee|pays_deduit
2014-f02b2683-1,2014,loi78,Loi 1978,non_renseignee,,Mgi-Twc Sas,MGI TWC SAS,Les Fins,25,25,FR,,commerce,commerce,Commerce,19313b89__OpenCNIL_Liste_controles_2014_VD_20150604.csv,8,modalite_non_renseignee|pays_deduit
2014-0697a16d-1,2014,loi78,Loi 1978,non_renseignee,,Commune d'Arles,COMMUNE D ARLES,Arles,13,13,FR,,collectivites_territoriales,collectivites_territoriales,Collectivités locales,19313b89__OpenCNIL_Liste_controles_2014_VD_20150604.csv,9,modalite_non_renseignee|pays_deduit
2014-dcfb974e-1,2014,loi78,Loi 1978,non_renseignee,,Centre communal d'action sociale d'Arles,CENTRE COMMUNAL D ACTION SOCIALE D ARLES,Arles,13,13,FR,,collectivites_territoriales,collectivites_territoriales,Collectivités locales,19313b89__OpenCNIL_Liste_controles_2014_VD_20150604.csv,10,modalite_non_renseignee|pays_deduit
2014-1c16cc57-1,2014,loi78,Loi 1978,non_renseignee,,Commune de Boulogne-sur-Mer,COMMUNE DE BOULOGNE SUR MER,Boulogne-sur-Mer,62,62,FR,,collectivites_territoriales,collectivites_territoriales,Collectivités locales,19313b89__OpenCNIL_Liste_controles_2014_VD_20150604.csv,11,modalite_non_renseignee|pays_deduit
2014-c579687a-1,2014,loi78,Loi 1978,non_renseignee,,Centre communal d'action sociale de Boulogne-sur-Mer,CENTRE COMMUNAL D ACTION SOCIALE DE BOULOGNE SUR MER,Boulogne-sur-Mer,62,62,FR,,collectivites_territoriales,collectivites_territoriales,Collectivités locales,19313b89__OpenCNIL_Liste_controles_2014_VD_20150604.csv,12,modalite_non_renseignee|pays_deduit
2014-a29112a9-1,2014,loi78,Loi 1978,non_renseignee,,Hypercosmos,HYPERCOSMOS,Saint-Médard-en-Jalles,33,33,FR,,commerce,commerce,Commerce,19313b89__OpenCNIL_Liste_controles_2014_VD_20150604.csv,13,modalite_non_renseignee|pays_deduit
2014-0af4b000-1,2014,loi78,Loi 1978,non_renseignee,,Supply Chain France,SUPPLY CHAIN FRANCE,Paris (audition locaux Cnil),75,75,FR,,commerce,commerce,Commerce,19313b89__OpenCNIL_Liste_controles_2014_VD_20150604.csv,14,modalite_non_renseignee|pays_deduit
2014-e303d079-1,2014,loi78,Loi 1978,non_renseignee,,Pôle Emploi,POLE EMPLOI,Villeneuve-d'Ascq,59,59,FR,,sante_social,sante_social,Santé/ social,19313b89__OpenCNIL_Liste_controles_2014_VD_20150604.csv,15,modalite_non_renseignee|pays_deduit
2014-bdbad1d2-1,2014,loi78,Loi 1978,non_renseignee,,Bip & Go,BIP GO,Issy-les-Moulineaux,92,92,FR,,commerce,commerce,Commerce,19313b89__OpenCNIL_Liste_controles_2014_VD_20150604.csv,17,modalite_non_renseignee|pays_deduit
2014-461d86ad-1,2014,loi78,Loi 1978,non_renseignee,,Ministère de la Justice Telem Télésurveillance ),MINISTERE DE LA JUSTICE TELEM TELESURVEILLANCE,Vitrolles,13,13,FR,,police_justice_securite,etat_regalien,Police/ justice/ sécurité,19313b89__OpenCNIL_Liste_controles_2014_VD_20150604.csv,18,modalite_non_renseignee|organisme_multiligne|pays_deduit
2014-adcc0055-1,2014,loi78,Loi 1978,non_renseignee,,Ministère de la Justice (Maison d'Arrêt d'AIX-LUYNES),MINISTERE DE LA JUSTICE MAISON D ARRET D AIX LUYNES,Aix-en-Provence,13,13,FR,,police_justice_securite,etat_regalien,Police/ justice/ sécurité,19313b89__OpenCNIL_Liste_controles_2014_VD_20150604.csv,20,modalite_non_renseignee|organisme_multiligne|pays_deduit
2014-b026572b-1,2014,loi78,Loi 1978,non_renseignee,,Ministère de la Justice (GEPSA ),MINISTERE DE LA JUSTICE GEPSA,Rueil-Malmaison,92,92,FR,,police_justice_securite,etat_regalien,Police/ justice/ sécurité,19313b89__OpenCNIL_Liste_controles_2014_VD_20150604.csv,22,modalite_non_renseignee|organisme_multiligne|pays_deduit
2014-213b4948-1,2014,loi78,Loi 1978,non_renseignee,,Ministère de la Justice (Maison d'arrêt de Valence),MINISTERE DE LA JUSTICE MAISON D ARRET DE VALENCE,Valence,26,26,FR,,police_justice_securite,etat_regalien,Police/ justice/ sécurité,19313b89__OpenCNIL_Liste_controles_2014_VD_20150604.csv,24,modalite_non_renseignee|organisme_multiligne|pays_deduit
2014-a925facc-1,2014,loi78,Loi 1978,non_renseignee,,Ministère de la Justice (Administration Pénitentiaire),MINISTERE DE LA JUSTICE ADMINISTRATION PENITENTIAIRE,Paris,75,75,FR,,police_justice_securite,etat_regalien,Police/ justice/ sécurité,19313b89__OpenCNIL_Liste_controles_2014_VD_20150604.csv,26,modalite_non_renseignee|organisme_multiligne|pays_deduit
2014-c53d87aa-1,2014,loi78,Loi 1978,non_renseignee,,Ministère de la Justice (Administration Pénitentiaire) Centre de détention de Rennes,MINISTERE DE LA JUSTICE ADMINISTRATION PENITENTIAIRE CENTRE DE DETENTION DE RENNES,Rennes,35,35,FR,,police_justice_securite,etat_regalien,Police/ justice/ sécurité,19313b89__OpenCNIL_Liste_controles_2014_VD_20150604.csv,28,modalite_non_renseignee|organisme_multiligne|pays_deduit
2014-264f8716-1,2014,loi78,Loi 1978,non_renseignee,,Ministère de la Justice (Administration Pénitentiaire Centre de détention de Melun,MINISTERE DE LA JUSTICE ADMINISTRATION PENITENTIAIRE CENTRE DE DETENTION DE MELUN,Melun,77,77,FR,,police_justice_securite,etat_regalien,Police/ justice/ sécurité,19313b89__OpenCNIL_Liste_controles_2014_VD_20150604.csv,30,modalite_non_renseignee|organisme_multiligne|pays_deduit
2014-6be694f1-1,2014,loi78,Loi 1978,non_renseignee,,Ministère de la Justice (Administration Pénitentiaire) Maison centrale de St Maur,MINISTERE DE LA JUSTICE ADMINISTRATION PENITENTIAIRE MAISON CENTRALE DE ST MAUR,Saint-Maur,36,36,FR,,police_justice_securite,etat_regalien,Police/ justice/ sécurité,19313b89__OpenCNIL_Liste_controles_2014_VD_20150604.csv,33,modalite_non_renseignee|organisme_multiligne|pays_deduit
2014-c1dfea51-1,2014,loi78,Loi 1978,non_renseignee,,Ministère de la Justice (Administration Pénitentiaire) Direction intérregionale des services pénitentiaires de Toulouse,MINISTERE DE LA JUSTICE ADMINISTRATION PENITENTIAIRE DIRECTION INTERREGIONALE DES SERVICES PENITENTIAIRES DE TOULOUSE,Toulouse,31,31,FR,,police_justice_securite,etat_regalien,Police/ justice/ sécurité,19313b89__OpenCNIL_Liste_controles_2014_VD_20150604.csv,36,modalite_non_renseignee|organisme_multiligne|pays_deduit
2014-163a202e-1,2014,loi78,Loi 1978,non_renseignee,,Ministère de la Justice (Administration Pénitentiaire) Direction interrégionale des services pénitentiaires de Lille,MINISTERE DE LA JUSTICE ADMINISTRATION PENITENTIAIRE DIRECTION INTERREGIONALE DES SERVICES PENITENTIAIRES DE LILLE,Lille,59,59,FR,,police_justice_securite,etat_regalien,Police/ justice/ sécurité,19313b89__OpenCNIL_Liste_controles_2014_VD_20150604.csv,39,modalite_non_renseignee|organisme_multiligne|pays_deduit
2014-c7434a13-1,2014,loi78,Loi 1978,non_renseignee,,Ministère de la Justice (Administration Pénitentiaire) Prestataire Sodexo,MINISTERE DE LA JUSTICE ADMINISTRATION PENITENTIAIRE PRESTATAIRE SODEXO,Guyancourt,78,78,FR,,police_justice_securite,etat_regalien,Police/ justice/ sécurité,19313b89__OpenCNIL_Liste_controles_2014_VD_20150604.csv,42,modalite_non_renseignee|organisme_multiligne|pays_deduit
2014-2973a8e8-1,2014,loi78,Loi 1978,non_renseignee,,Ministère de la Justice (Administration Pénitentiaire) Maison centrale de St-Martin-de-Ré,MINISTERE DE LA JUSTICE ADMINISTRATION PENITENTIAIRE MAISON CENTRALE DE ST MARTIN DE RE,Saint-Martin-de-Ré,17,17,FR,,police_justice_securite,etat_regalien,Police/ justice/ sécurité,19313b89__OpenCNIL_Liste_controles_2014_VD_20150604.csv,45,modalite_non_renseignee|organisme_multiligne|pays_deduit
2014-473b09b1-1,2014,loi78,Loi 1978,non_renseignee,,Ministère de la Justice (DIT),MINISTERE DE LA JUSTICE DIT,Grigny,91,91,FR,,police_justice_securite,etat_regalien,Police/ justice/ sécurité,19313b89__OpenCNIL_Liste_controles_2014_VD_20150604.csv,48,modalite_non_renseignee|organisme_multiligne|pays_deduit
2014-bf02577e-1,2014,loi78,Loi 1978,non_renseignee,,Ministère de la Justice Maison centrale de Poissy,MINISTERE DE LA JUSTICE MAISON CENTRALE DE POISSY,Poissy,78,78,FR,,police_justice_securite,etat_regalien,Police/ justice/ sécurité,19313b89__OpenCNIL_Liste_controles_2014_VD_20150604.csv,50,modalite_non_renseignee|organisme_multiligne|pays_deduit
2014-c7a0a8a5-1,2014,loi78,Loi 1978,non_renseignee,,Ministère de la Justice Direction Interregionale des services pénitentiaires d'Ile-de-France,MINISTERE DE LA JUSTICE DIRECTION INTERREGIONALE DES SERVICES PENITENTIAIRES D ILE DE FRANCE,Fresnes,94,94,FR,,police_justice_securite,etat_regalien,Police/ justice/ sécurité,19313b89__OpenCNIL_Liste_controles_2014_VD_20150604.csv,52,modalite_non_renseignee|organisme_multiligne|pays_deduit
2014-5a502105-1,2014,loi78,Loi 1978,non_renseignee,,Ministère de la Justice Prestataire Thalès Elancourt,MINISTERE DE LA JUSTICE PRESTATAIRE THALES ELANCOURT,Elancourt,78,78,FR,,police_justice_securite,etat_regalien,Police/ justice/ sécurité,19313b89__OpenCNIL_Liste_controles_2014_VD_20150604.csv,55,modalite_non_renseignee|organisme_multiligne|pays_deduit
2014-484c8b50-1,2014,loi78,Loi 1978,non_renseignee,,Crédit Lyonnais (agence Daumesnil),CREDIT LYONNAIS AGENCE DAUMESNIL,Paris,75,75,FR,,banque,banque,Banques-Finance,19313b89__OpenCNIL_Liste_controles_2014_VD_20150604.csv,58,modalite_non_renseignee|organisme_multiligne|pays_deduit
2014-c838e25e-1,2014,loi78,Loi 1978,non_renseignee,,Wilo Salmson France,WILO SALMSON FRANCE,Laval,53,53,FR,,commerce,commerce,Commerce,19313b89__OpenCNIL_Liste_controles_2014_VD_20150604.csv,60,modalite_non_renseignee|pays_deduit
2014-c838e25e-2,2014,loi78,Loi 1978,non_renseignee,,Wilo Salmson France,WILO SALMSON FRANCE,Laval,53,53,FR,,commerce,commerce,Commerce,19313b89__OpenCNIL_Liste_controles_2014_VD_20150604.csv,61,modalite_non_renseignee|pays_deduit|ligne_dupliquee
2014-34070544-1,2014,loi78,Loi 1978,non_renseignee,,Fipac,FIPAC,Paris (audition locaux CNIL),75,75,FR,,commerce,commerce,Commerce,19313b89__OpenCNIL_Liste_controles_2014_VD_20150604.csv,62,modalite_non_renseignee|pays_deduit
2014-b3026686-1,2014,loi78,Loi 1978,non_renseignee,,Autolib',AUTOLIB,Vaucresson,92,92,FR,,transports,transports,Transport,19313b89__OpenCNIL_Liste_controles_2014_VD_20150604.csv,63,modalite_non_renseignee|pays_deduit
2014-b3026686-2,2014,loi78,Loi 1978,non_renseignee,,Autolib',AUTOLIB,Vaucresson,92,92,FR,,transports,transports,Transport,19313b89__OpenCNIL_Liste_controles_2014_VD_20150604.csv,64,modalite_non_renseignee|pays_deduit|ligne_dupliquee
2014-edddec70-1,2014,loi78,Loi 1978,non_renseignee,,Centre Hospitalier de Lunéville,CENTRE HOSPITALIER DE LUNEVILLE,Lunéville,54,54,FR,,sante_social,sante_social,Santé/ social,19313b89__OpenCNIL_Liste_controles_2014_VD_20150604.csv,65,modalite_non_renseignee|pays_deduit
2014-fd88d9f7-1,2014,loi78,Loi 1978,non_renseignee,,Vitalliance,VITALLIANCE,Boulogne-Billancourt,92,92,FR,,sante_social,sante_social,Santé/ social,19313b89__OpenCNIL_Liste_controles_2014_VD_20150604.csv,66,modalite_non_renseignee|pays_deduit
2014-b5360745-1,2014,loi78,Loi 1978,non_renseignee,,Mondial Assistance France Sas- Paris,MONDIAL ASSISTANCE FRANCE SAS PARIS,Paris,75,75,FR,,sante_social,sante_social,Santé/ social,19313b89__OpenCNIL_Liste_controles_2014_VD_20150604.csv,67,modalite_non_renseignee|organisme_multiligne|pays_deduit
2014-23249938-1,2014,loi78,Loi 1978,non_renseignee,,Mondial Assistance France Sas- Paris (75),MONDIAL ASSISTANCE FRANCE SAS PARIS 75,Paris,75,75,FR,,sante_social,sante_social,Santé/ social,19313b89__OpenCNIL_Liste_controles_2014_VD_20150604.csv,69,modalite_non_renseignee|organisme_multiligne|pays_deduit
2014-4f3394a7-1,2014,loi78,Loi 1978,non_renseignee,,Autoreflex.com,AUTOREFLEX COM,Montrouge,92,92,FR,,commerce,commerce,Commerce,19313b89__OpenCNIL_Liste_controles_2014_VD_20150604.csv,71,modalite_non_renseignee|pays_deduit
2014-4f3394a7-2,2014,loi78,Loi 1978,non_renseignee,,Autoreflex.com,AUTOREFLEX COM,Montrouge,92,92,FR,,commerce,commerce,Commerce,19313b89__OpenCNIL_Liste_controles_2014_VD_20150604.csv,72,modalite_non_renseignee|pays_deduit|ligne_dupliquee
2014-f946c48c-1,2014,loi78,Loi 1978,non_renseignee,,Morgane,MORGANE,Paris,75,75,FR,,commerce,commerce,Commerce,19313b89__OpenCNIL_Liste_controles_2014_VD_20150604.csv,73,modalite_non_renseignee|pays_deduit
2014-3c7e281b-1,2014,loi78,Loi 1978,non_renseignee,,Ademe,ADEME,Angers,49,49,FR,,immobilier,immobilier,Immobilier,19313b89__OpenCNIL_Liste_controles_2014_VD_20150604.csv,74,modalite_non_renseignee|pays_deduit
2014-e30807eb-1,2014,loi78,Loi 1978,non_renseignee,,A.C Conseils et Recrutement,A C CONSEILS ET RECRUTEMENT,Antony,92,92,FR,,commerce,commerce,Commerce,19313b89__OpenCNIL_Liste_controles_2014_VD_20150604.csv,75,modalite_non_renseignee|pays_deduit
2014-5859c805-1,2014,loi78,Loi 1978,non_renseignee,,Bouygues Télécom/Préventel,BOUYGUES TELECOM PREVENTEL,Issy les Moulineaux,92,92,FR,,commerce,commerce,Commerce,19313b89__OpenCNIL_Liste_controles_2014_VD_20150604.csv,76,modalite_non_renseignee|pays_deduit
2014-54009ca2-1,2014,loi78,Loi 1978,non_renseignee,,Gie Preventel et Sopra group Paris et La Défense,GIE PREVENTEL ET SOPRA GROUP PARIS ET LA DEFENSE,Paris et La Défense,75,75-92,FR,,commerce,commerce,Commerce,19313b89__OpenCNIL_Liste_controles_2014_VD_20150604.csv,77,modalite_non_renseignee|organisme_multiligne|departement_multiple|pays_deduit
2014-a1a4cd3a-1,2014,loi78,Loi 1978,non_renseignee,,Conseil général de Seine Saint Denis,CONSEIL GENERAL DE SEINE SAINT DENIS,Bobigny,93,93,FR,,collectivites_territoriales,collectivites_territoriales,Collectivités locales,19313b89__OpenCNIL_Liste_controles_2014_VD_20150604.csv,79,modalite_non_renseignee|pays_deduit
2014-a1a4cd3a-2,2014,loi78,Loi 1978,non_renseignee,,Conseil général de Seine Saint Denis,CONSEIL GENERAL DE SEINE SAINT DENIS,Bobigny,93,93,FR,,collectivites_territoriales,collectivites_territoriales,Collectivités locales,19313b89__OpenCNIL_Liste_controles_2014_VD_20150604.csv,80,modalite_non_renseignee|pays_deduit|ligne_dupliquee
2014-34cec129-1,2014,loi78,Loi 1978,non_renseignee,,Sarl Emmanuel Here,SARL EMMANUEL HERE,Giraumont,54,54,FR,,sante_social,sante_social,Santé/ social,19313b89__OpenCNIL_Liste_controles_2014_VD_20150604.csv,81,modalite_non_renseignee|pays_deduit
2014-6add2df3-1,2014,loi78,Loi 1978,non_renseignee,,Centre Hospitalier Intercommunal Emile Durkheim,CENTRE HOSPITALIER INTERCOMMUNAL EMILE DURKHEIM,Epinal,88,88,FR,,sante_social,sante_social,Santé/ social,19313b89__OpenCNIL_Liste_controles_2014_VD_20150604.csv,82,modalite_non_renseignee|pays_deduit
2014-0d83ee3d-1,2014,loi78,Loi 1978,non_renseignee,,Transat France,TRANSAT FRANCE,Ivry sur Seine,94,94,FR,,transports,transports,Transport,19313b89__OpenCNIL_Liste_controles_2014_VD_20150604.csv,83,modalite_non_renseignee|pays_deduit
2014-c665b726-1,2014,loi78,Loi 1978,non_renseignee,,La Poste,LA POSTE,Champs-sur-Marne,77,77-75,FR,,sante_social,sante_social,Santé/ social,19313b89__OpenCNIL_Liste_controles_2014_VD_20150604.csv,84,modalite_non_renseignee|departement_multiple|pays_deduit
2014-6b9afe86-1,2014,loi78,Loi 1978,non_renseignee,,Medica Control,MEDICA CONTROL,Avrillé,49,49,FR,,sante_social,sante_social,Santé/ social,19313b89__OpenCNIL_Liste_controles_2014_VD_20150604.csv,85,modalite_non_renseignee|pays_deduit
2014-e9956136-1,2014,loi78,Loi 1978,non_renseignee,,Gestion de Teleassistance et de services,GESTION DE TELEASSISTANCE ET DE SERVICES,Chatillon,92,92,FR,,sante_social,sante_social,Santé/ social,19313b89__OpenCNIL_Liste_controles_2014_VD_20150604.csv,86,modalite_non_renseignee|pays_deduit
2014-3229cd75-1,2014,loi78,Loi 1978,non_renseignee,,Assurland.com,ASSURLAND COM,Paris,75,75,FR,,commerce,commerce,Commerce,19313b89__OpenCNIL_Liste_controles_2014_VD_20150604.csv,87,modalite_non_renseignee|pays_deduit
2014-dbda1b17-1,2014,loi78,Loi 1978,non_renseignee,,Caisse d'Epargne et de Prévoyance de Bourgogne Franche-Comté,CAISSE D EPARGNE ET DE PREVOYANCE DE BOURGOGNE FRANCHE COMTE,Dijon,21,21,FR,,banque,banque,Banques-Finance,19313b89__OpenCNIL_Liste_controles_2014_VD_20150604.csv,88,modalite_non_renseignee|pays_deduit
2014-a91099dc-1,2014,loi78,Loi 1978,non_renseignee,,Carrefour Banque,CARREFOUR BANQUE,Courcouronnes,91,91,FR,,banque,banque,Banques-Finance,19313b89__OpenCNIL_Liste_controles_2014_VD_20150604.csv,89,modalite_non_renseignee|pays_deduit
2014-a91099dc-2,2014,loi78,Loi 1978,non_renseignee,,Carrefour Banque,CARREFOUR BANQUE,Courcouronnes,91,91,FR,,banque,banque,Banques-Finance,19313b89__OpenCNIL_Liste_controles_2014_VD_20150604.csv,90,modalite_non_renseignee|pays_deduit|ligne_dupliquee
2014-7f26aff9-1,2014,loi78,Loi 1978,non_renseignee,,Schneider Electric,SCHNEIDER ELECTRIC,Rueil-Malmaison,92,92,FR,,commerce,commerce,Commerce,19313b89__OpenCNIL_Liste_controles_2014_VD_20150604.csv,91,modalite_non_renseignee|pays_deduit
2014-bfa67276-1,2014,loi78,Loi 1978,non_renseignee,,Service Bagages Aeroportuaire Orly Ouest,SERVICE BAGAGES AEROPORTUAIRE ORLY OUEST,Orly Ouest,94,94,FR,,transports,transports,Transport,19313b89__OpenCNIL_Liste_controles_2014_VD_20150604.csv,92,modalite_non_renseignee|pays_deduit
2014-e7a2116c-1,2014,loi78,Loi 1978,non_renseignee,,Service Bagages Aéroportuaire,SERVICE BAGAGES AEROPORTUAIRE,Orly Sud,94,94,FR,,transports,transports,Transport,19313b89__OpenCNIL_Liste_controles_2014_VD_20150604.csv,93,modalite_non_renseignee|pays_deduit
2014-ffd6a0be-1,2014,loi78,Loi 1978,non_renseignee,,Carmignac Gestion,CARMIGNAC GESTION,Paris,75,75,FR,,commerce,commerce,Commerce,19313b89__OpenCNIL_Liste_controles_2014_VD_20150604.csv,94,modalite_non_renseignee|pays_deduit
2014-7baf291d-1,2014,loi78,Loi 1978,non_renseignee,,Work 2000 Metallurgie,WORK 2000 METALLURGIE,Claix,38,38,FR,,sante_social,sante_social,Santé/ social,19313b89__OpenCNIL_Liste_controles_2014_VD_20150604.csv,95,modalite_non_renseignee|pays_deduit
2014-10bfa7f7-1,2014,loi78,Loi 1978,non_renseignee,,Banque Populaire Occitane,BANQUE POPULAIRE OCCITANE,Balma,31,31,FR,,banque,banque,Banques-Finance,19313b89__OpenCNIL_Liste_controles_2014_VD_20150604.csv,96,modalite_non_renseignee|pays_deduit
2014-10bfa7f7-2,2014,loi78,Loi 1978,non_renseignee,,Banque Populaire Occitane,BANQUE POPULAIRE OCCITANE,Balma,31,31,FR,,banque,banque,Banques-Finance,19313b89__OpenCNIL_Liste_controles_2014_VD_20150604.csv,97,modalite_non_renseignee|pays_deduit|ligne_dupliquee
2014-7b67abac-1,2014,loi78,Loi 1978,non_renseignee,,Theseis,THESEIS,Balma,31,31,FR,,commerce,commerce,Commerce,19313b89__OpenCNIL_Liste_controles_2014_VD_20150604.csv,98,modalite_non_renseignee|pays_deduit
2014-e479f414-1,2014,loi78,Loi 1978,non_renseignee,,Les Editions Neressis,LES EDITIONS NERESSIS,Paris,75,75,FR,,commerce,commerce,Commerce,19313b89__OpenCNIL_Liste_controles_2014_VD_20150604.csv,99,modalite_non_renseignee|pays_deduit
2014-0349069c-1,2014,loi78,Loi 1978,non_renseignee,,Conseil national de l'ordre des infirmiers,CONSEIL NATIONAL DE L ORDRE DES INFIRMIERS,Paris,75,75,FR,,sante_social,sante_social,Santé/ social,19313b89__OpenCNIL_Liste_controles_2014_VD_20150604.csv,100,modalite_non_renseignee|pays_deduit
2014-8c6f83f8-1,2014,loi78,Loi 1978,non_renseignee,,Syndicat National des infirmieres et des infirmiers Libéraux,SYNDICAT NATIONAL DES INFIRMIERES ET DES INFIRMIERS LIBERAUX,Paris,75,75,FR,,sante_social,sante_social,Santé/ social,19313b89__OpenCNIL_Liste_controles_2014_VD_20150604.csv,101,modalite_non_renseignee|pays_deduit
2014-009ca51d-1,2014,loi78,Loi 1978,non_renseignee,,Ministère de l'Intérieur (Service régional de police judiciaire),MINISTERE DE L INTERIEUR SERVICE REGIONAL DE POLICE JUDICIAIRE,Reims,51,51,FR,,police_justice_securite,etat_regalien,Police/ justice/ sécurité,19313b89__OpenCNIL_Liste_controles_2014_VD_20150604.csv,102,modalite_non_renseignee|pays_deduit
2014-8ddd55ee-1,2014,loi78,Loi 1978,non_renseignee,,Ministère de l'Intérieur (Direction interregionale de police judiciaire),MINISTERE DE L INTERIEUR DIRECTION INTERREGIONALE DE POLICE JUDICIAIRE,Strasbourg,67,67,FR,,police_justice_securite,etat_regalien,Police/ justice/ sécurité,19313b89__OpenCNIL_Liste_controles_2014_VD_20150604.csv,103,modalite_non_renseignee|pays_deduit
2014-a6679a58-1,2014,loi78,Loi 1978,non_renseignee,,Ministère de l'Intérieur,MINISTERE DE L INTERIEUR,Paris,75,75,FR,,police_justice_securite,etat_regalien,Police/ justice/ sécurité,19313b89__OpenCNIL_Liste_controles_2014_VD_20150604.csv,104,modalite_non_renseignee|pays_deduit
2014-15740141-1,2014,loi78,Loi 1978,non_renseignee,,Traitement de données aux sites DHL.fr et DHL-France.com,TRAITEMENT DE DONNEES AUX SITES DHL FR ET DHL FRANCE COM,Roissy,95,95,FR,,commerce,commerce,Commerce,19313b89__OpenCNIL_Liste_controles_2014_VD_20150604.csv,105,modalite_non_renseignee|pays_deduit
2014-7dd3c32d-1,2014,loi78,Loi 1978,non_renseignee,,Effiliation,EFFILIATION,Paris,75,75,FR,,commerce,commerce,Commerce,19313b89__OpenCNIL_Liste_controles_2014_VD_20150604.csv,106,modalite_non_renseignee|pays_deduit
2014-06defced-1,2014,loi78,Loi 1978,non_renseignee,,Ogone,OGONE,Paris,75,75,FR,,commerce,commerce,Commerce,19313b89__OpenCNIL_Liste_controles_2014_VD_20150604.csv,107,modalite_non_renseignee|pays_deduit
2014-37c0bf12-1,2014,loi78,Loi 1978,non_renseignee,,Prisma Media,PRISMA MEDIA,Gennevilliers,92,92,FR,,commerce,commerce,Commerce,19313b89__OpenCNIL_Liste_controles_2014_VD_20150604.csv,108,modalite_non_renseignee|pays_deduit
2014-64748bbc-1,2014,loi78,Loi 1978,non_renseignee,,Cybersource France Sas,CYBERSOURCE FRANCE SAS,Paris,75,75,FR,,commerce,commerce,Commerce,19313b89__OpenCNIL_Liste_controles_2014_VD_20150604.csv,109,modalite_non_renseignee|pays_deduit
2014-734093e9-1,2014,loi78,Loi 1978,non_renseignee,,Unibail Marketing & Multimedia,UNIBAIL MARKETING MULTIMEDIA,Paris,75,75,FR,,commerce,commerce,Commerce,19313b89__OpenCNIL_Liste_controles_2014_VD_20150604.csv,110,modalite_non_renseignee|pays_deduit
2014-1e41f3a2-1,2014,loi78,Loi 1978,non_renseignee,,Service Medical Patronal,SERVICE MEDICAL PATRONAL,Paris,75,75,FR,,sante_social,sante_social,Santé/ social,19313b89__OpenCNIL_Liste_controles_2014_VD_20150604.csv,111,modalite_non_renseignee|pays_deduit
2014-70267731-1,2014,loi78,Loi 1978,non_renseignee,,Europe Reseaux,EUROPE RESEAUX,Beaucouze,49,49,FR,,commerce,commerce,Commerce,19313b89__OpenCNIL_Liste_controles_2014_VD_20150604.csv,112,modalite_non_renseignee|pays_deduit
2014-a6323be7-1,2014,loi78,Loi 1978,non_renseignee,,Europe Reseaux - Mobeefox Audition,EUROPE RESEAUX MOBEEFOX AUDITION,Paris,75,75,FR,,commerce,commerce,Commerce,19313b89__OpenCNIL_Liste_controles_2014_VD_20150604.csv,113,modalite_non_renseignee|organisme_multiligne|pays_deduit
2014-19310e68-1,2014,loi78,Loi 1978,non_renseignee,,Centre Hospitalier de Béthune,CENTRE HOSPITALIER DE BETHUNE,Béthune,62,62,FR,,sante_social,sante_social,Santé/ social,19313b89__OpenCNIL_Liste_controles_2014_VD_20150604.csv,116,modalite_non_renseignee|pays_deduit
2014-81db33c8-1,2014,loi78,Loi 1978,non_renseignee,,Centre Hospitalier Esquirol de Limoges,CENTRE HOSPITALIER ESQUIROL DE LIMOGES,Limoges,87,87,FR,,sante_social,sante_social,Santé/ social,19313b89__OpenCNIL_Liste_controles_2014_VD_20150604.csv,117,modalite_non_renseignee|pays_deduit
2014-0e6ab24d-1,2014,loi78,Loi 1978,non_renseignee,,Selarl Pharmacie Valnesis,SELARL PHARMACIE VALNESIS,Roumazieres-Loubert,17,17,FR,,sante_social,sante_social,Santé/ social,19313b89__OpenCNIL_Liste_controles_2014_VD_20150604.csv,118,modalite_non_renseignee|pays_deduit
2014-f707cec2-1,2014,loi78,Loi 1978,non_renseignee,,Dekra Certification,DEKRA CERTIFICATION,Bagneux,92,92,FR,,commerce,commerce,Commerce,19313b89__OpenCNIL_Liste_controles_2014_VD_20150604.csv,119,modalite_non_renseignee|pays_deduit
2014-7c56a3ca-1,2014,loi78,Loi 1978,non_renseignee,,CA Consumer Finance,CA CONSUMER FINANCE,Evry,91,91,FR,,banque,banque,Banques-Finance,19313b89__OpenCNIL_Liste_controles_2014_VD_20150604.csv,120,modalite_non_renseignee|pays_deduit
2014-4182ca31-1,2014,loi78,Loi 1978,non_renseignee,,Association des Amis de l'accueil de nuit du pays chagnotin,ASSOCIATION DES AMIS DE L ACCUEIL DE NUIT DU PAYS CHAGNOTIN,Chagny,71,71,FR,,sante_social,sante_social,Santé/ social,19313b89__OpenCNIL_Liste_controles_2014_VD_20150604.csv,121,modalite_non_renseignee|pays_deduit
2014-951a30e6-1,2014,loi78,Loi 1978,non_renseignee,,Ankama Animations,ANKAMA ANIMATIONS,Roubaix,59,59,FR,,commerce,commerce,Commerce,19313b89__OpenCNIL_Liste_controles_2014_VD_20150604.csv,122,modalite_non_renseignee|pays_deduit
2014-51cfa4b9-1,2014,loi78,Loi 1978,non_renseignee,,Sigems Data Center,SIGEMS DATA CENTER,Villeneuve-sur-Lot,47,47,FR,,sante_social,sante_social,Santé/ social,19313b89__OpenCNIL_Liste_controles_2014_VD_20150604.csv,123,modalite_non_renseignee|pays_deduit
2014-46f554d9-1,2014,loi78,Loi 1978,non_renseignee,,Centre Hospitalier National d'Ophtalmologie des Quinze-Vingts,CENTRE HOSPITALIER NATIONAL D OPHTALMOLOGIE DES QUINZE VINGTS,Paris,75,75,FR,,sante_social,sante_social,Santé/ social,19313b89__OpenCNIL_Liste_controles_2014_VD_20150604.csv,124,modalite_non_renseignee|pays_deduit
2014-7b2384f2-1,2014,loi78,Loi 1978,non_renseignee,,Rhsp-Mutuelle Sante,RHSP MUTUELLE SANTE,Vitry-sur-Seine,94,94,FR,,assurance,assurance,Assurance,19313b89__OpenCNIL_Liste_controles_2014_VD_20150604.csv,126,modalite_non_renseignee|pays_deduit
2014-5caef409-1,2014,loi78,Loi 1978,non_renseignee,,Fortuneo,FORTUNEO,La Défense Puteaux,92,92,FR,,banque,banque,Banques-Finance,19313b89__OpenCNIL_Liste_controles_2014_VD_20150604.csv,128,modalite_non_renseignee|pays_deduit
2014-5caef409-2,2014,loi78,Loi 1978,non_renseignee,,Fortuneo,FORTUNEO,La Défense Puteaux,92,92,FR,,banque,banque,Banques-Finance,19313b89__OpenCNIL_Liste_controles_2014_VD_20150604.csv,129,modalite_non_renseignee|pays_deduit|ligne_dupliquee
2014-382cffc0-1,2014,loi78,Loi 1978,non_renseignee,,Rentabiliweb Marketing,RENTABILIWEB MARKETING,Levallois-Perret,92,92,FR,,commerce,commerce,Commerce,19313b89__OpenCNIL_Liste_controles_2014_VD_20150604.csv,130,modalite_non_renseignee|pays_deduit
2014-b5e67d4e-1,2014,loi78,Loi 1978,non_renseignee,,E-Santé,E SANTE,Levallois-Perret,92,92,FR,,sante_social,sante_social,Santé/ social,19313b89__OpenCNIL_Liste_controles_2014_VD_20150604.csv,131,modalite_non_renseignee|pays_deduit
2014-739c7d4d-1,2014,loi78,Loi 1978,non_renseignee,,Assistance Publique Hôpital Robert Debre,ASSISTANCE PUBLIQUE HOPITAL ROBERT DEBRE,Paris,75,75,FR,,sante_social,sante_social,Santé/ social,19313b89__OpenCNIL_Liste_controles_2014_VD_20150604.csv,132,modalite_non_renseignee|organisme_multiligne|pays_deduit
2014-2767ed51-1,2014,loi78,Loi 1978,non_renseignee,,Assistance Publique Hôpital Européen Georges Pompidou,ASSISTANCE PUBLIQUE HOPITAL EUROPEEN GEORGES POMPIDOU,Paris,75,75,FR,,sante_social,sante_social,Santé/ social,19313b89__OpenCNIL_Liste_controles_2014_VD_20150604.csv,134,modalite_non_renseignee|organisme_multiligne|pays_deduit
2014-a3f12a58-1,2014,loi78,Loi 1978,non_renseignee,,Ministère des Finances et des comptes publiques - Service des impôts des particuliers Paris,MINISTERE DES FINANCES ET DES COMPTES PUBLIQUES SERVICE DES IMPOTS DES PARTICULIERS PARIS,Paris,75,75,FR,,banque,banque,Banques-Finance,19313b89__OpenCNIL_Liste_controles_2014_VD_20150604.csv,136,modalite_non_renseignee|organisme_multiligne|pays_deduit
2014-f1f4a362-1,2014,loi78,Loi 1978,non_renseignee,,Ministère des Finances et des comptes publics Etablissement de Service Informatique de Nevers,MINISTERE DES FINANCES ET DES COMPTES PUBLICS ETABLISSEMENT DE SERVICE INFORMATIQUE DE NEVERS,Nevers,58,58,FR,,banque,banque,Banques-Finance,19313b89__OpenCNIL_Liste_controles_2014_VD_20150604.csv,138,modalite_non_renseignee|pays_deduit
2014-8388a4c2-1,2014,loi78,Loi 1978,non_renseignee,,Ministère des Finances et des comptes publics Etablissement de Service Informatique de Bordeaux,MINISTERE DES FINANCES ET DES COMPTES PUBLICS ETABLISSEMENT DE SERVICE INFORMATIQUE DE BORDEAUX,Bordeaux,33,33,FR,,banque,banque,Banques-Finance,19313b89__OpenCNIL_Liste_controles_2014_VD_20150604.csv,139,modalite_non_renseignee|pays_deduit
2014-0cb2e923-1,2014,loi78,Loi 1978,non_renseignee,,Ministère des Finances et des comptes publics Etablissement de Service Informatique de Clermont-Ferrand,MINISTERE DES FINANCES ET DES COMPTES PUBLICS ETABLISSEMENT DE SERVICE INFORMATIQUE DE CLERMONT FERRAND,Clermont-Ferrand,63,63,FR,,banque,banque,Banques-Finance,19313b89__OpenCNIL_Liste_controles_2014_VD_20150604.csv,140,modalite_non_renseignee|pays_deduit
2014-b4725eac-1,2014,loi78,Loi 1978,non_renseignee,,Orange,ORANGE,Paris,75,75,FR,,telecommunications,telecommunications,Télécommunications,19313b89__OpenCNIL_Liste_controles_2014_VD_20150604.csv,141,modalite_non_renseignee|pays_deduit
2014-210440f1-1,2014,loi78,Loi 1978,non_renseignee,,Orange - sous-traitant Gutemberg Networks,ORANGE SOUS TRAITANT GUTEMBERG NETWORKS,Levallois-Perret,92,92,FR,,telecommunications,telecommunications,Télécommunications,19313b89__OpenCNIL_Liste_controles_2014_VD_20150604.csv,143,modalite_non_renseignee|organisme_multiligne|pays_deduit
2014-854e117d-1,2014,loi78,Loi 1978,non_renseignee,,XL Marketing,XL MARKETING,Saint-Etienne,42,42,FR,,telecommunications,telecommunications,Télécommunications,19313b89__OpenCNIL_Liste_controles_2014_VD_20150604.csv,145,modalite_non_renseignee|pays_deduit
2014-84053f8a-1,2014,loi78,Loi 1978,non_renseignee,,Centre d'information et d'orientation de Sambre Avesnois,CENTRE D INFORMATION ET D ORIENTATION DE SAMBRE AVESNOIS,Sambre Avesnois,59,59,FR,,education_culture_sport,education_culture_sport,Education/culture/sport,19313b89__OpenCNIL_Liste_controles_2014_VD_20150604.csv,146,modalite_non_renseignee|pays_deduit
2014-878edf1d-1,2014,loi78,Loi 1978,non_renseignee,,Brother France,BROTHER FRANCE,Roissy,95,95,FR,,commerce,commerce,Commerce,19313b89__OpenCNIL_Liste_controles_2014_VD_20150604.csv,147,modalite_non_renseignee|pays_deduit
2014-450c6381-1,2014,loi78,Loi 1978,non_renseignee,,Priceminister,PRICEMINISTER,Paris,75,75,FR,,commerce,commerce,Commerce,19313b89__OpenCNIL_Liste_controles_2014_VD_20150604.csv,148,modalite_non_renseignee|pays_deduit
2014-32762729-1,2014,loi78,Loi 1978,non_renseignee,,Efficiency Network,EFFICIENCY NETWORK,Paris,75,75,FR,,commerce,commerce,Commerce,19313b89__OpenCNIL_Liste_controles_2014_VD_20150604.csv,149,modalite_non_renseignee|pays_deduit
2014-093fc2ec-1,2014,loi78,Loi 1978,non_renseignee,,Regie Communautaire d'Exploitation de Parcs de Stationnement,REGIE COMMUNAUTAIRE D EXPLOITATION DE PARCS DE STATIONNEMENT,Bordeaux,33,33,FR,,transports,transports,Transport,19313b89__OpenCNIL_Liste_controles_2014_VD_20150604.csv,150,modalite_non_renseignee|pays_deduit
2014-072c9fc2-1,2014,loi78,Loi 1978,non_renseignee,,Deret Transporteur,DERET TRANSPORTEUR,Saran,45,45,FR,,transports,transports,Transport,19313b89__OpenCNIL_Liste_controles_2014_VD_20150604.csv,151,modalite_non_renseignee|pays_deduit
2014-213fd7ec-1,2014,loi78,Loi 1978,non_renseignee,,Ray Pro Mailing,RAY PRO MAILING,Paris,75,75,FR,,commerce,commerce,Commerce,19313b89__OpenCNIL_Liste_controles_2014_VD_20150604.csv,152,modalite_non_renseignee|pays_deduit
2014-95b1cc0a-1,2014,loi78,Loi 1978,non_renseignee,,Courtanet,COURTANET,Paris,75,75,FR,,assurance,assurance,Assurance,19313b89__OpenCNIL_Liste_controles_2014_VD_20150604.csv,153,modalite_non_renseignee|pays_deduit
2014-77d3401b-1,2014,loi78,Loi 1978,non_renseignee,,Jf com,JF COM,Paris,75,75,FR,,commerce,commerce,Commerce,19313b89__OpenCNIL_Liste_controles_2014_VD_20150604.csv,154,modalite_non_renseignee|pays_deduit
2014-9019175f-1,2014,loi78,Loi 1978,non_renseignee,,Auchan France (Val Europe),AUCHAN FRANCE VAL EUROPE,Serris,77,77,FR,,commerce,commerce,Commerce,19313b89__OpenCNIL_Liste_controles_2014_VD_20150604.csv,155,modalite_non_renseignee|pays_deduit
2014-87d4629b-1,2014,loi78,Loi 1978,non_renseignee,,Cifa,CIFA,Auxerre,89,89,FR,,education_culture_sport,education_culture_sport,Education/culture/sport,19313b89__OpenCNIL_Liste_controles_2014_VD_20150604.csv,156,modalite_non_renseignee|pays_deduit
2014-3d68173f-1,2014,loi78,Loi 1978,non_renseignee,,Cottel Reseaux,COTTEL RESEAUX,Metz,57,57,FR,,commerce,commerce,Commerce,19313b89__OpenCNIL_Liste_controles_2014_VD_20150604.csv,157,modalite_non_renseignee|pays_deduit
2014-54b2f9dc-1,2014,loi78,Loi 1978,non_renseignee,,Sante Assistance,SANTE ASSISTANCE,Paris,75,75,FR,,sante_social,sante_social,Santé/ social,19313b89__OpenCNIL_Liste_controles_2014_VD_20150604.csv,158,modalite_non_renseignee|pays_deduit
2014-88081dd2-1,2014,loi78,Loi 1978,non_renseignee,,Societe Française du Tunnel Routier du Fréjus,SOCIETE FRANCAISE DU TUNNEL ROUTIER DU FREJUS,Modane,73,73,FR,,transports,transports,Transport,19313b89__OpenCNIL_Liste_controles_2014_VD_20150604.csv,159,modalite_non_renseignee|pays_deduit
2014-b5fa7987-1,2014,loi78,Loi 1978,non_renseignee,,Sarl Financière Lampe,SARL FINANCIERE LAMPE,Wambrechies,59,59,FR,,commerce,commerce,Commerce,19313b89__OpenCNIL_Liste_controles_2014_VD_20150604.csv,160,modalite_non_renseignee|pays_deduit
2014-df52a29f-1,2014,loi78,Loi 1978,non_renseignee,,Secuvad,SECUVAD,Nanterre,92,92,FR,,banque,banque,Banques-Finance,19313b89__OpenCNIL_Liste_controles_2014_VD_20150604.csv,161,modalite_non_renseignee|pays_deduit
2014-0c840f17-1,2014,loi78,Loi 1978,non_renseignee,,Europe 1 Telecompagnie,EUROPE 1 TELECOMPAGNIE,Paris,75,75,FR,,commerce,commerce,Commerce,19313b89__OpenCNIL_Liste_controles_2014_VD_20150604.csv,162,modalite_non_renseignee|pays_deduit
2014-5975bd01-1,2014,loi78,Loi 1978,non_renseignee,,3M France,3M FRANCE,Cergy,95,95,FR,,commerce,commerce,Commerce,19313b89__OpenCNIL_Liste_controles_2014_VD_20150604.csv,163,modalite_non_renseignee|pays_deduit
2014-8f399325-1,2014,loi78,Loi 1978,non_renseignee,,Areslaser,ARESLASER,Saint-Ouen L'Aumône,95,95,FR,,commerce,commerce,Commerce,19313b89__OpenCNIL_Liste_controles_2014_VD_20150604.csv,164,modalite_non_renseignee|pays_deduit
2014-c577a362-1,2014,loi78,Loi 1978,non_renseignee,,Attractive World,ATTRACTIVE WORLD,Paris,75,75,FR,,commerce,commerce,Commerce,19313b89__OpenCNIL_Liste_controles_2014_VD_20150604.csv,165,modalite_non_renseignee|pays_deduit
2014-c577a362-2,2014,loi78,Loi 1978,non_renseignee,,Attractive World,ATTRACTIVE WORLD,Paris,75,75,FR,,commerce,commerce,Commerce,19313b89__OpenCNIL_Liste_controles_2014_VD_20150604.csv,166,modalite_non_renseignee|pays_deduit|ligne_dupliquee
2014-a363c0c0-1,2014,loi78,Loi 1978,non_renseignee,,Expedia France,EXPEDIA FRANCE,Paris,75,75,FR,,commerce,commerce,Commerce,19313b89__OpenCNIL_Liste_controles_2014_VD_20150604.csv,167,modalite_non_renseignee|pays_deduit
2014-0ec989a8-1,2014,loi78,Loi 1978,non_renseignee,,Etoile Alsace Impression,ETOILE ALSACE IMPRESSION,Strasbourg,67,67,FR,,commerce,commerce,Commerce,19313b89__OpenCNIL_Liste_controles_2014_VD_20150604.csv,168,modalite_non_renseignee|pays_deduit
2014-64969106-1,2014,loi78,Loi 1978,non_renseignee,,Sapam Stasbourg,SAPAM STASBOURG,Strasbourg,67,67,FR,,commerce,commerce,Commerce,19313b89__OpenCNIL_Liste_controles_2014_VD_20150604.csv,169,modalite_non_renseignee|pays_deduit
2014-5a51770a-1,2014,loi78,Loi 1978,non_renseignee,,Strasbourg Evenements,STRASBOURG EVENEMENTS,Strasbourg,67,67,FR,,commerce,commerce,Commerce,19313b89__OpenCNIL_Liste_controles_2014_VD_20150604.csv,170,modalite_non_renseignee|pays_deduit
2014-ac44129a-1,2014,loi78,Loi 1978,non_renseignee,,Gestion et Transactions de France,GESTION ET TRANSACTIONS DE FRANCE,Paris,75,75,FR,,immobilier,immobilier,Immobilier,19313b89__OpenCNIL_Liste_controles_2014_VD_20150604.csv,171,modalite_non_renseignee|pays_deduit
2014-c54bcb41-1,2014,loi78,Loi 1978,non_renseignee,,Pjms,PJMS,Suresnes,92,92,FR,,commerce,commerce,Commerce,19313b89__OpenCNIL_Liste_controles_2014_VD_20150604.csv,172,modalite_non_renseignee|pays_deduit
2014-70bb2695-1,2014,loi78,Loi 1978,non_renseignee,,Européenne de Traitement de l'Information,EUROPEENNE DE TRAITEMENT DE L INFORMATION,Strasbourg,67,67,FR,,commerce,commerce,Commerce,19313b89__OpenCNIL_Liste_controles_2014_VD_20150604.csv,173,modalite_non_renseignee|pays_deduit
2014-1fdde2c4-1,2014,loi78,Loi 1978,non_renseignee,,Cecos,CECOS,Schiltigheim,67,67,FR,,commerce,commerce,Commerce,19313b89__OpenCNIL_Liste_controles_2014_VD_20150604.csv,174,modalite_non_renseignee|pays_deduit
2014-fdd124f1-1,2014,loi78,Loi 1978,non_renseignee,,Viadeo,VIADEO,Paris,75,75,FR,,commerce,commerce,Commerce,19313b89__OpenCNIL_Liste_controles_2014_VD_20150604.csv,175,modalite_non_renseignee|pays_deduit
2014-430f3c56-1,2014,loi78,Loi 1978,non_renseignee,,Adopteunmec,ADOPTEUNMEC,Paris,75,75,FR,,commerce,commerce,Commerce,19313b89__OpenCNIL_Liste_controles_2014_VD_20150604.csv,176,modalite_non_renseignee|pays_deduit
2014-430f3c56-2,2014,loi78,Loi 1978,non_renseignee,,Adopteunmec,ADOPTEUNMEC,Paris,75,75,FR,,commerce,commerce,Commerce,19313b89__OpenCNIL_Liste_controles_2014_VD_20150604.csv,177,modalite_non_renseignee|pays_deduit|ligne_dupliquee
2014-6f8c6f0b-1,2014,loi78,Loi 1978,non_renseignee,,Amnesty International France,AMNESTY INTERNATIONAL FRANCE,Paris,75,75,FR,,sante_social,sante_social,Santé/ social,19313b89__OpenCNIL_Liste_controles_2014_VD_20150604.csv,178,modalite_non_renseignee|pays_deduit
2014-6f8c6f0b-2,2014,loi78,Loi 1978,non_renseignee,,Amnesty International France,AMNESTY INTERNATIONAL FRANCE,Paris,75,75,FR,,sante_social,sante_social,Santé/ social,19313b89__OpenCNIL_Liste_controles_2014_VD_20150604.csv,179,modalite_non_renseignee|pays_deduit|ligne_dupliquee
2014-39995cf8-1,2014,loi78,Loi 1978,non_renseignee,,Monoprix Exploitation,MONOPRIX EXPLOITATION,Clichy,92,92,FR,,commerce,commerce,Commerce,19313b89__OpenCNIL_Liste_controles_2014_VD_20150604.csv,180,modalite_non_renseignee|pays_deduit
2014-5b93532d-1,2014,loi78,Loi 1978,non_renseignee,,Clichy Distribution,CLICHY DISTRIBUTION,Clichy,92,92,FR,,commerce,commerce,Commerce,19313b89__OpenCNIL_Liste_controles_2014_VD_20150604.csv,181,modalite_non_renseignee|pays_deduit
2014-7322ae7e-1,2014,loi78,Loi 1978,non_renseignee,,3 H (Hotel Ecole centrale),3 H HOTEL ECOLE CENTRALE,Paris,75,75,FR,,commerce,commerce,Commerce,19313b89__OpenCNIL_Liste_controles_2014_VD_20150604.csv,182,modalite_non_renseignee|organisme_multiligne|pays_deduit
2014-888a2d2f-1,2014,loi78,Loi 1978,non_renseignee,,S.A. Guy Casset,S A GUY CASSET,Les Echelles,73,73,FR,,transports,transports,Transport,19313b89__OpenCNIL_Liste_controles_2014_VD_20150604.csv,184,modalite_non_renseignee|pays_deduit
2014-69752e97-1,2014,loi78,Loi 1978,non_renseignee,,Optical Center,OPTICAL CENTER,Paris,75,75,FR,,commerce,commerce,Commerce,19313b89__OpenCNIL_Liste_controles_2014_VD_20150604.csv,185,modalite_non_renseignee|pays_deduit
2014-40306470-1,2014,loi78,Loi 1978,non_renseignee,,Commune de la Madeleine,COMMUNE DE LA MADELEINE,La Madeleine,59,59,FR,,collectivites_territoriales,collectivites_territoriales,Collectivités locales,19313b89__OpenCNIL_Liste_controles_2014_VD_20150604.csv,186,modalite_non_renseignee|pays_deduit
2014-1f41d7f0-1,2014,loi78,Loi 1978,non_renseignee,,Royale Deco,ROYALE DECO,Bezons,95,95,FR,,commerce,commerce,Commerce,19313b89__OpenCNIL_Liste_controles_2014_VD_20150604.csv,187,modalite_non_renseignee|pays_deduit
2014-55b4cde3-1,2014,loi78,Loi 1978,non_renseignee,,Agence Financière de L'Or,AGENCE FINANCIERE DE L OR,Paris,75,75,FR,,commerce,commerce,Commerce,19313b89__OpenCNIL_Liste_controles_2014_VD_20150604.csv,190,modalite_non_renseignee|pays_deduit
2014-947f6c4c-1,2014,loi78,Loi 1978,non_renseignee,,Solution Soudure,SOLUTION SOUDURE,Paris,75,75,FR,,commerce,commerce,Commerce,19313b89__OpenCNIL_Liste_controles_2014_VD_20150604.csv,191,modalite_non_renseignee|pays_deduit
2014-a9c60fdc-1,2014,loi78,Loi 1978,non_renseignee,,People and Tech,PEOPLE AND TECH,Clamart,92,92,FR,,commerce,commerce,Commerce,19313b89__OpenCNIL_Liste_controles_2014_VD_20150604.csv,192,modalite_non_renseignee|pays_deduit
2014-a9c60fdc-2,2014,loi78,Loi 1978,non_renseignee,,People and Tech,PEOPLE AND TECH,Clamart,92,92,FR,,commerce,commerce,Commerce,19313b89__OpenCNIL_Liste_controles_2014_VD_20150604.csv,193,modalite_non_renseignee|pays_deduit|ligne_dupliquee
2014-1deed448-1,2014,loi78,Loi 1978,non_renseignee,,Dream Cash,DREAM CASH,Saint-Denis,93,93,FR,,commerce,commerce,Commerce,19313b89__OpenCNIL_Liste_controles_2014_VD_20150604.csv,194,modalite_non_renseignee|pays_deduit
2014-887ca860-1,2014,loi78,Loi 1978,non_renseignee,,La Poste,LA POSTE,La Roche-sur-Yon,85,85,FR,,commerce,commerce,Commerce,19313b89__OpenCNIL_Liste_controles_2014_VD_20150604.csv,195,modalite_non_renseignee|pays_deduit
2014-2c1def37-1,2014,loi78,Loi 1978,non_renseignee,,La Poste,LA POSTE,Avignon,84,84,FR,,commerce,commerce,Commerce,19313b89__OpenCNIL_Liste_controles_2014_VD_20150604.csv,196,modalite_non_renseignee|pays_deduit
2014-b8822077-1,2014,loi78,Loi 1978,non_renseignee,,Gie du Centre commercial Italie 2,GIE DU CENTRE COMMERCIAL ITALIE 2,Paris,75,75,FR,,commerce,commerce,Commerce,19313b89__OpenCNIL_Liste_controles_2014_VD_20150604.csv,197,modalite_non_renseignee|pays_deduit
2014-baaf9e72-1,2014,loi78,Loi 1978,non_renseignee,,Le Froid Vendeen,LE FROID VENDEEN,Venansault,85,85,FR,,commerce,commerce,Commerce,19313b89__OpenCNIL_Liste_controles_2014_VD_20150604.csv,198,modalite_non_renseignee|pays_deduit
2014-6fceea39-1,2014,loi78,Loi 1978,non_renseignee,,R2J Company,R2J COMPANY,Paris,75,75,FR,,commerce,commerce,Commerce,19313b89__OpenCNIL_Liste_controles_2014_VD_20150604.csv,199,modalite_non_renseignee|pays_deduit
2014-78078b3a-1,2014,loi78,Loi 1978,non_renseignee,,R2J Company - Audition,R2J COMPANY AUDITION,Paris,75,75,FR,,commerce,commerce,Commerce,19313b89__OpenCNIL_Liste_controles_2014_VD_20150604.csv,200,modalite_non_renseignee|pays_deduit
2014-6a9e96a3-1,2014,loi78,Loi 1978,non_renseignee,,Mutualite Française Nord,MUTUALITE FRANCAISE NORD,Lille,59,59,FR,,sante_social,sante_social,Santé/ social,19313b89__OpenCNIL_Liste_controles_2014_VD_20150604.csv,201,modalite_non_renseignee|pays_deduit
2014-68906c68-1,2014,loi78,Loi 1978,non_renseignee,,Mutualite Française Nord,MUTUALITE FRANCAISE NORD,Flers-en-Escrebieux,59,59,FR,,sante_social,sante_social,Santé/ social,19313b89__OpenCNIL_Liste_controles_2014_VD_20150604.csv,202,modalite_non_renseignee|pays_deduit
2014-24885674-1,2014,loi78,Loi 1978,non_renseignee,,Elysees Consult,ELYSEES CONSULT,Paris,75,75,FR,,commerce,commerce,Commerce,19313b89__OpenCNIL_Liste_controles_2014_VD_20150604.csv,203,modalite_non_renseignee|pays_deduit
2014-73a57412-1,2014,loi78,Loi 1978,non_renseignee,,diet avenue.com Eol groupe Eldorado) Audition,DIET AVENUE COM EOL GROUPE ELDORADO AUDITION,Paris,75,75,FR,,commerce,commerce,Commerce,19313b89__OpenCNIL_Liste_controles_2014_VD_20150604.csv,204,modalite_non_renseignee|organisme_multiligne|pays_deduit
2014-f34406b1-1,2014,loi78,Loi 1978,non_renseignee,,Boulangerie Paul,BOULANGERIE PAUL,Marcq-en-Baroeul,59,59,FR,,commerce,commerce,Commerce,19313b89__OpenCNIL_Liste_controles_2014_VD_20150604.csv,206,modalite_non_renseignee|pays_deduit
2014-f34406b1-2,2014,loi78,Loi 1978,non_renseignee,,Boulangerie Paul,BOULANGERIE PAUL,Marcq-en-Baroeul,59,59,FR,,commerce,commerce,Commerce,19313b89__OpenCNIL_Liste_controles_2014_VD_20150604.csv,207,modalite_non_renseignee|pays_deduit|ligne_dupliquee
2014-dbb0edf3-1,2014,loi78,Loi 1978,non_renseignee,,Auchan France,AUCHAN FRANCE,Villeneuve-d'Ascq,59,59,FR,,commerce,commerce,Commerce,19313b89__OpenCNIL_Liste_controles_2014_VD_20150604.csv,208,modalite_non_renseignee|pays_deduit
2014-1c027137-1,2014,loi78,Loi 1978,non_renseignee,,Caisse Primaire d'Assurance Maladie de Haute-Garonne,CAISSE PRIMAIRE D ASSURANCE MALADIE DE HAUTE GARONNE,Toulouse,31,31,FR,,sante_social,sante_social,Santé/ social,19313b89__OpenCNIL_Liste_controles_2014_VD_20150604.csv,209,modalite_non_renseignee|pays_deduit
2014-b9900af8-1,2014,loi78,Loi 1978,non_renseignee,,Stars Music Tweeter,STARS MUSIC TWEETER,Lille,59,59,FR,,commerce,commerce,Commerce,19313b89__OpenCNIL_Liste_controles_2014_VD_20150604.csv,210,modalite_non_renseignee|pays_deduit
2014-f9d8d936-1,2014,loi78,Loi 1978,non_renseignee,,Integral,INTEGRAL,Toulouse,31,31,FR,,commerce,commerce,Commerce,19313b89__OpenCNIL_Liste_controles_2014_VD_20150604.csv,211,modalite_non_renseignee|pays_deduit
2014-958affa2-1,2014,loi78,Loi 1978,non_renseignee,,Commune de Vennelles,COMMUNE DE VENNELLES,Vennelles,31,31,FR,,collectivites_territoriales,collectivites_territoriales,Collectivités locales,19313b89__OpenCNIL_Liste_controles_2014_VD_20150604.csv,212,modalite_non_renseignee|pays_deduit
2014-3f437707-1,2014,loi78,Loi 1978,non_renseignee,,Commune de l'Isle sur la Sorgue,COMMUNE DE L ISLE SUR LA SORGUE,Isle sur la sorgue,84,84,FR,,collectivites_territoriales,collectivites_territoriales,Collectivités locales,19313b89__OpenCNIL_Liste_controles_2014_VD_20150604.csv,213,modalite_non_renseignee|pays_deduit
2014-5d1bbff7-1,2014,loi78,Loi 1978,non_renseignee,,Sarl Morgane,SARL MORGANE,Toulouse,31,31,FR,,commerce,commerce,Commerce,19313b89__OpenCNIL_Liste_controles_2014_VD_20150604.csv,214,modalite_non_renseignee|pays_deduit
2014-6b04f3a0-1,2014,loi78,Loi 1978,non_renseignee,,Olympique de Marseille,OLYMPIQUE DE MARSEILLE,Marseille,13,13,FR,,education_culture_sport,education_culture_sport,Education/culture/sport,19313b89__OpenCNIL_Liste_controles_2014_VD_20150604.csv,215,modalite_non_renseignee|pays_deduit
2014-343058f3-1,2014,loi78,Loi 1978,non_renseignee,,Grand casino de Lyon,GRAND CASINO DE LYON,Lyon,69,69,FR,,commerce,commerce,Commerce,19313b89__OpenCNIL_Liste_controles_2014_VD_20150604.csv,216,modalite_non_renseignee|pays_deduit
2014-5ee1b1ef-1,2014,loi78,Loi 1978,non_renseignee,,Commune de Corbeil-Essonnes,COMMUNE DE CORBEIL ESSONNES,Essonnes,91,91,FR,,collectivites_territoriales,collectivites_territoriales,Collectivités locales,19313b89__OpenCNIL_Liste_controles_2014_VD_20150604.csv,217,modalite_non_renseignee|pays_deduit
2014-bfe66d32-1,2014,loi78,Loi 1978,non_renseignee,,Caisse d'Epargne et de Prévoyance de Rhône-Alpes,CAISSE D EPARGNE ET DE PREVOYANCE DE RHONE ALPES,Luyon,69,69,FR,,banque,banque,Banques-Finance,19313b89__OpenCNIL_Liste_controles_2014_VD_20150604.csv,218,modalite_non_renseignee|pays_deduit
2014-13534efd-1,2014,loi78,Loi 1978,non_renseignee,,Entrepôt Pétrolier de Lyon,ENTREPOT PETROLIER DE LYON,Lyon,69,69,FR,,commerce,commerce,Commerce,19313b89__OpenCNIL_Liste_controles_2014_VD_20150604.csv,219,modalite_non_renseignee|pays_deduit
2014-203ab037-1,2014,loi78,Loi 1978,non_renseignee,,Santé Mutuelle Service,SANTE MUTUELLE SERVICE,Rillieux-la-rapée,69,69,FR,,assurance,assurance,Assurance,19313b89__OpenCNIL_Liste_controles_2014_VD_20150604.csv,220,modalite_non_renseignee|pays_deduit
2014-59a73aac-1,2014,loi78,Loi 1978,non_renseignee,,Ministère de l'Intérieur et du Ministère des Affaires Etrangères sous-direction des visas,MINISTERE DE L INTERIEUR ET DU MINISTERE DES AFFAIRES ETRANGERES SOUS DIRECTION DES VISAS,Nantes,44,44,FR,,police_justice_securite,etat_regalien,Police/ justice/ sécurité,19313b89__OpenCNIL_Liste_controles_2014_VD_20150604.csv,221,modalite_non_renseignee|organisme_multiligne|pays_deduit
2014-ec61aca1-1,2014,loi78,Loi 1978,non_renseignee,,Police Nationale et la Police Municipale de RIS ORANGIS,POLICE NATIONALE ET LA POLICE MUNICIPALE DE RIS ORANGIS,Ris Orangis,91,91,FR,,collectivites_territoriales,collectivites_territoriales,Collectivités locales,19313b89__OpenCNIL_Liste_controles_2014_VD_20150604.csv,223,modalite_non_renseignee|pays_deduit
2014-4a5e22c4-1,2014,loi78,Loi 1978,non_renseignee,,Haras de la Cense,HARAS DE LA CENSE,Yvelines,78,78,FR,,education_culture_sport,education_culture_sport,Education/culture/sport,19313b89__OpenCNIL_Liste_controles_2014_VD_20150604.csv,224,modalite_non_renseignee|pays_deduit
2014-b402437b-1,2014,loi78,Loi 1978,non_renseignee,,Sodiam,SODIAM,Amiens,80,80,FR,,commerce,commerce,Commerce,19313b89__OpenCNIL_Liste_controles_2014_VD_20150604.csv,226,modalite_non_renseignee|pays_deduit
2014-204f3cd9-1,2014,loi78,Loi 1978,non_renseignee,,Bnp Paribas,BNP PARIBAS,Montreuil,93,93,FR,,banque,banque,Banques-Finance,19313b89__OpenCNIL_Liste_controles_2014_VD_20150604.csv,227,modalite_non_renseignee|pays_deduit
2014-1138ae9c-1,2014,loi78,Loi 1978,non_renseignee,,Stade Rennais Football Club,STADE RENNAIS FOOTBALL CLUB,Rennes,35,35,FR,,education_culture_sport,education_culture_sport,Education/culture/sport,19313b89__OpenCNIL_Liste_controles_2014_VD_20150604.csv,228,modalite_non_renseignee|pays_deduit
2014-e2810223-1,2014,loi78,Loi 1978,non_renseignee,,Stade Malherbe Caen-Calvados-Basse Normandie,STADE MALHERBE CAEN CALVADOS BASSE NORMANDIE,Caen,14,14,FR,,education_culture_sport,education_culture_sport,Education/culture/sport,19313b89__OpenCNIL_Liste_controles_2014_VD_20150604.csv,229,modalite_non_renseignee|pays_deduit
2014-f2dc064b-1,2014,loi78,Loi 1978,non_renseignee,,Mondocteur,MONDOCTEUR,Levallois-Perret,92,92,FR,,sante_social,sante_social,Santé/ social,19313b89__OpenCNIL_Liste_controles_2014_VD_20150604.csv,230,modalite_non_renseignee|pays_deduit
2014-20e569af-1,2014,loi78,Loi 1978,non_renseignee,,Thebluepill,THEBLUEPILL,Paris,75,75,FR,,commerce,commerce,Commerce,19313b89__OpenCNIL_Liste_controles_2014_VD_20150604.csv,231,modalite_non_renseignee|pays_deduit
2014-121443ef-1,2014,loi78,Loi 1978,non_renseignee,,Super Jean Nicot,SUPER JEAN NICOT,Paris,75,75,FR,,commerce,commerce,Commerce,19313b89__OpenCNIL_Liste_controles_2014_VD_20150604.csv,232,modalite_non_renseignee|pays_deduit
2014-39d20ee9-1,2014,loi78,Loi 1978,non_renseignee,,Odyssey Messaging,ODYSSEY MESSAGING,Paris,75,75,FR,,commerce,commerce,Commerce,19313b89__OpenCNIL_Liste_controles_2014_VD_20150604.csv,233,modalite_non_renseignee|pays_deduit
2014-1b5841e5-1,2014,loi78,Loi 1978,non_renseignee,,Racing Club de Lens,RACING CLUB DE LENS,Lens,62,62,FR,,education_culture_sport,education_culture_sport,Education/culture/sport,19313b89__OpenCNIL_Liste_controles_2014_VD_20150604.csv,234,modalite_non_renseignee|pays_deduit
2014-d5f8af37-1,2014,loi78,Loi 1978,non_renseignee,,Sasp Angers Sco Football,SASP ANGERS SCO FOOTBALL,Angers,49,49,FR,,education_culture_sport,education_culture_sport,Education/culture/sport,19313b89__OpenCNIL_Liste_controles_2014_VD_20150604.csv,235,modalite_non_renseignee|pays_deduit
2014-f09edae6-1,2014,loi78,Loi 1978,non_renseignee,,Chamois Niortais Football Club,CHAMOIS NIORTAIS FOOTBALL CLUB,Niort,79,79,FR,,education_culture_sport,education_culture_sport,Education/culture/sport,19313b89__OpenCNIL_Liste_controles_2014_VD_20150604.csv,236,modalite_non_renseignee|pays_deduit
2014-4f74e565-1,2014,loi78,Loi 1978,non_renseignee,,FC Rouen,FC ROUEN,Rouen,76,76,FR,,education_culture_sport,education_culture_sport,Education/culture/sport,19313b89__OpenCNIL_Liste_controles_2014_VD_20150604.csv,237,modalite_non_renseignee|pays_deduit
2014-b89544b5-1,2014,loi78,Loi 1978,non_renseignee,,Sasp Evian Thonon Gaillard Football Club,SASP EVIAN THONON GAILLARD FOOTBALL CLUB,Thonon-les-Bains,74,74,FR,,education_culture_sport,education_culture_sport,Education/culture/sport,19313b89__OpenCNIL_Liste_controles_2014_VD_20150604.csv,238,modalite_non_renseignee|pays_deduit
2014-0923568d-1,2014,loi78,Loi 1978,non_renseignee,,Sasp Football Club de Metz,SASP FOOTBALL CLUB DE METZ,Metz,57,57,FR,,education_culture_sport,education_culture_sport,Education/culture/sport,19313b89__OpenCNIL_Liste_controles_2014_VD_20150604.csv,242,modalite_non_renseignee|pays_deduit
2014-c76275d6-1,2014,loi78,Loi 1978,non_renseignee,,FC Nantes,FC NANTES,La Chapelle-sur-Erdre,44,44,FR,,education_culture_sport,education_culture_sport,Education/culture/sport,19313b89__OpenCNIL_Liste_controles_2014_VD_20150604.csv,243,modalite_non_renseignee|pays_deduit
2014-765f6b26-1,2014,loi78,Loi 1978,non_renseignee,,Lequipe.fr,LEQUIPE FR,Boulogne-Billancourt,92,92,FR,,education_culture_sport,education_culture_sport,Education/culture/sport,19313b89__OpenCNIL_Liste_controles_2014_VD_20150604.csv,244,modalite_non_renseignee|pays_deduit
2014-03ed5abb-1,2014,loi78,Loi 1978,non_renseignee,,GFC Ajaccio,GFC AJACCIO,Mezzavia,20,20,FR,,education_culture_sport,education_culture_sport,Education/culture/sport,19313b89__OpenCNIL_Liste_controles_2014_VD_20150604.csv,245,modalite_non_renseignee|departement_a_preciser|pays_deduit
2014-aa0581d0-1,2014,loi78,Loi 1978,non_renseignee,,Le Mans Football Club,LE MANS FOOTBALL CLUB,Le Mans,72,72,FR,,education_culture_sport,education_culture_sport,Education/culture/sport,19313b89__OpenCNIL_Liste_controles_2014_VD_20150604.csv,246,modalite_non_renseignee|pays_deduit
2014-169f2ea9-1,2014,loi78,Loi 1978,non_renseignee,,Racing Club de Strasbourg Alsace,RACING CLUB DE STRASBOURG ALSACE,Strasbourg,67,67,FR,,education_culture_sport,education_culture_sport,Education/culture/sport,19313b89__OpenCNIL_Liste_controles_2014_VD_20150604.csv,247,modalite_non_renseignee|pays_deduit
2014-47465cde-1,2014,loi78,Loi 1978,non_renseignee,,Rodez Aveyron Football,RODEZ AVEYRON FOOTBALL,Onet Le Château,12,12,FR,,education_culture_sport,education_culture_sport,Education/culture/sport,19313b89__OpenCNIL_Liste_controles_2014_VD_20150604.csv,248,modalite_non_renseignee|pays_deduit
2014-0e2b8ade-1,2014,loi78,Loi 1978,non_renseignee,,Stade Brestois 29,STADE BRESTOIS 29,Brest,29,29,FR,,education_culture_sport,education_culture_sport,Education/culture/sport,19313b89__OpenCNIL_Liste_controles_2014_VD_20150604.csv,249,modalite_non_renseignee|pays_deduit
2014-f9f99638-1,2014,loi78,Loi 1978,non_renseignee,,Tours Football Club Association,TOURS FOOTBALL CLUB ASSOCIATION,Tours,37,37,FR,,education_culture_sport,education_culture_sport,Education/culture/sport,19313b89__OpenCNIL_Liste_controles_2014_VD_20150604.csv,250,modalite_non_renseignee|pays_deduit
2014-3cac5b45-1,2014,loi78,Loi 1978,non_renseignee,,Union Sportive Boulogne Cote d'Opale,UNION SPORTIVE BOULOGNE COTE D OPALE,Boulogne-sur-Mer,62,62,FR,,education_culture_sport,education_culture_sport,Education/culture/sport,19313b89__OpenCNIL_Liste_controles_2014_VD_20150604.csv,251,modalite_non_renseignee|pays_deduit
2014-691b1e4a-1,2014,loi78,Loi 1978,non_renseignee,,Sasp Toulouse Football Club,SASP TOULOUSE FOOTBALL CLUB,Toulouse,31,31,FR,,education_culture_sport,education_culture_sport,Education/culture/sport,19313b89__OpenCNIL_Liste_controles_2014_VD_20150604.csv,252,modalite_non_renseignee|pays_deduit
2014-aff2f64a-1,2014,loi78,Loi 1978,non_renseignee,,Sasp Vafc,SASP VAFC,Valenciennes,59,59,FR,,education_culture_sport,education_culture_sport,Education/culture/sport,19313b89__OpenCNIL_Liste_controles_2014_VD_20150604.csv,253,modalite_non_renseignee|pays_deduit
2014-3215d1da-1,2014,loi78,Loi 1978,non_renseignee,,Vannes Olympic Club,VANNES OLYMPIC CLUB,Theix,56,56,FR,,education_culture_sport,education_culture_sport,Education/culture/sport,19313b89__OpenCNIL_Liste_controles_2014_VD_20150604.csv,254,modalite_non_renseignee|pays_deduit
2014-59392e32-1,2014,loi78,Loi 1978,non_renseignee,,Clermont Foot 63 - Stade Gabriel-Montpied,CLERMONT FOOT 63 STADE GABRIEL MONTPIED,Clermont-Ferrand,63,63,FR,,education_culture_sport,education_culture_sport,Education/culture/sport,19313b89__OpenCNIL_Liste_controles_2014_VD_20150604.csv,255,modalite_non_renseignee|pays_deduit
2014-6ce81c5e-1,2014,loi78,Loi 1978,non_renseignee,,Football Club des Girondins de Bordeaux,FOOTBALL CLUB DES GIRONDINS DE BORDEAUX,Bordeaux,33,33,FR,,education_culture_sport,education_culture_sport,Education/culture/sport,19313b89__OpenCNIL_Liste_controles_2014_VD_20150604.csv,256,modalite_non_renseignee|pays_deduit
2014-e976331b-1,2014,loi78,Loi 1978,non_renseignee,,Auchan France,AUCHAN FRANCE,Faches-Thumesnil,59,59,FR,,commerce,commerce,Commerce,19313b89__OpenCNIL_Liste_controles_2014_VD_20150604.csv,257,modalite_non_renseignee|pays_deduit
2014-1674c051-1,2014,loi78,Loi 1978,non_renseignee,,Carrefour Hypermarches,CARREFOUR HYPERMARCHES,Wasquehal,59,59,FR,,commerce,commerce,Commerce,19313b89__OpenCNIL_Liste_controles_2014_VD_20150604.csv,258,modalite_non_renseignee|pays_deduit
2014-47de2477-1,2014,loi78,Loi 1978,non_renseignee,,Carrefour Hypermarches - Cie Ibm France,CARREFOUR HYPERMARCHES CIE IBM FRANCE,Montpellier,34,34,FR,,commerce,commerce,Commerce,19313b89__OpenCNIL_Liste_controles_2014_VD_20150604.csv,259,modalite_non_renseignee|organisme_multiligne|pays_deduit
2014-ab066f49-1,2014,loi78,Loi 1978,non_renseignee,,www.celibest.com; celibnord.com;celibouest.com;celibParis.com;celibLyon.com;celibsud.com;celibsudouest.com,WWW CELIBEST COM CELIBNORD COM CELIBOUEST COM CELIBPARIS COM CELIBLYON COM CELIBSUD COM CELIBSUDOUEST COM,Paris,75,75,FR,,commerce,commerce,Commerce,19313b89__OpenCNIL_Liste_controles_2014_VD_20150604.csv,261,modalite_non_renseignee|pays_deduit
2014-264eda16-1,2014,loi78,Loi 1978,non_renseignee,,Celsius Online - Paris (75),CELSIUS ONLINE PARIS 75,Paris,75,75,FR,,commerce,commerce,Commerce,19313b89__OpenCNIL_Liste_controles_2014_VD_20150604.csv,262,modalite_non_renseignee|organisme_multiligne|pays_deduit
2014-b2602135-1,2014,loi78,Loi 1978,non_renseignee,,Ness Interactive (Site Feujworld),NESS INTERACTIVE SITE FEUJWORLD,Paris,75,75,FR,,commerce,commerce,Commerce,19313b89__OpenCNIL_Liste_controles_2014_VD_20150604.csv,264,modalite_non_renseignee|pays_deduit
2014-ec729a74-1,2014,loi78,Loi 1978,non_renseignee,,Super Dominique (G20),SUPER DOMINIQUE G20,Paris,75,75,FR,,commerce,commerce,Commerce,19313b89__OpenCNIL_Liste_controles_2014_VD_20150604.csv,265,modalite_non_renseignee|pays_deduit
2014-accdacdd-1,2014,loi78,Loi 1978,non_renseignee,,Mutuelle Entrain,MUTUELLE ENTRAIN,Marseille,13,13,FR,,assurance,assurance,Assurance,19313b89__OpenCNIL_Liste_controles_2014_VD_20150604.csv,266,modalite_non_renseignee|pays_deduit
2014-97dc1ec2-1,2014,loi78,Loi 1978,non_renseignee,,Association Contribuables associés,ASSOCIATION CONTRIBUABLES ASSOCIES,Paris,75,75,FR,,commerce,commerce,Commerce,19313b89__OpenCNIL_Liste_controles_2014_VD_20150604.csv,267,modalite_non_renseignee|pays_deduit
2014-4cdfaf1d-1,2014,loi78,Loi 1978,non_renseignee,,Videdressing,VIDEDRESSING,Paris,75,75,FR,,commerce,commerce,Commerce,19313b89__OpenCNIL_Liste_controles_2014_VD_20150604.csv,268,modalite_non_renseignee|pays_deduit
2014-9c45625d-1,2014,loi78,Loi 1978,non_renseignee,,Rue du Commerce,RUE DU COMMERCE,Saint-Ouen,93,93,FR,,commerce,commerce,Commerce,19313b89__OpenCNIL_Liste_controles_2014_VD_20150604.csv,269,modalite_non_renseignee|pays_deduit
2014-011fa497-1,2014,loi78,Loi 1978,non_renseignee,,Paris Saint-Germain Football,PARIS SAINT GERMAIN FOOTBALL,Paris,75,75,FR,,education_culture_sport,education_culture_sport,Education/culture/sport,19313b89__OpenCNIL_Liste_controles_2014_VD_20150604.csv,270,modalite_non_renseignee|pays_deduit
2014-5720fd2f-1,2014,loi78,Loi 1978,non_renseignee,,Paris Saint-Germain Football,PARIS SAINT GERMAIN FOOTBALL,Boulogne-Billancourt,92,92,FR,,education_culture_sport,education_culture_sport,Education/culture/sport,19313b89__OpenCNIL_Liste_controles_2014_VD_20150604.csv,271,modalite_non_renseignee|pays_deduit
2014-d1733549-1,2014,loi78,Loi 1978,non_renseignee,,Accor,ACCOR,Paris,75,75,FR,,commerce,commerce,Commerce,19313b89__OpenCNIL_Liste_controles_2014_VD_20150604.csv,272,modalite_non_renseignee|pays_deduit
2014-58e8d9d9-1,2014,loi78,Loi 1978,non_renseignee,,www.easyflirt.com,WWW EASYFLIRT COM,Metz-Tessy,74,74,FR,,commerce,commerce,Commerce,19313b89__OpenCNIL_Liste_controles_2014_VD_20150604.csv,273,modalite_non_renseignee|pays_deduit
2014-51956067-1,2014,loi78,Loi 1978,non_renseignee,,www.rencontre-obsese.com,WWW RENCONTRE OBSESE COM,Metz-Tessy,74,74,FR,,commerce,commerce,Commerce,19313b89__OpenCNIL_Liste_controles_2014_VD_20150604.csv,275,modalite_non_renseignee|pays_deduit
2014-44eb59cc-1,2014,loi78,Loi 1978,non_renseignee,,www.destidyll.com,WWW DESTIDYLL COM,Metz-Tessy,74,74,FR,,commerce,commerce,Commerce,19313b89__OpenCNIL_Liste_controles_2014_VD_20150604.csv,277,modalite_non_renseignee|pays_deduit
2014-23e05783-1,2014,loi78,Loi 1978,non_renseignee,,www.forcegay.com,WWW FORCEGAY COM,Metz-Tessy,74,74,FR,,commerce,commerce,Commerce,19313b89__OpenCNIL_Liste_controles_2014_VD_20150604.csv,279,modalite_non_renseignee|pays_deduit
2014-9b998ccf-1,2014,loi78,Loi 1978,non_renseignee,,2L Multimedia,2L MULTIMEDIA,Metz-Tessy,75,75,FR,,commerce,commerce,Commerce,19313b89__OpenCNIL_Liste_controles_2014_VD_20150604.csv,281,modalite_non_renseignee|pays_deduit
2014-deb10759-1,2014,loi78,Loi 1978,non_renseignee,,Phoenix Corp,PHOENIX CORP,Annecy,74,74,FR,,commerce,commerce,Commerce,19313b89__OpenCNIL_Liste_controles_2014_VD_20150604.csv,284,modalite_non_renseignee|pays_deduit
2014-745c36a1-1,2014,loi78,Loi 1978,non_renseignee,,www.chetien-rencontre.com,WWW CHETIEN RENCONTRE COM,Annecy,74,74,FR,,commerce,commerce,Commerce,19313b89__OpenCNIL_Liste_controles_2014_VD_20150604.csv,287,modalite_non_renseignee|pays_deduit
2014-ea96c70c-1,2014,loi78,Loi 1978,non_renseignee,,www.marmitelove.com,WWW MARMITELOVE COM,Annecy,74,74,FR,,commerce,commerce,Commerce,19313b89__OpenCNIL_Liste_controles_2014_VD_20150604.csv,289,modalite_non_renseignee|pays_deduit
2014-61cbe396-1,2014,loi78,Loi 1978,non_renseignee,,www.gauche-rencontre.com,WWW GAUCHE RENCONTRE COM,Annecy,74,74,FR,,commerce,commerce,Commerce,19313b89__OpenCNIL_Liste_controles_2014_VD_20150604.csv,291,modalite_non_renseignee|pays_deduit
2014-352e84a0-1,2014,loi78,Loi 1978,non_renseignee,,www.droite-rencontre.com,WWW DROITE RENCONTRE COM,Annecy,74,74,FR,,commerce,commerce,Commerce,19313b89__OpenCNIL_Liste_controles_2014_VD_20150604.csv,293,modalite_non_renseignee|pays_deduit
2014-d81a4806-1,2014,loi78,Loi 1978,non_renseignee,,La Mutuelle des Etudiants,LA MUTUELLE DES ETUDIANTS,Ivry-sur-Seine,94,94,FR,,assurance,assurance,Assurance,19313b89__OpenCNIL_Liste_controles_2014_VD_20150604.csv,295,modalite_non_renseignee|pays_deduit
2014-d81a4806-2,2014,loi78,Loi 1978,non_renseignee,,La Mutuelle des Etudiants,LA MUTUELLE DES ETUDIANTS,Ivry-sur-Seine,94,94,FR,,assurance,assurance,Assurance,19313b89__OpenCNIL_Liste_controles_2014_VD_20150604.csv,296,modalite_non_renseignee|pays_deduit|ligne_dupliquee
2014-1c512917-1,2014,loi78,Loi 1978,non_renseignee,,Ministère de la Justice - FIJAIS,MINISTERE DE LA JUSTICE FIJAIS,Nantes,44,44,FR,,police_justice_securite,etat_regalien,Police/ justice/ sécurité,19313b89__OpenCNIL_Liste_controles_2014_VD_20150604.csv,297,modalite_non_renseignee|pays_deduit
2014-11b248d9-1,2014,loi78,Loi 1978,non_renseignee,,Groupe EDH SAS,GROUPE EDH SAS,Paris,75,75,FR,,education_culture_sport,education_culture_sport,Education/culture/sport,19313b89__OpenCNIL_Liste_controles_2014_VD_20150604.csv,298,modalite_non_renseignee|pays_deduit
2014-c5974c7a-1,2014,loi78,Loi 1978,non_renseignee,,Audition Monsieur B…,AUDITION MONSIEUR B,Paris,75,75,FR,,commerce,commerce,Commerce,19313b89__OpenCNIL_Liste_controles_2014_VD_20150604.csv,299,modalite_non_renseignee|pays_deduit
2014-7d9b37d4-1,2014,loi78,Loi 1978,non_renseignee,,Audition Monsieur M…,AUDITION MONSIEUR M,Paris,75,75,FR,,commerce,commerce,Commerce,19313b89__OpenCNIL_Liste_controles_2014_VD_20150604.csv,300,modalite_non_renseignee|pays_deduit
2014-d942c3d7-1,2014,loi78,Loi 1978,non_renseignee,,Fédération des Mutuelles de France,FEDERATION DES MUTUELLES DE FRANCE,Montreuil-sous-Bois,93,93,FR,,assurance,assurance,Assurance,19313b89__OpenCNIL_Liste_controles_2014_VD_20150604.csv,301,modalite_non_renseignee|pays_deduit
2014-7e432553-1,2014,loi78,Loi 1978,non_renseignee,,Application Mobile Nearface - (Alladin Technologies),APPLICATION MOBILE NEARFACE ALLADIN TECHNOLOGIES,Boulogne-Billancourt,92,92,FR,,commerce,commerce,Commerce,19313b89__OpenCNIL_Liste_controles_2014_VD_20150604.csv,302,modalite_non_renseignee|pays_deduit
2014-d942c3d7-2,2014,loi78,Loi 1978,non_renseignee,,Fédération des Mutuelles de France,FEDERATION DES MUTUELLES DE FRANCE,Montreuil-sous-Bois,93,93,FR,,assurance,assurance,Assurance,19313b89__OpenCNIL_Liste_controles_2014_VD_20150604.csv,303,modalite_non_renseignee|pays_deduit|ligne_dupliquee
2014-435cca89-1,2014,loi78,Loi 1978,non_renseignee,,Université Paris 1 Panthéon Sorbonne,UNIVERSITE PARIS 1 PANTHEON SORBONNE,Paris,75,75,FR,,education_culture_sport,education_culture_sport,Education/culture/sport,19313b89__OpenCNIL_Liste_controles_2014_VD_20150604.csv,304,modalite_non_renseignee|pays_deduit
2014-3accdefe-1,2014,loi78,Loi 1978,non_renseignee,,Site internet meetic.fr,SITE INTERNET MEETIC FR,Paris,75,75,FR,,commerce,commerce,Commerce,19313b89__OpenCNIL_Liste_controles_2014_VD_20150604.csv,305,modalite_non_renseignee|pays_deduit
2014-ce33ecc1-1,2014,loi78,Loi 1978,non_renseignee,,showroomprive.com,SHOWROOMPRIVE COM,La Plaine-Saint-Denis,93,93,FR,,commerce,commerce,Commerce,19313b89__OpenCNIL_Liste_controles_2014_VD_20150604.csv,306,modalite_non_renseignee|pays_deduit
2014-ef338fce-1,2014,loi78,Loi 1978,non_renseignee,,Site internet mektoube.fr (societe LT Services),SITE INTERNET MEKTOUBE FR SOCIETE LT SERVICES,Levallois-Perret,92,92,FR,,commerce,commerce,Commerce,19313b89__OpenCNIL_Liste_controles_2014_VD_20150604.csv,307,modalite_non_renseignee|organisme_multiligne|pays_deduit
2014-de6a77ba-1,2014,loi78,Loi 1978,non_renseignee,,Unic Hotel,UNIC HOTEL,Paris,75,75,FR,,commerce,commerce,Commerce,19313b89__OpenCNIL_Liste_controles_2014_VD_20150604.csv,309,modalite_non_renseignee|pays_deduit
2014-58e8fefe-1,2014,loi78,Loi 1978,non_renseignee,,Commune de Montauban,COMMUNE DE MONTAUBAN,Paris (audition locaux CNIL),75,75,FR,,collectivites_territoriales,collectivites_territoriales,Collectivités locales,19313b89__OpenCNIL_Liste_controles_2014_VD_20150604.csv,310,modalite_non_renseignee|pays_deduit
2014-d7f2f43f-1,2014,loi78,Loi 1978,non_renseignee,,Idtgv,IDTGV,Paris la Défense,92,92,FR,,transports,transports,Transport,19313b89__OpenCNIL_Liste_controles_2014_VD_20150604.csv,311,modalite_non_renseignee|pays_deduit
2014-1c2dd43f-1,2014,loi78,Loi 1978,non_renseignee,,Euriware,EURIWARE,Guyancourt,78,78,FR,,commerce,commerce,Commerce,19313b89__OpenCNIL_Liste_controles_2014_VD_20150604.csv,312,modalite_non_renseignee|pays_deduit
2014-796600f0-1,2014,loi78,Loi 1978,non_renseignee,,Traitements données collectées sur site Booking.com France,TRAITEMENTS DONNEES COLLECTEES SUR SITE BOOKING COM FRANCE,Paris,75,75,FR,,commerce,commerce,Commerce,19313b89__OpenCNIL_Liste_controles_2014_VD_20150604.csv,313,modalite_non_renseignee|pays_deduit
2014-2f99e5c2-1,2014,loi78,Loi 1978,non_renseignee,,Site internet gleeden.com (societé Touchvibes),SITE INTERNET GLEEDEN COM SOCIETE TOUCHVIBES,Boulogne-Billancourt,92,92,FR,,commerce,commerce,Commerce,19313b89__OpenCNIL_Liste_controles_2014_VD_20150604.csv,314,modalite_non_renseignee|organisme_multiligne|pays_deduit
2014-38893cf0-1,2014,loi78,Loi 1978,non_renseignee,,Distribution Casino France - (Géant Casino Montpellier),DISTRIBUTION CASINO FRANCE GEANT CASINO MONTPELLIER,Montpellier,34,34,FR,,commerce,commerce,Commerce,19313b89__OpenCNIL_Liste_controles_2014_VD_20150604.csv,316,modalite_non_renseignee|organisme_multiligne|pays_deduit
2014-f0fbdd93-1,2014,loi78,Loi 1978,non_renseignee,,Aramis,ARAMIS,Arcueil,94,94,FR,,commerce,commerce,Commerce,19313b89__OpenCNIL_Liste_controles_2014_VD_20150604.csv,318,modalite_non_renseignee|pays_deduit
2014-0f4e005d-1,2014,loi78,Loi 1978,non_renseignee,,Touchvibes,TOUCHVIBES,Boulogne-Billancourt,92,92,FR,,commerce,commerce,Commerce,19313b89__OpenCNIL_Liste_controles_2014_VD_20150604.csv,319,modalite_non_renseignee|pays_deduit
2014-115c726d-1,2014,loi78,Loi 1978,non_renseignee,,Levandis,LEVANDIS,Lunel,34,34,FR,,commerce,commerce,Commerce,19313b89__OpenCNIL_Liste_controles_2014_VD_20150604.csv,320,modalite_non_renseignee|pays_deduit
2014-a37632b5-1,2014,loi78,Loi 1978,non_renseignee,,Universite Paris Descartes,UNIVERSITE PARIS DESCARTES,Paris,75,75,FR,,education_culture_sport,education_culture_sport,Education/culture/sport,19313b89__OpenCNIL_Liste_controles_2014_VD_20150604.csv,321,modalite_non_renseignee|pays_deduit
2014-956742bc-1,2014,loi78,Loi 1978,non_renseignee,,Ccas de Saint-Denis,CCAS DE SAINT DENIS,Saint-Denis,97,97,FR,,collectivites_territoriales,collectivites_territoriales,Collectivités locales,19313b89__OpenCNIL_Liste_controles_2014_VD_20150604.csv,322,modalite_non_renseignee|departement_a_preciser|pays_deduit
2014-e05f55c3-1,2014,loi78,Loi 1978,non_renseignee,,Ministère de l'Intérieur Police de l'Air et des Frontières,MINISTERE DE L INTERIEUR POLICE DE L AIR ET DES FRONTIERES,Sainte-Marie,97,97,FR,,police_justice_securite,etat_regalien,Police/ justice/ sécurité,19313b89__OpenCNIL_Liste_controles_2014_VD_20150604.csv,323,modalite_non_renseignee|departement_a_preciser|pays_deduit
2014-27809f40-1,2014,loi78,Loi 1978,non_renseignee,,Chaigneau Damien,CHAIGNEAU DAMIEN,Saint Denis,97,97,FR,,sante_social,sante_social,Santé/ social,19313b89__OpenCNIL_Liste_controles_2014_VD_20150604.csv,324,modalite_non_renseignee|departement_a_preciser|pays_deduit
2014-83200290-1,2014,loi78,Loi 1978,non_renseignee,,Association Gestion Ecole Catholique Sacré Cœur,ASSOCIATION GESTION ECOLE CATHOLIQUE SACRE CUR,Saint-Denis,97,97,FR,,education_culture_sport,education_culture_sport,Education/culture/sport,19313b89__OpenCNIL_Liste_controles_2014_VD_20150604.csv,325,modalite_non_renseignee|departement_a_preciser|pays_deduit
2014-16b109b9-1,2014,loi78,Loi 1978,non_renseignee,,La Commune de la Plaine des Palmistes,LA COMMUNE DE LA PLAINE DES PALMISTES,Plaine-des-Palmistes,97,97,FR,,collectivites_territoriales,collectivites_territoriales,Collectivités locales,19313b89__OpenCNIL_Liste_controles_2014_VD_20150604.csv,326,modalite_non_renseignee|departement_a_preciser|pays_deduit
2014-8d4f27ee-1,2014,loi78,Loi 1978,non_renseignee,,Société de Gestion Clinique Sainte-Clothilde,SOCIETE DE GESTION CLINIQUE SAINTE CLOTHILDE,Saint-Denis,97,97,FR,,sante_social,sante_social,Santé/ social,19313b89__OpenCNIL_Liste_controles_2014_VD_20150604.csv,327,modalite_non_renseignee|departement_a_preciser|pays_deduit
2014-61bf007e-1,2014,loi78,Loi 1978,non_renseignee,,Jardin Import,JARDIN IMPORT,Sainte-Marie,97,97,FR,,commerce,commerce,Commerce,19313b89__OpenCNIL_Liste_controles_2014_VD_20150604.csv,328,modalite_non_renseignee|departement_a_preciser|pays_deduit
2014-2e4fe222-1,2014,loi78,Loi 1978,non_renseignee,,Commune de Saint-Paul,COMMUNE DE SAINT PAUL,Saint-Paul,97,97,FR,,collectivites_territoriales,collectivites_territoriales,Collectivités locales,19313b89__OpenCNIL_Liste_controles_2014_VD_20150604.csv,329,modalite_non_renseignee|departement_a_preciser|pays_deduit
2014-48650094-1,2014,loi78,Loi 1978,non_renseignee,,Bio minceur Saint-Paul,BIO MINCEUR SAINT PAUL,SAINT PAUL,97,97,FR,,commerce,commerce,Commerce,19313b89__OpenCNIL_Liste_controles_2014_VD_20150604.csv,330,modalite_non_renseignee|departement_a_preciser|pays_deduit
2014-8a950ea3-1,2014,loi78,Loi 1978,non_renseignee,,Thim Nautique,THIM NAUTIQUE,Saint-Gilles-les-Bains,97,97,FR,,commerce,commerce,Commerce,19313b89__OpenCNIL_Liste_controles_2014_VD_20150604.csv,331,modalite_non_renseignee|departement_a_preciser|pays_deduit
2014-234575b7-1,2014,loi78,Loi 1978,non_renseignee,,Sems SA,SEMS SA,Sainte-Marie,97,97,FR,,commerce,commerce,Commerce,19313b89__OpenCNIL_Liste_controles_2014_VD_20150604.csv,332,modalite_non_renseignee|departement_a_preciser|pays_deduit
2014-74ac76cd-1,2014,loi78,Loi 1978,non_renseignee,,Mairie Le Tampn,MAIRIE LE TAMPN,Tampon,97,97,FR,,collectivites_territoriales,collectivites_territoriales,Collectivités locales,19313b89__OpenCNIL_Liste_controles_2014_VD_20150604.csv,333,modalite_non_renseignee|departement_a_preciser|pays_deduit
2014-da63b57a-1,2014,loi78,Loi 1978,non_renseignee,,Avis Location de Voiture,AVIS LOCATION DE VOITURE,Puteaux,92,92,FR,,commerce,commerce,Commerce,19313b89__OpenCNIL_Liste_controles_2014_VD_20150604.csv,334,modalite_non_renseignee|pays_deduit
2014-737df1e4-1,2014,loi78,Loi 1978,non_renseignee,,Leroy Merlin,LEROY MERLIN,Le Pontet,84,84,FR,,commerce,commerce,Commerce,19313b89__OpenCNIL_Liste_controles_2014_VD_20150604.csv,335,modalite_non_renseignee|pays_deduit
2014-66f08e0e-1,2014,loi78,Loi 1978,non_renseignee,,Microsoft Advertising,MICROSOFT ADVERTISING,Issy les Moulineaux,92,92,FR,,commerce,commerce,Commerce,19313b89__OpenCNIL_Liste_controles_2014_VD_20150604.csv,337,modalite_non_renseignee|pays_deduit
2014-07539d0b-1,2014,loi78,Loi 1978,non_renseignee,,Smartadserver,SMARTADSERVER,Paris,75,75,FR,,commerce,commerce,Commerce,19313b89__OpenCNIL_Liste_controles_2014_VD_20150604.csv,338,modalite_non_renseignee|pays_deduit
2014-9a987373-1,2014,loi78,Loi 1978,non_renseignee,,Certegy Snc,CERTEGY SNC,Courbeboie,92,92,FR,,commerce,commerce,Commerce,19313b89__OpenCNIL_Liste_controles_2014_VD_20150604.csv,339,modalite_non_renseignee|pays_deduit
2014-24f4dd18-1,2014,loi78,Loi 1978,non_renseignee,,RPFFB Arcueil,RPFFB ARCUEIL,Arcueil,94,94,FR,,commerce,commerce,Commerce,19313b89__OpenCNIL_Liste_controles_2014_VD_20150604.csv,340,modalite_non_renseignee|pays_deduit
2014-c7a1b51b-1,2014,loi78,Loi 1978,non_renseignee,,Sociomantic Labs Sarl,SOCIOMANTIC LABS SARL,Paris,75,75,FR,,commerce,commerce,Commerce,19313b89__OpenCNIL_Liste_controles_2014_VD_20150604.csv,341,modalite_non_renseignee|pays_deduit
2014-13c83af2-1,2014,videoprotection,Vidéo,non_renseignee,,Commune de Rethel,COMMUNE DE RETHEL,Rethel,08,08,FR,,collectivites_territoriales,collectivites_territoriales,Collectivités locales,19313b89__OpenCNIL_Liste_controles_2014_VD_20150604.csv,342,modalite_non_renseignee|pays_deduit
2014-1cd313ef-1,2014,videoprotection,Vidéo,non_renseignee,,Aaron Optic,AARON OPTIC,Neuilly-sur-Seine,92,92,FR,,commerce,commerce,Commerce,19313b89__OpenCNIL_Liste_controles_2014_VD_20150604.csv,343,modalite_non_renseignee|pays_deduit
2014-babdf44e-1,2014,videoprotection,Vidéo,non_renseignee,,Lvmh,LVMH,Neuilly-sur-Seine,92,92,FR,,commerce,commerce,Commerce,19313b89__OpenCNIL_Liste_controles_2014_VD_20150604.csv,344,modalite_non_renseignee|pays_deduit
2014-215022dd-1,2014,videoprotection,Vidéo,non_renseignee,,Commune de Dijon,COMMUNE DE DIJON,Dijon,21,21,FR,,collectivites_territoriales,collectivites_territoriales,Collectivités locales,19313b89__OpenCNIL_Liste_controles_2014_VD_20150604.csv,345,modalite_non_renseignee|pays_deduit
2014-6278f27b-1,2014,videoprotection,Vidéo,non_renseignee,,Commune de Cormeilles-en Parisis,COMMUNE DE CORMEILLES EN PARISIS,Cormeilles-en-Parisis,95,95,FR,,collectivites_territoriales,collectivites_territoriales,Collectivités locales,19313b89__OpenCNIL_Liste_controles_2014_VD_20150604.csv,346,modalite_non_renseignee|pays_deduit
2014-60c1354c-1,2014,videoprotection,Vidéo,non_renseignee,,Hôtel F1 Dijon sud,HOTEL F1 DIJON SUD,Dijon,21,21,FR,,commerce,commerce,Commerce,19313b89__OpenCNIL_Liste_controles_2014_VD_20150604.csv,347,modalite_non_renseignee|pays_deduit
2014-5a7de5d9-1,2014,videoprotection,Vidéo,non_renseignee,,Commune de la Garenne-Colombes,COMMUNE DE LA GARENNE COLOMBES,La Garenne Colombes,92,92,FR,,collectivites_territoriales,collectivites_territoriales,Collectivités locales,19313b89__OpenCNIL_Liste_controles_2014_VD_20150604.csv,348,modalite_non_renseignee|pays_deduit
2014-d988d98d-1,2014,videoprotection,Vidéo,non_renseignee,,Hôtel Mercure,HOTEL MERCURE,Paris,75,75,FR,,commerce,commerce,Commerce,19313b89__OpenCNIL_Liste_controles_2014_VD_20150604.csv,349,modalite_non_renseignee|pays_deduit
2014-1f94efa7-1,2014,videoprotection,Vidéo,non_renseignee,,Sultane de Saba,SULTANE DE SABA,Paris,75,75,FR,,commerce,commerce,Commerce,19313b89__OpenCNIL_Liste_controles_2014_VD_20150604.csv,350,modalite_non_renseignee|pays_deduit
2014-cf8a5a3d-1,2014,videoprotection,Vidéo,non_renseignee,,Commune de Migennes,COMMUNE DE MIGENNES,Migennes,89,89,FR,,collectivites_territoriales,collectivites_territoriales,Collectivités locales,19313b89__OpenCNIL_Liste_controles_2014_VD_20150604.csv,351,modalite_non_renseignee|pays_deduit
2014-6bc2fa82-1,2014,videoprotection,Vidéo,non_renseignee,,Police Municipale Ville de Feurs,POLICE MUNICIPALE VILLE DE FEURS,Feurs,42,42,FR,,collectivites_territoriales,collectivites_territoriales,Collectivités locales,19313b89__OpenCNIL_Liste_controles_2014_VD_20150604.csv,352,modalite_non_renseignee|pays_deduit
2014-2a7a906b-1,2014,videoprotection,Vidéo,non_renseignee,,Hippodrome de Feurs,HIPPODROME DE FEURS,Feurs,42,42,FR,,commerce,commerce,Commerce,19313b89__OpenCNIL_Liste_controles_2014_VD_20150604.csv,353,modalite_non_renseignee|pays_deduit
2014-fb21c636-1,2014,videoprotection,Vidéo,non_renseignee,,Mairie d'Orléans,MAIRIE D ORLEANS,Orléans,45,45,FR,,collectivites_territoriales,collectivites_territoriales,Collectivités locales,19313b89__OpenCNIL_Liste_controles_2014_VD_20150604.csv,354,modalite_non_renseignee|pays_deduit
2014-78d500ec-1,2014,videoprotection,Vidéo,non_renseignee,,Futuroscope de Poitiers,FUTUROSCOPE DE POITIERS,Poitiers,86,86,FR,,commerce,commerce,Commerce,19313b89__OpenCNIL_Liste_controles_2014_VD_20150604.csv,355,modalite_non_renseignee|pays_deduit
2014-a88572cb-1,2014,videoprotection,Vidéo,non_renseignee,,Commune de Saint-Priest,COMMUNE DE SAINT PRIEST,Saint-Priest,69,69,FR,,collectivites_territoriales,collectivites_territoriales,Collectivités locales,19313b89__OpenCNIL_Liste_controles_2014_VD_20150604.csv,356,modalite_non_renseignee|pays_deduit
2014-d528736d-1,2014,videoprotection,Vidéo,non_renseignee,,Chu de Grenoble,CHU DE GRENOBLE,Grenoble,38,38,FR,,sante_social,sante_social,Santé/ social,19313b89__OpenCNIL_Liste_controles_2014_VD_20150604.csv,357,modalite_non_renseignee|pays_deduit
2014-4eddbde2-1,2014,videoprotection,Vidéo,non_renseignee,,Commune de Mulhouse,COMMUNE DE MULHOUSE,Mulhouse,68,68,FR,,collectivites_territoriales,collectivites_territoriales,Collectivités locales,19313b89__OpenCNIL_Liste_controles_2014_VD_20150604.csv,358,modalite_non_renseignee|pays_deduit
2014-d778261f-1,2014,videoprotection,Vidéo,non_renseignee,,Commune d'Antibes,COMMUNE D ANTIBES,Antibes,06,06,FR,,collectivites_territoriales,collectivites_territoriales,Collectivités locales,19313b89__OpenCNIL_Liste_controles_2014_VD_20150604.csv,359,modalite_non_renseignee|pays_deduit
2014-23edb2dc-1,2014,videoprotection,Vidéo,non_renseignee,,Commune de Thiers,COMMUNE DE THIERS,Thiers,63,63,FR,,collectivites_territoriales,collectivites_territoriales,Collectivités locales,19313b89__OpenCNIL_Liste_controles_2014_VD_20150604.csv,360,modalite_non_renseignee|pays_deduit
2014-a58dcdac-1,2014,videoprotection,Vidéo,non_renseignee,,Commune de Châteauroux,COMMUNE DE CHATEAUROUX,Chateauroux,36,36,FR,,collectivites_territoriales,collectivites_territoriales,Collectivités locales,19313b89__OpenCNIL_Liste_controles_2014_VD_20150604.csv,361,modalite_non_renseignee|pays_deduit
2014-4bb6bbf9-1,2014,videoprotection,Vidéo,non_renseignee,,Centre Hospitalier de Chateauroux,CENTRE HOSPITALIER DE CHATEAUROUX,Chateauroux,36,36,FR,,sante_social,sante_social,Santé/ social,19313b89__OpenCNIL_Liste_controles_2014_VD_20150604.csv,362,modalite_non_renseignee|pays_deduit
2014-38f1a350-1,2014,videoprotection,Vidéo,non_renseignee,,Gaumont Angers Multiplexe,GAUMONT ANGERS MULTIPLEXE,Angers,49,49,FR,,commerce,commerce,Commerce,19313b89__OpenCNIL_Liste_controles_2014_VD_20150604.csv,363,modalite_non_renseignee|pays_deduit
2014-88694934-1,2014,videoprotection,Vidéo,non_renseignee,,Restaurant le Dix-Septième,RESTAURANT LE DIX SEPTIEME,Angers,49,49,FR,,commerce,commerce,Commerce,19313b89__OpenCNIL_Liste_controles_2014_VD_20150604.csv,364,modalite_non_renseignee|pays_deduit
2014-9bcbe5d4-1,2014,videoprotection,Vidéo,non_renseignee,,Ehpad Saint-Joseph,EHPAD SAINT JOSEPH,Orléans,45,45,FR,,sante_social,sante_social,Santé/ social,19313b89__OpenCNIL_Liste_controles_2014_VD_20150604.csv,365,modalite_non_renseignee|pays_deduit
2014-c34f3312-1,2014,videoprotection,Vidéo,non_renseignee,,Pôle-Emploi,POLE EMPLOI,Besancon,25,25,FR,,sante_social,sante_social,Santé/ social,19313b89__OpenCNIL_Liste_controles_2014_VD_20150604.csv,366,modalite_non_renseignee|pays_deduit
2014-b888622e-1,2014,videoprotection,Vidéo,non_renseignee,,Ehpad les Jardins de Sido,EHPAD LES JARDINS DE SIDO,Chatillon Coligny,45,45,FR,,sante_social,sante_social,Santé/ social,19313b89__OpenCNIL_Liste_controles_2014_VD_20150604.csv,367,modalite_non_renseignee|pays_deduit
2014-0e133d3a-1,2014,videoprotection,Vidéo,non_renseignee,,Centre Hospitalier Départemental Georges Daumezon,CENTRE HOSPITALIER DEPARTEMENTAL GEORGES DAUMEZON,Fleury-les-Aubrais,45,45,FR,,sante_social,sante_social,Santé/ social,19313b89__OpenCNIL_Liste_controles_2014_VD_20150604.csv,368,modalite_non_renseignee|pays_deduit
2014-a092808d-1,2014,videoprotection,Vidéo,non_renseignee,,Casino les Quatre-Chemins,CASINO LES QUATRE CHEMINS,Vichy,03,03,FR,,commerce,commerce,Commerce,19313b89__OpenCNIL_Liste_controles_2014_VD_20150604.csv,369,modalite_non_renseignee|pays_deduit
2014-00211dd1-1,2014,videoprotection,Vidéo,non_renseignee,,Compagnie de Vichy -Etablissements Thermaux,COMPAGNIE DE VICHY ETABLISSEMENTS THERMAUX,Vichy,03,03,FR,,sante_social,sante_social,Santé/ social,19313b89__OpenCNIL_Liste_controles_2014_VD_20150604.csv,370,modalite_non_renseignee|pays_deduit
2014-4f6b9d97-1,2014,videoprotection,Vidéo,non_renseignee,,Centre hospitalier Pierre Dezarnauld,CENTRE HOSPITALIER PIERRE DEZARNAULD,Gien,45,45,FR,,sante_social,sante_social,Santé/ social,19313b89__OpenCNIL_Liste_controles_2014_VD_20150604.csv,371,modalite_non_renseignee|pays_deduit
2014-dc1c2f44-1,2014,videoprotection,Vidéo,non_renseignee,,Csu de Montereau Fault-Yonne,CSU DE MONTEREAU FAULT YONNE,Montereau-Fault-Yonne,77,77,FR,,collectivites_territoriales,collectivites_territoriales,Collectivités locales,19313b89__OpenCNIL_Liste_controles_2014_VD_20150604.csv,372,modalite_non_renseignee|pays_deduit
2014-74dd3959-1,2014,videoprotection,Vidéo,non_renseignee,,Commune de Saint-Quay-Portrieux,COMMUNE DE SAINT QUAY PORTRIEUX,Saint-Quay-Portrieux,22,22,FR,,collectivites_territoriales,collectivites_territoriales,Collectivités locales,19313b89__OpenCNIL_Liste_controles_2014_VD_20150604.csv,373,modalite_non_renseignee|pays_deduit
2014-38606153-1,2014,videoprotection,Vidéo,non_renseignee,,Commune de Trévou-Tréguignec,COMMUNE DE TREVOU TREGUIGNEC,Trévou-Tréguignec,22,22,FR,,collectivites_territoriales,collectivites_territoriales,Collectivités locales,19313b89__OpenCNIL_Liste_controles_2014_VD_20150604.csv,374,modalite_non_renseignee|pays_deduit
2014-8150f7f9-1,2014,videoprotection,Vidéo,non_renseignee,,Université de Technologie de Compiègne,UNIVERSITE DE TECHNOLOGIE DE COMPIEGNE,Compiègne,60,60,FR,,education_culture_sport,education_culture_sport,Education/culture/sport,19313b89__OpenCNIL_Liste_controles_2014_VD_20150604.csv,375,modalite_non_renseignee|pays_deduit
2014-fc11c021-1,2014,videoprotection,Vidéo,non_renseignee,,Commune d'Avilly-Saint-Léonard,COMMUNE D AVILLY SAINT LEONARD,Avilly-saint-Léonard,60,60,FR,,collectivites_territoriales,collectivites_territoriales,Collectivités locales,19313b89__OpenCNIL_Liste_controles_2014_VD_20150604.csv,376,modalite_non_renseignee|pays_deduit
2014-1ce00639-1,2014,videoprotection,Vidéo,non_renseignee,,Apple,APPLE,Paris,75,75,FR,,commerce,commerce,Commerce,19313b89__OpenCNIL_Liste_controles_2014_VD_20150604.csv,377,modalite_non_renseignee|pays_deduit
2014-76c67c78-1,2014,videoprotection,Vidéo,non_renseignee,,Commune de Coquelles,COMMUNE DE COQUELLES,Coquelles,62,62,FR,,collectivites_territoriales,collectivites_territoriales,Collectivités locales,19313b89__OpenCNIL_Liste_controles_2014_VD_20150604.csv,378,modalite_non_renseignee|pays_deduit
2014-61b1eed5-1,2014,videoprotection,Vidéo,non_renseignee,,Apple,APPLE,Le Chesnay,78,78,FR,,commerce,commerce,Commerce,19313b89__OpenCNIL_Liste_controles_2014_VD_20150604.csv,379,modalite_non_renseignee|pays_deduit
2014-7dae8fa7-1,2014,videoprotection,Vidéo,non_renseignee,,Commune de Franconville,COMMUNE DE FRANCONVILLE,Franconville,95,95,FR,,collectivites_territoriales,collectivites_territoriales,Collectivités locales,19313b89__OpenCNIL_Liste_controles_2014_VD_20150604.csv,380,modalite_non_renseignee|pays_deduit
2014-300b29ab-1,2014,videoprotection,Vidéo,non_renseignee,,Ehpad du Marais,EHPAD DU MARAIS,Paris,75,75,FR,,sante_social,sante_social,Santé/ social,19313b89__OpenCNIL_Liste_controles_2014_VD_20150604.csv,381,modalite_non_renseignee|pays_deduit
2014-0af44a8d-1,2014,videoprotection,Vidéo,non_renseignee,,Entreprise Massey et Cie,ENTREPRISE MASSEY ET CIE,Paris,75,75,FR,,transports,transports,Transport,19313b89__OpenCNIL_Liste_controles_2014_VD_20150604.csv,382,modalite_non_renseignee|pays_deduit
2014-a7dfcf5c-1,2014,videoprotection,Vidéo,non_renseignee,,Apple,APPLE,Rosny-sous-Bois,93,93,FR,,commerce,commerce,Commerce,19313b89__OpenCNIL_Liste_controles_2014_VD_20150604.csv,383,modalite_non_renseignee|pays_deduit
2014-99f8e2ba-1,2014,videoprotection,Vidéo,non_renseignee,,Boucheron,BOUCHERON,Paris,75,75,FR,,commerce,commerce,Commerce,19313b89__OpenCNIL_Liste_controles_2014_VD_20150604.csv,384,modalite_non_renseignee|pays_deduit
2014-d8bb0a00-1,2014,videoprotection,Vidéo,non_renseignee,,Commune de Bourges,COMMUNE DE BOURGES,Bourges,18,18,FR,,collectivites_territoriales,collectivites_territoriales,Collectivités locales,19313b89__OpenCNIL_Liste_controles_2014_VD_20150604.csv,385,modalite_non_renseignee|pays_deduit
2014-5db92cd8-1,2014,videoprotection,Vidéo,non_renseignee,,Apple,APPLE,Bordeaux,33,33,FR,,commerce,commerce,Commerce,19313b89__OpenCNIL_Liste_controles_2014_VD_20150604.csv,386,modalite_non_renseignee|pays_deduit
2014-1ce00639-2,2014,videoprotection,Vidéo,non_renseignee,,Apple,APPLE,Paris,75,75,FR,,commerce,commerce,Commerce,19313b89__OpenCNIL_Liste_controles_2014_VD_20150604.csv,387,modalite_non_renseignee|pays_deduit|ligne_dupliquee
2014-e5b304b4-1,2014,videoprotection,Vidéo,non_renseignee,,Commune de Chantilly,COMMUNE DE CHANTILLY,Chantilly,60,60,FR,,collectivites_territoriales,collectivites_territoriales,Collectivités locales,19313b89__OpenCNIL_Liste_controles_2014_VD_20150604.csv,388,modalite_non_renseignee|pays_deduit
2014-d4737795-1,2014,videoprotection,Vidéo,non_renseignee,,Commune de Roubaix,COMMUNE DE ROUBAIX,Roubaix,59,59,FR,,collectivites_territoriales,collectivites_territoriales,Collectivités locales,19313b89__OpenCNIL_Liste_controles_2014_VD_20150604.csv,389,modalite_non_renseignee|pays_deduit
2014-abd71f97-1,2014,videoprotection,Vidéo,non_renseignee,,Commune de Chambery,COMMUNE DE CHAMBERY,Chambery,73,73,FR,,collectivites_territoriales,collectivites_territoriales,Collectivités locales,19313b89__OpenCNIL_Liste_controles_2014_VD_20150604.csv,390,modalite_non_renseignee|pays_deduit
2014-cae28b64-1,2014,videoprotection,Vidéo,non_renseignee,,Commune de Tourcoing,COMMUNE DE TOURCOING,Tourcoing,59,59,FR,,collectivites_territoriales,collectivites_territoriales,Collectivités locales,19313b89__OpenCNIL_Liste_controles_2014_VD_20150604.csv,391,modalite_non_renseignee|pays_deduit
2014-aa7ebbdd-1,2014,videoprotection,Vidéo,non_renseignee,,Commune de Saint-Etienne,COMMUNE DE SAINT ETIENNE,Saint-Etienne,42,42,FR,,collectivites_territoriales,collectivites_territoriales,Collectivités locales,19313b89__OpenCNIL_Liste_controles_2014_VD_20150604.csv,392,modalite_non_renseignee|pays_deduit
2014-8d4a8f1f-1,2014,videoprotection,Vidéo,non_renseignee,,Prefecture de Saint-Etienne,PREFECTURE DE SAINT ETIENNE,Saint-Etienne,42,42,FR,,collectivites_territoriales,collectivites_territoriales,Collectivités locales,19313b89__OpenCNIL_Liste_controles_2014_VD_20150604.csv,393,modalite_non_renseignee|pays_deduit
2014-4d896a90-1,2014,videoprotection,Vidéo,non_renseignee,,Commune de la Motte-Servolex,COMMUNE DE LA MOTTE SERVOLEX,La Motte-Servolex,73,73,FR,,collectivites_territoriales,collectivites_territoriales,Collectivités locales,19313b89__OpenCNIL_Liste_controles_2014_VD_20150604.csv,394,modalite_non_renseignee|pays_deduit
2014-04fab846-1,2014,videoprotection,Vidéo,non_renseignee,,Commune Le Pecq,COMMUNE LE PECQ,Le Pecq,78,78,FR,,collectivites_territoriales,collectivites_territoriales,Collectivités locales,19313b89__OpenCNIL_Liste_controles_2014_VD_20150604.csv,395,modalite_non_renseignee|pays_deduit
2014-9e5d501e-1,2014,videoprotection,Vidéo,non_renseignee,,Carrefour,CARREFOUR,Montigny-les-Cormeilles,95,95,FR,,commerce,commerce,Commerce,19313b89__OpenCNIL_Liste_controles_2014_VD_20150604.csv,396,modalite_non_renseignee|pays_deduit
2014-4d1450f4-1,2014,videoprotection,Vidéo,non_renseignee,,Centre Commercial Carré Sénart,CENTRE COMMERCIAL CARRE SENART,Lieusaint,77,77,FR,,commerce,commerce,Commerce,19313b89__OpenCNIL_Liste_controles_2014_VD_20150604.csv,397,modalite_non_renseignee|pays_deduit
2014-2d8e77a0-1,2014,videoprotection,Vidéo,non_renseignee,,Commune de Cavaillon,COMMUNE DE CAVAILLON,Cavaillon,84,84,FR,,collectivites_territoriales,collectivites_territoriales,Collectivités locales,19313b89__OpenCNIL_Liste_controles_2014_VD_20150604.csv,398,modalite_non_renseignee|pays_deduit
2014-46ab58ec-1,2014,videoprotection,Vidéo,non_renseignee,,Commune de Chateaurenard,COMMUNE DE CHATEAURENARD,Chateaurenard,13,13,FR,,collectivites_territoriales,collectivites_territoriales,Collectivités locales,19313b89__OpenCNIL_Liste_controles_2014_VD_20150604.csv,399,modalite_non_renseignee|pays_deduit
2014-cecc3b00-1,2014,videoprotection,Vidéo,non_renseignee,,Commune de Croissy sur Seine,COMMUNE DE CROISSY SUR SEINE,Commune de Croissy sur Seine,78,78,FR,,collectivites_territoriales,collectivites_territoriales,Collectivités locales,19313b89__OpenCNIL_Liste_controles_2014_VD_20150604.csv,400,modalite_non_renseignee|pays_deduit
2014-794bfb86-1,2014,videoprotection,Vidéo,non_renseignee,,Cb Lina Cerrone,CB LINA CERRONE,Paris,75,75,FR,,commerce,commerce,Commerce,19313b89__OpenCNIL_Liste_controles_2014_VD_20150604.csv,401,modalite_non_renseignee|pays_deduit
2014-794bfb86-2,2014,videoprotection,Vidéo,non_renseignee,,Cb Lina Cerrone,CB LINA CERRONE,Paris,75,75,FR,,commerce,commerce,Commerce,19313b89__OpenCNIL_Liste_controles_2014_VD_20150604.csv,402,modalite_non_renseignee|pays_deduit|ligne_dupliquee
2014-794bfb86-3,2014,videoprotection,Vidéo,non_renseignee,,Cb Lina Cerrone,CB LINA CERRONE,Paris,75,75,FR,,commerce,commerce,Commerce,19313b89__OpenCNIL_Liste_controles_2014_VD_20150604.csv,403,modalite_non_renseignee|pays_deduit|ligne_dupliquee
2014-0527058f-1,2014,videoprotection,Vidéo,non_renseignee,,Voies Navigables de France Subdivision de Peronne,VOIES NAVIGABLES DE FRANCE SUBDIVISION DE PERONNE,Peronne,80,80,FR,,transports,transports,Transport,19313b89__OpenCNIL_Liste_controles_2014_VD_20150604.csv,404,modalite_non_renseignee|pays_deduit
2014-fb8f854e-1,2014,videoprotection,Vidéo,non_renseignee,,Norbert Dentressangle Distribution,NORBERT DENTRESSANGLE DISTRIBUTION,Roye,80,80,FR,,transports,transports,Transport,19313b89__OpenCNIL_Liste_controles_2014_VD_20150604.csv,405,modalite_non_renseignee|pays_deduit
2014-dfc0c303-1,2014,videoprotection,Vidéo,non_renseignee,,Commune de Valence,COMMUNE DE VALENCE,Valence,26,26,FR,,collectivites_territoriales,collectivites_territoriales,Collectivités locales,19313b89__OpenCNIL_Liste_controles_2014_VD_20150604.csv,406,modalite_non_renseignee|pays_deduit
2014-22ccaede-1,2014,videoprotection,Vidéo,non_renseignee,,Commune de Tain-l'hermitage,COMMUNE DE TAIN L HERMITAGE,Tain l'hermitage,26,26,FR,,collectivites_territoriales,collectivites_territoriales,Collectivités locales,19313b89__OpenCNIL_Liste_controles_2014_VD_20150604.csv,407,modalite_non_renseignee|pays_deduit
2014-527f1e22-1,2014,videoprotection,Vidéo,non_renseignee,,Commune de Crest,COMMUNE DE CREST,Crest,26,26,FR,,collectivites_territoriales,collectivites_territoriales,Collectivités locales,19313b89__OpenCNIL_Liste_controles_2014_VD_20150604.csv,408,modalite_non_renseignee|pays_deduit
2014-6b85a1ec-1,2014,videoprotection,Vidéo,non_renseignee,,Commune de Montpellier,COMMUNE DE MONTPELLIER,Montpellier,34,34,FR,,collectivites_territoriales,collectivites_territoriales,Collectivités locales,19313b89__OpenCNIL_Liste_controles_2014_VD_20150604.csv,409,modalite_non_renseignee|pays_deduit
2014-87a10463-1,2014,videoprotection,Vidéo,non_renseignee,,Musée d'Orsay,MUSEE D ORSAY,Paris,75,75,FR,,education_culture_sport,education_culture_sport,Education/culture/sport,19313b89__OpenCNIL_Liste_controles_2014_VD_20150604.csv,410,modalite_non_renseignee|pays_deduit
2014-f84d3e12-1,2014,videoprotection,Vidéo,non_renseignee,,Hôtel de l'Abeille,HOTEL DE L ABEILLE,Orléans,45,45,FR,,commerce,commerce,Commerce,19313b89__OpenCNIL_Liste_controles_2014_VD_20150604.csv,411,modalite_non_renseignee|pays_deduit
2014-5a2dcc3c-1,2014,videoprotection,Vidéo,non_renseignee,,Novotel Orléans la Source Snc Nmp France,NOVOTEL ORLEANS LA SOURCE SNC NMP FRANCE,Orléans,45,45,FR,,commerce,commerce,Commerce,19313b89__OpenCNIL_Liste_controles_2014_VD_20150604.csv,412,modalite_non_renseignee|pays_deduit
2014-e7160b3e-1,2014,videoprotection,Vidéo,non_renseignee,,Université d'Orléans,UNIVERSITE D ORLEANS,Orléans,45,45,FR,,education_culture_sport,education_culture_sport,Education/culture/sport,19313b89__OpenCNIL_Liste_controles_2014_VD_20150604.csv,413,modalite_non_renseignee|pays_deduit
2014-374160f5-1,2014,videoprotection,Vidéo,non_renseignee,,Commune de Salon-De-Provence,COMMUNE DE SALON DE PROVENCE,Salon-de-Provence,13,13,FR,,collectivites_territoriales,collectivites_territoriales,Collectivités locales,19313b89__OpenCNIL_Liste_controles_2014_VD_20150604.csv,414,modalite_non_renseignee|pays_deduit
2014-80529130-1,2014,videoprotection,Vidéo,non_renseignee,,Commune de Cabourg,COMMUNE DE CABOURG,Cabourg,14,14,FR,,collectivites_territoriales,collectivites_territoriales,Collectivités locales,19313b89__OpenCNIL_Liste_controles_2014_VD_20150604.csv,415,modalite_non_renseignee|pays_deduit
2014-3ae788d7-1,2014,videoprotection,Vidéo,non_renseignee,,Commune de Trouville-Sur-Mer,COMMUNE DE TROUVILLE SUR MER,Trouville-sur-Mer,14,14,FR,,collectivites_territoriales,collectivites_territoriales,Collectivités locales,19313b89__OpenCNIL_Liste_controles_2014_VD_20150604.csv,416,modalite_non_renseignee|pays_deduit
2014-36038fd6-1,2014,videoprotection,Vidéo,non_renseignee,,Hôtel Mercure Gare de Lyon,HOTEL MERCURE GARE DE LYON,Paris,75,75,FR,,commerce,commerce,Commerce,19313b89__OpenCNIL_Liste_controles_2014_VD_20150604.csv,417,modalite_non_renseignee|pays_deduit
2014-b41a2e40-1,2014,videoprotection,Vidéo,non_renseignee,,Castorama France,CASTORAMA FRANCE,Paris la Défense,92,92,FR,,commerce,commerce,Commerce,19313b89__OpenCNIL_Liste_controles_2014_VD_20150604.csv,418,modalite_non_renseignee|pays_deduit
2014-06fa8013-1,2014,videoprotection,Vidéo,non_renseignee,,Swarovski,SWAROVSKI,Puteaux,92,92,FR,,commerce,commerce,Commerce,19313b89__OpenCNIL_Liste_controles_2014_VD_20150604.csv,419,modalite_non_renseignee|pays_deduit
2014-21b07470-1,2014,videoprotection,Vidéo,non_renseignee,,Sephora,SEPHORA,Paris la Défense,92,92,FR,,commerce,commerce,Commerce,19313b89__OpenCNIL_Liste_controles_2014_VD_20150604.csv,420,modalite_non_renseignee|pays_deduit
2014-824c6ac4-1,2014,videoprotection,Vidéo,non_renseignee,,Csu Auxerre,CSU AUXERRE,Auxerre,89,89,FR,,collectivites_territoriales,collectivites_territoriales,Collectivités locales,19313b89__OpenCNIL_Liste_controles_2014_VD_20150604.csv,421,modalite_non_renseignee|pays_deduit
2014-f27fe6a5-1,2014,videoprotection,Vidéo,non_renseignee,,M.Bricolage,M BRICOLAGE,Auxerre,89,89,FR,,commerce,commerce,Commerce,19313b89__OpenCNIL_Liste_controles_2014_VD_20150604.csv,422,modalite_non_renseignee|pays_deduit
2014-0d06a750-1,2014,videoprotection,Vidéo,non_renseignee,,Planète Auto,PLANETE AUTO,Auxerre,89,89,FR,,commerce,commerce,Commerce,19313b89__OpenCNIL_Liste_controles_2014_VD_20150604.csv,423,modalite_non_renseignee|pays_deduit
2014-15e48920-1,2014,videoprotection,Vidéo,non_renseignee,,Smile Club,SMILE CLUB,Lille,59,59,FR,,commerce,commerce,Commerce,19313b89__OpenCNIL_Liste_controles_2014_VD_20150604.csv,424,modalite_non_renseignee|pays_deduit
2014-663b05fd-1,2014,videoprotection,Vidéo,non_renseignee,,Institut d'Emission des Départements d'Outre-Mer (IEDOM),INSTITUT D EMISSION DES DEPARTEMENTS D OUTRE MER IEDOM,Ile-de-la-Réunion,97,97,FR,,banque,banque,Banques-Finance,19313b89__OpenCNIL_Liste_controles_2014_VD_20150604.csv,425,modalite_non_renseignee|departement_a_preciser|pays_deduit
2014-d11a2e75-1,2014,videoprotection,Vidéo,non_renseignee,,Commune de Saint-Denis,COMMUNE DE SAINT DENIS,Saint-Denis-de-la-Réunion,97,97,FR,,collectivites_territoriales,collectivites_territoriales,Collectivités locales,19313b89__OpenCNIL_Liste_controles_2014_VD_20150604.csv,426,modalite_non_renseignee|departement_a_preciser|pays_deduit
2014-d9f761cc-1,2014,videoprotection,Vidéo,non_renseignee,,Commune d'Epernay,COMMUNE D EPERNAY,Epernay,51,51,FR,,collectivites_territoriales,collectivites_territoriales,Collectivités locales,19313b89__OpenCNIL_Liste_controles_2014_VD_20150604.csv,427,modalite_non_renseignee|pays_deduit
2014-b2ce0569-1,2014,videoprotection,Vidéo,non_renseignee,,Collège Sévigné,COLLEGE SEVIGNE,Paris,75,75,FR,,education_culture_sport,education_culture_sport,Education/culture/sport,19313b89__OpenCNIL_Liste_controles_2014_VD_20150604.csv,428,modalite_non_renseignee|pays_deduit
2014-cc9d38e1-1,2014,videoprotection,Vidéo,non_renseignee,,Hôtel Aigle Noir,HOTEL AIGLE NOIR,Fontainebleau,77,77,FR,,commerce,commerce,Commerce,19313b89__OpenCNIL_Liste_controles_2014_VD_20150604.csv,429,modalite_non_renseignee|pays_deduit
2014-9b25bf49-1,2014,loi78,Contrôles en ligne,en_ligne,,mutuelle-entrain.fr,MUTUELLE ENTRAIN FR,Paris,75,75,FR,,assurance,assurance,Assurance,19313b89__OpenCNIL_Liste_controles_2014_VD_20150604.csv,430,modalite_deduite_du_type|pays_deduit
2014-b57ceb71-1,2014,loi78,Contrôles en ligne,en_ligne,,accorhotels.fr,ACCORHOTELS FR,Paris,75,75,FR,,commerce,commerce,Commerce,19313b89__OpenCNIL_Liste_controles_2014_VD_20150604.csv,431,modalite_deduite_du_type|pays_deduit
2014-dd7086a8-1,2014,loi78,Contrôles en ligne,en_ligne,,apec.fr,APEC FR,Paris,75,75,FR,,commerce,commerce,Commerce,19313b89__OpenCNIL_Liste_controles_2014_VD_20150604.csv,432,modalite_deduite_du_type|pays_deduit
2014-4848a904-1,2014,loi78,Contrôles en ligne,en_ligne,,ursaff.fr,URSAFF FR,Paris,75,75,FR,,commerce,commerce,Commerce,19313b89__OpenCNIL_Liste_controles_2014_VD_20150604.csv,433,modalite_deduite_du_type|pays_deduit
2014-e61e2adc-1,2014,loi78,Contrôles en ligne,en_ligne,,marmiton.org,MARMITON ORG,Paris,75,75,FR,,commerce,commerce,Commerce,19313b89__OpenCNIL_Liste_controles_2014_VD_20150604.csv,434,modalite_deduite_du_type|pays_deduit
2014-1e77c742-1,2014,loi78,Contrôles en ligne,en_ligne,,lemonde.fr,LEMONDE FR,Paris,75,75,FR,,commerce,commerce,Commerce,19313b89__OpenCNIL_Liste_controles_2014_VD_20150604.csv,435,modalite_deduite_du_type|pays_deduit
2014-e932d8ed-1,2014,loi78,Contrôles en ligne,en_ligne,,celibest.com ; celibnord.com ; celibouest.com ; celibparis.com ; celiblyon.com ; celibsud.com ; celibsudouest.com,CELIBEST COM CELIBNORD COM CELIBOUEST COM CELIBPARIS COM CELIBLYON COM CELIBSUD COM CELIBSUDOUEST COM,Paris,75,75,FR,,commerce,commerce,Commerce,19313b89__OpenCNIL_Liste_controles_2014_VD_20150604.csv,436,modalite_deduite_du_type|pays_deduit
2014-d5ed62d2-1,2014,loi78,Contrôles en ligne,en_ligne,,routard.com,ROUTARD COM,Paris,75,75,FR,,commerce,commerce,Commerce,19313b89__OpenCNIL_Liste_controles_2014_VD_20150604.csv,437,modalite_deduite_du_type|pays_deduit
2014-ea539b53-1,2014,loi78,Contrôles en ligne,en_ligne,,paris.fr,PARIS FR,Paris,75,75,FR,,commerce,commerce,Commerce,19313b89__OpenCNIL_Liste_controles_2014_VD_20150604.csv,438,modalite_deduite_du_type|pays_deduit
2014-50bb6294-1,2014,loi78,Contrôles en ligne,en_ligne,,larousse.fr,LAROUSSE FR,Paris,75,75,FR,,commerce,commerce,Commerce,19313b89__OpenCNIL_Liste_controles_2014_VD_20150604.csv,439,modalite_deduite_du_type|pays_deduit
2014-6ebc8f29-1,2014,loi78,Contrôles en ligne,en_ligne,,ouest-France.fr,OUEST FRANCE FR,Paris,75,75,FR,,commerce,commerce,Commerce,19313b89__OpenCNIL_Liste_controles_2014_VD_20150604.csv,440,modalite_deduite_du_type|pays_deduit
2014-dbf40037-1,2014,loi78,Contrôles en ligne,en_ligne,,lefigaro.fr,LEFIGARO FR,Paris,75,75,FR,,commerce,commerce,Commerce,19313b89__OpenCNIL_Liste_controles_2014_VD_20150604.csv,441,modalite_deduite_du_type|pays_deduit
2014-956dad15-1,2014,loi78,Contrôles en ligne,en_ligne,,meteofrance.com,METEOFRANCE COM,Paris,75,75,FR,,commerce,commerce,Commerce,19313b89__OpenCNIL_Liste_controles_2014_VD_20150604.csv,442,modalite_deduite_du_type|pays_deduit
2014-94579169-1,2014,loi78,Contrôles en ligne,en_ligne,,slate.fr,SLATE FR,Paris,75,75,FR,,commerce,commerce,Commerce,19313b89__OpenCNIL_Liste_controles_2014_VD_20150604.csv,443,modalite_deduite_du_type|pays_deduit
2014-a32807d5-1,2014,loi78,Contrôles en ligne,en_ligne,,lachainemeteo.fr,LACHAINEMETEO FR,Paris,75,75,FR,,commerce,commerce,Commerce,19313b89__OpenCNIL_Liste_controles_2014_VD_20150604.csv,444,modalite_deduite_du_type|pays_deduit
2014-6600898a-1,2014,loi78,Contrôles en ligne,en_ligne,,mes-meilleurs-films.com,MES MEILLEURS FILMS COM,Paris,75,75,FR,,commerce,commerce,Commerce,19313b89__OpenCNIL_Liste_controles_2014_VD_20150604.csv,445,modalite_deduite_du_type|pays_deduit
2014-45596a62-1,2014,loi78,Contrôles en ligne,en_ligne,,boulanger.fr,BOULANGER FR,Paris,75,75,FR,,commerce,commerce,Commerce,19313b89__OpenCNIL_Liste_controles_2014_VD_20150604.csv,446,modalite_deduite_du_type|pays_deduit
2014-08fbe0c1-1,2014,loi78,Contrôles en ligne,en_ligne,,metronews.fr,METRONEWS FR,Paris,75,75,FR,,commerce,commerce,Commerce,19313b89__OpenCNIL_Liste_controles_2014_VD_20150604.csv,447,modalite_deduite_du_type|pays_deduit
2014-753dedca-1,2014,loi78,Contrôles en ligne,en_ligne,,auchan.fr,AUCHAN FR,Paris,75,75,FR,,commerce,commerce,Commerce,19313b89__OpenCNIL_Liste_controles_2014_VD_20150604.csv,448,modalite_deduite_du_type|pays_deduit
2014-41323f35-1,2014,loi78,Contrôles en ligne,en_ligne,,centerblog.net,CENTERBLOG NET,Paris,75,75,FR,,commerce,commerce,Commerce,19313b89__OpenCNIL_Liste_controles_2014_VD_20150604.csv,449,modalite_deduite_du_type|pays_deduit
2014-a8bbc07b-1,2014,loi78,Contrôles en ligne,en_ligne,,huffingtonpost.fr,HUFFINGTONPOST FR,Paris,75,75,FR,,commerce,commerce,Commerce,19313b89__OpenCNIL_Liste_controles_2014_VD_20150604.csv,450,modalite_deduite_du_type|pays_deduit
2014-d8da4581-1,2014,loi78,Contrôles en ligne,en_ligne,,colissimo.fr,COLISSIMO FR,Paris,75,75,FR,,commerce,commerce,Commerce,19313b89__OpenCNIL_Liste_controles_2014_VD_20150604.csv,451,modalite_deduite_du_type|pays_deduit
2014-a6257d40-1,2014,loi78,Contrôles en ligne,en_ligne,,comprendrechoisir.com,COMPRENDRECHOISIR COM,Paris,75,75,FR,,commerce,commerce,Commerce,19313b89__OpenCNIL_Liste_controles_2014_VD_20150604.csv,452,modalite_deduite_du_type|pays_deduit
2014-ba095931-1,2014,loi78,Contrôles en ligne,en_ligne,,ladepeche.fr,LADEPECHE FR,Paris,75,75,FR,,commerce,commerce,Commerce,19313b89__OpenCNIL_Liste_controles_2014_VD_20150604.csv,454,modalite_deduite_du_type|pays_deduit
2014-1842fcf4-1,2014,loi78,Contrôles en ligne,en_ligne,,challenges.fr,CHALLENGES FR,Paris,75,75,FR,,commerce,commerce,Commerce,19313b89__OpenCNIL_Liste_controles_2014_VD_20150604.csv,455,modalite_deduite_du_type|pays_deduit
2014-7cf950ec-1,2014,loi78,Contrôles en ligne,en_ligne,,europe1.fr,EUROPE1 FR,Paris,75,75,FR,,commerce,commerce,Commerce,19313b89__OpenCNIL_Liste_controles_2014_VD_20150604.csv,456,modalite_deduite_du_type|pays_deduit
2014-e1896a38-1,2014,loi78,Contrôles en ligne,en_ligne,,megacinema.fr,MEGACINEMA FR,Paris,75,75,FR,,commerce,commerce,Commerce,19313b89__OpenCNIL_Liste_controles_2014_VD_20150604.csv,457,modalite_deduite_du_type|pays_deduit
2014-37db3ada-1,2014,loi78,Contrôles en ligne,en_ligne,,nouvelobs.com,NOUVELOBS COM,Paris,75,75,FR,,commerce,commerce,Commerce,19313b89__OpenCNIL_Liste_controles_2014_VD_20150604.csv,458,modalite_deduite_du_type|pays_deduit
2014-042443d8-1,2014,loi78,Contrôles en ligne,en_ligne,,commentcamarche.net,COMMENTCAMARCHE NET,Paris,75,75,FR,,commerce,commerce,Commerce,19313b89__OpenCNIL_Liste_controles_2014_VD_20150604.csv,459,modalite_deduite_du_type|pays_deduit
2014-0f639310-1,2014,loi78,Contrôles en ligne,en_ligne,,lexpress.fr,LEXPRESS FR,Paris,75,75,FR,,commerce,commerce,Commerce,19313b89__OpenCNIL_Liste_controles_2014_VD_20150604.csv,460,modalite_deduite_du_type|pays_deduit
2014-c340af22-1,2014,loi78,Contrôles en ligne,en_ligne,,cassis.fr (Commune de Cassis),CASSIS FR COMMUNE DE CASSIS,Paris,75,75,FR,,collectivites_territoriales,collectivites_territoriales,Collectivités locales,19313b89__OpenCNIL_Liste_controles_2014_VD_20150604.csv,461,modalite_deduite_du_type|pays_deduit
2014-29a69120-1,2014,loi78,Contrôles en ligne,en_ligne,,fresnes94.fr (Commune de Fresnes),FRESNES94 FR COMMUNE DE FRESNES,Paris,75,75,FR,,collectivites_territoriales,collectivites_territoriales,Collectivités locales,19313b89__OpenCNIL_Liste_controles_2014_VD_20150604.csv,462,modalite_deduite_du_type|pays_deduit
2014-1a21cfab-1,2014,loi78,Contrôles en ligne,en_ligne,,mairie-orly.fr (Commune de d'Orly),MAIRIE ORLY FR COMMUNE DE D ORLY,Paris,75,75,FR,,collectivites_territoriales,collectivites_territoriales,Collectivités locales,19313b89__OpenCNIL_Liste_controles_2014_VD_20150604.csv,463,modalite_deduite_du_type|pays_deduit
2014-5ba5a0aa-1,2014,loi78,Contrôles en ligne,en_ligne,,lagarennecolombes.fr (Commune de la Garenne Colombes),LAGARENNECOLOMBES FR COMMUNE DE LA GARENNE COLOMBES,Paris,75,75,FR,,collectivites_territoriales,collectivites_territoriales,Collectivités locales,19313b89__OpenCNIL_Liste_controles_2014_VD_20150604.csv,464,modalite_deduite_du_type|pays_deduit
2014-ecadfdf5-1,2014,loi78,Contrôles en ligne,en_ligne,,ville-vichy.fr (Commune de Vichy),VILLE VICHY FR COMMUNE DE VICHY,Paris,75,75,FR,,collectivites_territoriales,collectivites_territoriales,Collectivités locales,19313b89__OpenCNIL_Liste_controles_2014_VD_20150604.csv,465,modalite_deduite_du_type|pays_deduit
2014-2855d765-1,2014,loi78,Contrôles en ligne,en_ligne,,univ-angers.fr (Université d'Angers),UNIV ANGERS FR UNIVERSITE D ANGERS,Paris,75,75,FR,,education_culture_sport,education_culture_sport,Education/culture/sport,19313b89__OpenCNIL_Liste_controles_2014_VD_20150604.csv,466,modalite_deduite_du_type|pays_deduit
2014-6b10ce04-1,2014,loi78,Contrôles en ligne,en_ligne,,u-pem.fr (Université Paris Est Marne la Vallée),U PEM FR UNIVERSITE PARIS EST MARNE LA VALLEE,Paris,75,75,FR,,education_culture_sport,education_culture_sport,Education/culture/sport,19313b89__OpenCNIL_Liste_controles_2014_VD_20150604.csv,467,modalite_deduite_du_type|pays_deduit
2014-b38e92c7-1,2014,loi78,Contrôles en ligne,en_ligne,,nodaron,NODARON,Paris,75,75,FR,,commerce,commerce,Commerce,19313b89__OpenCNIL_Liste_controles_2014_VD_20150604.csv,468,modalite_deduite_du_type|pays_deduit
2014-9a2fa645-1,2014,loi78,Contrôles en ligne,en_ligne,,dardilly.fr,DARDILLY FR,Paris,75,75,FR,,collectivites_territoriales,collectivites_territoriales,Collectivités locales,19313b89__OpenCNIL_Liste_controles_2014_VD_20150604.csv,469,modalite_deduite_du_type|pays_deduit
2014-20bc05b4-1,2014,loi78,Contrôles en ligne,en_ligne,,"nancy,fr",NANCY FR,Paris,75,75,FR,,collectivites_territoriales,collectivites_territoriales,Collectivités locales,19313b89__OpenCNIL_Liste_controles_2014_VD_20150604.csv,470,modalite_deduite_du_type|pays_deduit
2014-f10e11c3-1,2014,loi78,Contrôles en ligne,en_ligne,,over-blog.com,OVER BLOG COM,Paris,75,75,FR,,commerce,commerce,Commerce,19313b89__OpenCNIL_Liste_controles_2014_VD_20150604.csv,471,modalite_deduite_du_type|pays_deduit
2014-cd8ecc67-1,2014,loi78,Contrôles en ligne,en_ligne,,iut-bv.univ-fcomte.fr,IUT BV UNIV FCOMTE FR,Paris,75,75,FR,,education_culture_sport,education_culture_sport,Education/culture/sport,19313b89__OpenCNIL_Liste_controles_2014_VD_20150604.csv,472,modalite_deduite_du_type|pays_deduit
2014-b3cc4187-1,2014,loi78,Contrôles en ligne,en_ligne,,diet-avenue.com (Eol Group),DIET AVENUE COM EOL GROUP,Paris,75,75,FR,,commerce,commerce,Commerce,19313b89__OpenCNIL_Liste_controles_2014_VD_20150604.csv,473,modalite_deduite_du_type|pays_deduit
2014-763ad75c-1,2014,loi78,Contrôles en ligne,en_ligne,,toulouse.fr (Commune de Toulouse),TOULOUSE FR COMMUNE DE TOULOUSE,Paris,75,75,FR,,collectivites_territoriales,collectivites_territoriales,Collectivités locales,19313b89__OpenCNIL_Liste_controles_2014_VD_20150604.csv,474,modalite_deduite_du_type|pays_deduit
2014-fa30faa1-1,2014,loi78,Contrôles en ligne,en_ligne,,strasbourg.eu (Commune de Strasbourg),STRASBOURG EU COMMUNE DE STRASBOURG,Paris,75,75,FR,,collectivites_territoriales,collectivites_territoriales,Collectivités locales,19313b89__OpenCNIL_Liste_controles_2014_VD_20150604.csv,475,modalite_deduite_du_type|pays_deduit
2014-e6d2d6a0-1,2014,loi78,Contrôles en ligne,en_ligne,,colombes.fr (Commune de Colombes),COLOMBES FR COMMUNE DE COLOMBES,Paris,75,75,FR,,collectivites_territoriales,collectivites_territoriales,Collectivités locales,19313b89__OpenCNIL_Liste_controles_2014_VD_20150604.csv,476,modalite_deduite_du_type|pays_deduit
2014-3a03492a-1,2014,loi78,Contrôles en ligne,en_ligne,,mairie-aixenprovence.fr (Commune d'Aix-En-Provence),MAIRIE AIXENPROVENCE FR COMMUNE D AIX EN PROVENCE,Paris,75,75,FR,,collectivites_territoriales,collectivites_territoriales,Collectivités locales,19313b89__OpenCNIL_Liste_controles_2014_VD_20150604.csv,477,modalite_deduite_du_type|pays_deduit
2014-c3ebe153-1,2014,loi78,Contrôles en ligne,en_ligne,,roche-la-moliere.fr (Commune de Roche-La-Molière),ROCHE LA MOLIERE FR COMMUNE DE ROCHE LA MOLIERE,Paris,75,75,FR,,collectivites_territoriales,collectivites_territoriales,Collectivités locales,19313b89__OpenCNIL_Liste_controles_2014_VD_20150604.csv,478,modalite_deduite_du_type|pays_deduit
2014-9e395b77-1,2014,loi78,Contrôles en ligne,en_ligne,,narbonne.fr,NARBONNE FR,Paris,75,75,FR,,collectivites_territoriales,collectivites_territoriales,Collectivités locales,19313b89__OpenCNIL_Liste_controles_2014_VD_20150604.csv,479,modalite_deduite_du_type|pays_deduit
2014-f017cdca-1,2014,loi78,Contrôles en ligne,en_ligne,,univ-montp2.fr (Université de Montpellier),UNIV MONTP2 FR UNIVERSITE DE MONTPELLIER,Paris,75,75,FR,,education_culture_sport,education_culture_sport,Education/culture/sport,19313b89__OpenCNIL_Liste_controles_2014_VD_20150604.csv,480,modalite_deduite_du_type|pays_deduit
2014-74f00bec-1,2014,loi78,Contrôles en ligne,en_ligne,,univ-tlse3.fr (Université Toulouse 3),UNIV TLSE3 FR UNIVERSITE TOULOUSE 3,Paris,75,75,FR,,education_culture_sport,education_culture_sport,Education/culture/sport,19313b89__OpenCNIL_Liste_controles_2014_VD_20150604.csv,481,modalite_deduite_du_type|pays_deduit
2014-b37e9993-1,2014,loi78,Contrôles en ligne,en_ligne,,u-bordeaux-montaigne.fr (Université de Bordeaux Montaigne),U BORDEAUX MONTAIGNE FR UNIVERSITE DE BORDEAUX MONTAIGNE,Paris,75,75,FR,,education_culture_sport,education_culture_sport,Education/culture/sport,19313b89__OpenCNIL_Liste_controles_2014_VD_20150604.csv,482,modalite_deduite_du_type|pays_deduit
2014-de160727-1,2014,loi78,Contrôles en ligne,en_ligne,,univ-pau.fr (Université de Pau et des Pays de l'Adour),UNIV PAU FR UNIVERSITE DE PAU ET DES PAYS DE L ADOUR,Paris,75,75,FR,,education_culture_sport,education_culture_sport,Education/culture/sport,19313b89__OpenCNIL_Liste_controles_2014_VD_20150604.csv,483,modalite_deduite_du_type|pays_deduit
2014-8d40c904-1,2014,loi78,Contrôles en ligne,en_ligne,,iut.univ-avignon.fr (Université d'Avignon et des Pays du Vaucluse),IUT UNIV AVIGNON FR UNIVERSITE D AVIGNON ET DES PAYS DU VAUCLUSE,Paris,75,75,FR,,education_culture_sport,education_culture_sport,Education/culture/sport,19313b89__OpenCNIL_Liste_controles_2014_VD_20150604.csv,484,modalite_deduite_du_type|pays_deduit
2014-6a8652a0-1,2014,loi78,Contrôles en ligne,en_ligne,,clermont-ferrand.fr,CLERMONT FERRAND FR,Paris,75,75,FR,,collectivites_territoriales,collectivites_territoriales,Collectivités locales,19313b89__OpenCNIL_Liste_controles_2014_VD_20150604.csv,485,modalite_deduite_du_type|pays_deduit
2014-4edbcba8-1,2014,loi78,Contrôles en ligne,en_ligne,,u-bordeaux.fr,U BORDEAUX FR,Paris,75,75,FR,,commerce,commerce,Commerce,19313b89__OpenCNIL_Liste_controles_2014_VD_20150604.csv,486,modalite_deduite_du_type|pays_deduit
2014-1d42ac1a-1,2014,loi78,Contrôles en ligne,en_ligne,,www.ville-chateaudun.fr (Commune De Chateaudun),WWW VILLE CHATEAUDUN FR COMMUNE DE CHATEAUDUN,Paris,75,75,FR,,collectivites_territoriales,collectivites_territoriales,Collectivités locales,19313b89__OpenCNIL_Liste_controles_2014_VD_20150604.csv,487,modalite_deduite_du_type|pays_deduit
2014-667bbceb-1,2014,loi78,Contrôles en ligne,en_ligne,,ville-aubierre.fr,VILLE AUBIERRE FR,Paris,75,75,FR,,collectivites_territoriales,collectivites_territoriales,Collectivités locales,19313b89__OpenCNIL_Liste_controles_2014_VD_20150604.csv,488,modalite_deduite_du_type|pays_deduit
2015-5a4d319d-1,2015,loi78,loi 78,non_renseignee,,BOURSE DE L'IMMOBILIER,BOURSE DE L IMMOBILIER,Bordeaux,33,33,FR,,immobilier,immobilier,Immobilier,f0173389__OpenCNIL_liste_controles_2015.csv,3,modalite_non_renseignee|pays_deduit
2015-ccda4361-1,2015,loi78,loi 78,non_renseignee,,MGI-TWC SAS,MGI TWC SAS,Les Fins,25,25,FR,,commerce,commerce,Commerce,f0173389__OpenCNIL_liste_controles_2015.csv,4,modalite_non_renseignee|pays_deduit
2015-5d4f6f19-1,2015,loi78,loi 78,non_renseignee,,SPORTSDIRECT.COM FRANCE,SPORTSDIRECT COM FRANCE,Fresnes,94,94,FR,,commerce,commerce,Commerce,f0173389__OpenCNIL_liste_controles_2015.csv,5,modalite_non_renseignee|pays_deduit
2015-9d744b41-1,2015,loi78,loi 78,non_renseignee,,AUTOLIB',AUTOLIB,Vaucresson,92,92,FR,,transports,transports,Transport,f0173389__OpenCNIL_liste_controles_2015.csv,6,modalite_non_renseignee|pays_deduit
2015-8627fdbb-1,2015,loi78,loi 78,non_renseignee,,ASSURLAND.COM,ASSURLAND COM,Paris,75,75,FR,,commerce,commerce,Commerce,f0173389__OpenCNIL_liste_controles_2015.csv,7,modalite_non_renseignee|pays_deduit
2015-a20d6fe7-1,2015,loi78,loi 78,non_renseignee,,CARREFOUR BANQUE,CARREFOUR BANQUE,Courcouronnes,91,91,FR,,banque,banque,Banques,f0173389__OpenCNIL_liste_controles_2015.csv,8,modalite_non_renseignee|pays_deduit
2015-2f7f0699-1,2015,loi78,loi 78,non_renseignee,,EUROPE RESEAUX - 1789.FR,EUROPE RESEAUX 1789 FR,Paris,75,75,FR,,commerce,commerce,Commerce,f0173389__OpenCNIL_liste_controles_2015.csv,10,modalite_non_renseignee|organisme_multiligne|pays_deduit
2015-28e488c1-1,2015,loi78,loi 78,non_renseignee,,RENTABILIWEB MARKETING,RENTABILIWEB MARKETING,Levallois Perret,92,92,FR,,commerce,commerce,Commerce,f0173389__OpenCNIL_liste_controles_2015.csv,12,modalite_non_renseignee|pays_deduit
2015-28e488c1-2,2015,loi78,loi 78,non_renseignee,,RENTABILIWEB MARKETING,RENTABILIWEB MARKETING,Levallois Perret,92,92,FR,,commerce,commerce,Commerce,f0173389__OpenCNIL_liste_controles_2015.csv,13,modalite_non_renseignee|pays_deduit|ligne_dupliquee
2015-1a8dacea-1,2015,loi78,loi 78,non_renseignee,,MINISTÈRE DES FINANCES ET DES COMPTES PUBLICS - SITE HÉBERGEMENT,MINISTERE DES FINANCES ET DES COMPTES PUBLICS SITE HEBERGEMENT,Bussy saint Georges,77,77,FR,,banque,banque,Banques,f0173389__OpenCNIL_liste_controles_2015.csv,14,modalite_non_renseignee|organisme_multiligne|pays_deduit
2015-6a66c915-1,2015,loi78,loi 78,non_renseignee,,MINISTÈRE DES FINANCES ET DES COMPTES PUBLICS - DIRECTION GÉNÉRALE DES FINANCES PUBLIQUES,MINISTERE DES FINANCES ET DES COMPTES PUBLICS DIRECTION GENERALE DES FINANCES PUBLIQUES,Paris,75,75,FR,,banque,banque,Banques,f0173389__OpenCNIL_liste_controles_2015.csv,16,modalite_non_renseignee|organisme_multiligne|pays_deduit
2015-e97f7adb-1,2015,loi78,loi 78,non_renseignee,,MINISTÈRE DES FINANCES ET DES COMPTES PUBLICS - DIRECTION NATIONALE D'ENQUÊTES FISCALES,MINISTERE DES FINANCES ET DES COMPTES PUBLICS DIRECTION NATIONALE D ENQUETES FISCALES,Pantin,93,93,FR,,banque,banque,Banques,f0173389__OpenCNIL_liste_controles_2015.csv,18,modalite_non_renseignee|organisme_multiligne|pays_deduit
2015-1d199ed8-1,2015,loi78,loi 78,non_renseignee,,MINISTÈRE DES FINANCES ET DES COMPTES PUBLICS - ETABLISSEMENT DE SERVICES INFORMATIQUES DE LILLE MEUREIN,MINISTERE DES FINANCES ET DES COMPTES PUBLICS ETABLISSEMENT DE SERVICES INFORMATIQUES DE LILLE MEUREIN,Lille,59,59,FR,,banque,banque,Banques,f0173389__OpenCNIL_liste_controles_2015.csv,20,modalite_non_renseignee|organisme_multiligne|pays_deduit
2015-4cfdda70-1,2015,loi78,loi 78,non_renseignee,,MINISTÈRE DES FINANCES ET DES COMPTES PUBLICS - ETABLISSEMENT DE SERVICES INFORMATIQUES DE STRASBOURG GÉNÉRAL PICQUART,MINISTERE DES FINANCES ET DES COMPTES PUBLICS ETABLISSEMENT DE SERVICES INFORMATIQUES DE STRASBOURG GENERAL PICQUART,Strasbourg,67,67,FR,,banque,banque,Banques,f0173389__OpenCNIL_liste_controles_2015.csv,22,modalite_non_renseignee|organisme_multiligne|pays_deduit
2015-f7b64764-1,2015,loi78,loi 78,non_renseignee,,MINISTÈRE DES FINANCES ET DES COMPTES PUBLICS,MINISTERE DES FINANCES ET DES COMPTES PUBLICS,Noisy le Grand,93,93,FR,,banque,banque,Banques,f0173389__OpenCNIL_liste_controles_2015.csv,24,modalite_non_renseignee|pays_deduit
2015-f13add3a-1,2015,loi78,loi 78,non_renseignee,,MINISTÈRE DES FINANCES ET DES COMPTES PUBLICS,MINISTERE DES FINANCES ET DES COMPTES PUBLICS,Charleville Mezières,08,08,FR,,banque,banque,Banques,f0173389__OpenCNIL_liste_controles_2015.csv,25,modalite_non_renseignee|pays_deduit
2015-dcf4ad80-1,2015,loi78,loi 78,non_renseignee,,MINISTÈRE DES FINANCES ET DES COMPTES PUBLICS (BRIGADE DE CONTRÔLE ET DE RECHERCHES),MINISTERE DES FINANCES ET DES COMPTES PUBLICS BRIGADE DE CONTROLE ET DE RECHERCHES,Vanves,92,92,FR,,banque,banque,Banques,f0173389__OpenCNIL_liste_controles_2015.csv,26,modalite_non_renseignee|pays_deduit
2015-29818cb1-1,2015,loi78,loi 78,non_renseignee,,PRICEMINISTER,PRICEMINISTER,Paris,75,75,FR,,commerce,commerce,Commerce,f0173389__OpenCNIL_liste_controles_2015.csv,27,modalite_non_renseignee|pays_deduit
2015-bf3ed03c-1,2015,loi78,loi 78,non_renseignee,,EFFICIENCY NETWORK,EFFICIENCY NETWORK,Paris,75,75,FR,,commerce,commerce,Commerce,f0173389__OpenCNIL_liste_controles_2015.csv,28,modalite_non_renseignee|pays_deduit
2015-da996725-1,2015,loi78,loi 78,non_renseignee,,REGIE COMMUNAUTAIRE D'EXPLOITATION DE PARCS DE STATIONNEMENT,REGIE COMMUNAUTAIRE D EXPLOITATION DE PARCS DE STATIONNEMENT,Bordeaux,33,33,FR,,transports,transports,Transport,f0173389__OpenCNIL_liste_controles_2015.csv,29,modalite_non_renseignee|pays_deduit
2015-bb90212d-1,2015,loi78,loi 78,non_renseignee,,SOCIÉTÉ COURTANET,SOCIETE COURTANET,Paris,75,75,FR,,assurance,assurance,Assurance,f0173389__OpenCNIL_liste_controles_2015.csv,30,modalite_non_renseignee|pays_deduit
2015-3b8f8dd5-1,2015,loi78,loi 78,non_renseignee,,SECUVAD,SECUVAD,Nanterre,92,92,FR,,banque,banque,Banques,f0173389__OpenCNIL_liste_controles_2015.csv,31,modalite_non_renseignee|pays_deduit
2015-7f0e4dc6-1,2015,loi78,loi 78,non_renseignee,,OPTICAL CENTER,OPTICAL CENTER,Paris,75,75,FR,,commerce,commerce,Commerce,f0173389__OpenCNIL_liste_controles_2015.csv,32,modalite_non_renseignee|pays_deduit
2015-7f0e4dc6-2,2015,loi78,loi 78,non_renseignee,,OPTICAL CENTER,OPTICAL CENTER,Paris,75,75,FR,,commerce,commerce,Commerce,f0173389__OpenCNIL_liste_controles_2015.csv,33,modalite_non_renseignee|pays_deduit|ligne_dupliquee
2015-345b5294-1,2015,loi78,loi 78,non_renseignee,,R2J COMPANY,R2J COMPANY,Argenteuil,95,95,FR,,commerce,commerce,Commerce,f0173389__OpenCNIL_liste_controles_2015.csv,34,modalite_non_renseignee|pays_deduit
2015-0057143c-1,2015,loi78,loi 78,non_renseignee,,SANTÉ MUTUELLE SERVICES,SANTE MUTUELLE SERVICES,Rilleux la Rape,69,69,FR,,sante_social,sante_social,Santé/ social,f0173389__OpenCNIL_liste_controles_2015.csv,35,modalite_non_renseignee|pays_deduit
2015-31f0101e-1,2015,loi78,loi 78,non_renseignee,,BNP PARIBAS,BNP PARIBAS,Paris,75,75,FR,,banque,banque,Banques,f0173389__OpenCNIL_liste_controles_2015.csv,37,modalite_non_renseignee|pays_deduit
2015-31f0101e-2,2015,loi78,loi 78,non_renseignee,,BNP PARIBAS,BNP PARIBAS,Paris,75,75,FR,,banque,banque,Banques,f0173389__OpenCNIL_liste_controles_2015.csv,38,modalite_non_renseignee|pays_deduit|ligne_dupliquee
2015-efc6148b-1,2015,loi78,loi 78,non_renseignee,,CARREFOUR SYSTÈMES D'INFORMATION FRANCE (CSIF),CARREFOUR SYSTEMES D INFORMATION FRANCE CSIF,Lyon,69,69,FR,,commerce,commerce,Commerce,f0173389__OpenCNIL_liste_controles_2015.csv,39,modalite_non_renseignee|pays_deduit
2015-c2b419d6-1,2015,loi78,loi 78,non_renseignee,,CELSIUS ONLINE,CELSIUS ONLINE,Paris,75,75,FR,,commerce,commerce,Commerce,f0173389__OpenCNIL_liste_controles_2015.csv,40,modalite_non_renseignee|pays_deduit
2015-6e5f96cc-1,2015,loi78,loi 78,non_renseignee,,BANQUE DE FRANCE,BANQUE DE FRANCE,Poitiers,86,86,FR,,banque,banque,Banques,f0173389__OpenCNIL_liste_controles_2015.csv,41,modalite_non_renseignee|pays_deduit
2015-6e5f96cc-2,2015,loi78,loi 78,non_renseignee,,BANQUE DE FRANCE,BANQUE DE FRANCE,Poitiers,86,86,FR,,banque,banque,Banques,f0173389__OpenCNIL_liste_controles_2015.csv,42,modalite_non_renseignee|pays_deduit|ligne_dupliquee
2015-eac58a47-1,2015,loi78,loi 78,non_renseignee,,ASSOCIATION CONTRIBUABLES ASSOCIÉS,ASSOCIATION CONTRIBUABLES ASSOCIES,Paris,75,75,FR,,commerce,commerce,Commerce,f0173389__OpenCNIL_liste_controles_2015.csv,43,modalite_non_renseignee|pays_deduit
2015-5fab546e-1,2015,loi78,loi 78,non_renseignee,,PHOENIX CORP,PHOENIX CORP,Paris,75,75,FR,,commerce,commerce,Commerce,f0173389__OpenCNIL_liste_controles_2015.csv,44,modalite_non_renseignee|pays_deduit
2015-267a7180-1,2015,loi78,loi 78,non_renseignee,,MINISTÈRE DE LA JUSTICE - FIJAISV,MINISTERE DE LA JUSTICE FIJAISV,Paris,75,75,FR,,police_justice_securite,etat_regalien,Police/ justice/ sécurité,f0173389__OpenCNIL_liste_controles_2015.csv,45,modalite_non_renseignee|organisme_multiligne|pays_deduit
2015-267a7180-2,2015,loi78,loi 78,non_renseignee,,MINISTÈRE DE LA JUSTICE - FIJAISV,MINISTERE DE LA JUSTICE FIJAISV,Paris,75,75,FR,,police_justice_securite,etat_regalien,Police/ justice/ sécurité,f0173389__OpenCNIL_liste_controles_2015.csv,47,modalite_non_renseignee|organisme_multiligne|pays_deduit|ligne_dupliquee
2015-267a7180-3,2015,loi78,loi 78,non_renseignee,,MINISTÈRE DE LA JUSTICE - FIJAISV,MINISTERE DE LA JUSTICE FIJAISV,Paris,75,75,FR,,police_justice_securite,etat_regalien,Police/ justice/ sécurité,f0173389__OpenCNIL_liste_controles_2015.csv,49,modalite_non_renseignee|organisme_multiligne|pays_deduit|ligne_dupliquee
2015-267a7180-4,2015,loi78,loi 78,non_renseignee,,MINISTÈRE DE LA JUSTICE - FIJAISV,MINISTERE DE LA JUSTICE FIJAISV,Paris,75,75,FR,,police_justice_securite,etat_regalien,Police/ justice/ sécurité,f0173389__OpenCNIL_liste_controles_2015.csv,51,modalite_non_renseignee|organisme_multiligne|pays_deduit|ligne_dupliquee
2015-267a7180-5,2015,loi78,loi 78,non_renseignee,,MINISTÈRE DE LA JUSTICE - FIJAISV,MINISTERE DE LA JUSTICE FIJAISV,Paris,75,75,FR,,police_justice_securite,etat_regalien,Police/ justice/ sécurité,f0173389__OpenCNIL_liste_controles_2015.csv,53,modalite_non_renseignee|organisme_multiligne|pays_deduit|ligne_dupliquee
2015-267a7180-6,2015,loi78,loi 78,non_renseignee,,MINISTÈRE DE LA JUSTICE - FIJAISV,MINISTERE DE LA JUSTICE FIJAISV,Paris,75,75,FR,,police_justice_securite,etat_regalien,Police/ justice/ sécurité,f0173389__OpenCNIL_liste_controles_2015.csv,55,modalite_non_renseignee|organisme_multiligne|pays_deduit|ligne_dupliquee
2015-267a7180-7,2015,loi78,loi 78,non_renseignee,,MINISTÈRE DE LA JUSTICE - FIJAISV,MINISTERE DE LA JUSTICE FIJAISV,Paris,75,75,FR,,police_justice_securite,etat_regalien,Police/ justice/ sécurité,f0173389__OpenCNIL_liste_controles_2015.csv,57,modalite_non_renseignee|organisme_multiligne|pays_deduit|ligne_dupliquee
2015-267a7180-8,2015,loi78,loi 78,non_renseignee,,MINISTÈRE DE LA JUSTICE - FIJAISV,MINISTERE DE LA JUSTICE FIJAISV,Paris,75,75,FR,,police_justice_securite,etat_regalien,Police/ justice/ sécurité,f0173389__OpenCNIL_liste_controles_2015.csv,59,modalite_non_renseignee|organisme_multiligne|pays_deduit|ligne_dupliquee
2015-267a7180-9,2015,loi78,loi 78,non_renseignee,,MINISTÈRE DE LA JUSTICE - FIJAISV,MINISTERE DE LA JUSTICE FIJAISV,Paris,75,75,FR,,police_justice_securite,etat_regalien,Police/ justice/ sécurité,f0173389__OpenCNIL_liste_controles_2015.csv,61,modalite_non_renseignee|organisme_multiligne|pays_deduit|ligne_dupliquee
2015-267a7180-10,2015,loi78,loi 78,non_renseignee,,MINISTÈRE DE LA JUSTICE - FIJAISV,MINISTERE DE LA JUSTICE FIJAISV,Paris,75,75,FR,,police_justice_securite,etat_regalien,Police/ justice/ sécurité,f0173389__OpenCNIL_liste_controles_2015.csv,63,modalite_non_renseignee|organisme_multiligne|pays_deduit|ligne_dupliquee
2015-8a21f28d-1,2015,loi78,loi 78,non_renseignee,,MINISTÈRE DE LA JUSTICE,MINISTERE DE LA JUSTICE,Grenoble,38,38,FR,,police_justice_securite,etat_regalien,Police/ justice/ sécurité,f0173389__OpenCNIL_liste_controles_2015.csv,65,modalite_non_renseignee|pays_deduit
2015-7c2dcaf3-1,2015,loi78,loi 78,non_renseignee,,MINISTÈRE DE LA JUSTICE - PRÉFECTURE DE L'ISÈRE,MINISTERE DE LA JUSTICE PREFECTURE DE L ISERE,Grenoble,38,38,FR,,police_justice_securite,etat_regalien,Police/ justice/ sécurité,f0173389__OpenCNIL_liste_controles_2015.csv,66,modalite_non_renseignee|organisme_multiligne|pays_deduit
2015-c54e5e2c-1,2015,loi78,loi 78,non_renseignee,,MINISTÈRE DE LA JUSTICE - CENTRE DE DÉTENTION DE TARASCON,MINISTERE DE LA JUSTICE CENTRE DE DETENTION DE TARASCON,Tarascon,13,13,FR,,police_justice_securite,etat_regalien,Police/ justice/ sécurité,f0173389__OpenCNIL_liste_controles_2015.csv,68,modalite_non_renseignee|organisme_multiligne|pays_deduit
2015-ea7690a9-1,2015,loi78,loi 78,non_renseignee,,MINISTÈRE DE LA JUSTICE - COMMISSARIAT DE POLICE D'ARLES,MINISTERE DE LA JUSTICE COMMISSARIAT DE POLICE D ARLES,Arles,13,13,FR,,police_justice_securite,etat_regalien,Police/ justice/ sécurité,f0173389__OpenCNIL_liste_controles_2015.csv,71,modalite_non_renseignee|organisme_multiligne|pays_deduit
2015-dd526c80-1,2015,loi78,loi 78,non_renseignee,,MINISTÈRE DE LA JUSTICE - PRÉFECTURE DES HAUTS DE SEINE,MINISTERE DE LA JUSTICE PREFECTURE DES HAUTS DE SEINE,Nanterre,92,92,FR,,police_justice_securite,etat_regalien,Police/ justice/ sécurité,f0173389__OpenCNIL_liste_controles_2015.csv,74,modalite_non_renseignee|organisme_multiligne|pays_deduit
2015-1c66b169-1,2015,loi78,loi 78,non_renseignee,,MINISTÈRE DE LA JUSTICE - GROUPEMENT DE GENDARMERIE DE LA DORDOGNE,MINISTERE DE LA JUSTICE GROUPEMENT DE GENDARMERIE DE LA DORDOGNE,Périgueux,24,24,FR,,police_justice_securite,etat_regalien,Police/ justice/ sécurité,f0173389__OpenCNIL_liste_controles_2015.csv,77,modalite_non_renseignee|organisme_multiligne|pays_deduit
2015-49fe3641-1,2015,loi78,loi 78,non_renseignee,,MINISTÈRE DE LA JUSTICE - PRÉFECTURE DE LA DORDOGNE,MINISTERE DE LA JUSTICE PREFECTURE DE LA DORDOGNE,Périgueux,24,24,FR,,police_justice_securite,etat_regalien,Police/ justice/ sécurité,f0173389__OpenCNIL_liste_controles_2015.csv,79,modalite_non_renseignee|organisme_multiligne|pays_deduit
2015-f4b3f105-1,2015,loi78,loi 78,non_renseignee,,MINISTÈRE DE LA JUSTICE - COUR D'APPEL DE PARIS,MINISTERE DE LA JUSTICE COUR D APPEL DE PARIS,Paris,75,75,FR,,police_justice_securite,etat_regalien,Police/ justice/ sécurité,f0173389__OpenCNIL_liste_controles_2015.csv,81,modalite_non_renseignee|organisme_multiligne|pays_deduit
2015-465fdbad-1,2015,loi78,loi 78,non_renseignee,,MINISTÈRE DE LA JUSTICE - TGI DE PARIS,MINISTERE DE LA JUSTICE TGI DE PARIS,Paris,75,75,FR,,police_justice_securite,etat_regalien,Police/ justice/ sécurité,f0173389__OpenCNIL_liste_controles_2015.csv,83,modalite_non_renseignee|organisme_multiligne|pays_deduit
2015-62d16d60-1,2015,loi78,loi 78,non_renseignee,,MINISTÈRE DE LA JUSTICE - DIRECTION DES SERVICES DÉPARTEMENTAUX DE L'EDUCATION NATIONALE DE LA MANCHE -,MINISTERE DE LA JUSTICE DIRECTION DES SERVICES DEPARTEMENTAUX DE L EDUCATION NATIONALE DE LA MANCHE,Saint Lo,50,50,FR,,police_justice_securite,etat_regalien,Police/ justice/ sécurité,f0173389__OpenCNIL_liste_controles_2015.csv,85,modalite_non_renseignee|organisme_multiligne|pays_deduit
2015-4dab25b1-1,2015,loi78,loi 78,non_renseignee,,MINISTÈRE DE LA JUSTICE - DIRECTION DÉPARTEMENTALE DE LA COHÉSION SOCIALE DE LA MANCHE,MINISTERE DE LA JUSTICE DIRECTION DEPARTEMENTALE DE LA COHESION SOCIALE DE LA MANCHE,Saint Lo,50,50,FR,,police_justice_securite,etat_regalien,Police/ justice/ sécurité,f0173389__OpenCNIL_liste_controles_2015.csv,88,modalite_non_renseignee|organisme_multiligne|pays_deduit
2015-82e6cd36-1,2015,loi78,loi 78,non_renseignee,,MINISTÈRE DE LA JUSTICE - TGI DE BOBIGNY,MINISTERE DE LA JUSTICE TGI DE BOBIGNY,Bobigny,93,93,FR,,police_justice_securite,etat_regalien,Police/ justice/ sécurité,f0173389__OpenCNIL_liste_controles_2015.csv,91,modalite_non_renseignee|organisme_multiligne|pays_deduit
2015-9472f4b2-1,2015,loi78,loi 78,non_renseignee,,MINISTÈRE DE LA JUSTICE - DIRECTION INTERREGIONALE DE LA PROTECTION JUDICIAIRE DE LA JEUNESSE ILE DE FRANCE ET OUTRE-MER,MINISTERE DE LA JUSTICE DIRECTION INTERREGIONALE DE LA PROTECTION JUDICIAIRE DE LA JEUNESSE ILE DE FRANCE ET OUTRE MER,Paris,75,75,FR,,police_justice_securite,etat_regalien,Police/ justice/ sécurité,f0173389__OpenCNIL_liste_controles_2015.csv,94,modalite_non_renseignee|organisme_multiligne|pays_deduit
2015-98b93de1-1,2015,loi78,loi 78,non_renseignee,,ARAMIS,ARAMIS,Arcueil,94,94,FR,,commerce,commerce,Commerce,f0173389__OpenCNIL_liste_controles_2015.csv,96,modalite_non_renseignee|pays_deduit
2015-98b93de1-2,2015,loi78,loi 78,non_renseignee,,ARAMIS,ARAMIS,Arcueil,94,94,FR,,commerce,commerce,Commerce,f0173389__OpenCNIL_liste_controles_2015.csv,97,modalite_non_renseignee|pays_deduit|ligne_dupliquee
2015-aa8290de-1,2015,loi78,loi 78,non_renseignee,,CLIC EVENTS,CLIC EVENTS,Paris,75,75,FR,,commerce,commerce,Commerce,f0173389__OpenCNIL_liste_controles_2015.csv,98,modalite_non_renseignee|pays_deduit
2015-5e647038-1,2015,loi78,loi 78,non_renseignee,,ADP (SUITE CONTRÔLE EN LIGNE VOTRE.CARTE.GRISE.COM),ADP SUITE CONTROLE EN LIGNE VOTRE CARTE GRISE COM,Brives Charensac,43,43,FR,,commerce,commerce,Commerce,f0173389__OpenCNIL_liste_controles_2015.csv,99,modalite_non_renseignee|pays_deduit
2015-3ecabb09-1,2015,loi78,loi 78,non_renseignee,,F2F,F2F,Roubaix,59,59,FR,,sante_social,sante_social,Santé/ social,f0173389__OpenCNIL_liste_controles_2015.csv,100,modalite_non_renseignee|pays_deduit
2015-061867b3-1,2015,loi78,loi 78,non_renseignee,,F2F,F2F,Paris,75,75,FR,,sante_social,sante_social,Santé/ social,f0173389__OpenCNIL_liste_controles_2015.csv,102,modalite_non_renseignee|pays_deduit
2015-c2285237-1,2015,loi78,loi 78,non_renseignee,,DECATHLON FRANCE,DECATHLON FRANCE,Villeneuve d'Ascq,59,59,FR,,commerce,commerce,Commerce,f0173389__OpenCNIL_liste_controles_2015.csv,103,modalite_non_renseignee|pays_deduit
2015-4537cba6-1,2015,loi78,loi 78,non_renseignee,,CWI DISTRIBUTION,CWI DISTRIBUTION,Aix en Provence,13,13,FR,,commerce,commerce,Commerce,f0173389__OpenCNIL_liste_controles_2015.csv,105,modalite_non_renseignee|pays_deduit
2015-5aa848cb-1,2015,loi78,loi 78,non_renseignee,,HOTEL ALBE BASTILLE,HOTEL ALBE BASTILLE,Paris,75,75,FR,,commerce,commerce,Commerce,f0173389__OpenCNIL_liste_controles_2015.csv,106,modalite_non_renseignee|pays_deduit
2015-7a29813b-1,2015,loi78,loi 78,non_renseignee,,DEVELOPPEMENT INDUSTRIALISATION ET PROMOTION DE TECHNOLOGIES AVANCEES (DIPTA),DEVELOPPEMENT INDUSTRIALISATION ET PROMOTION DE TECHNOLOGIES AVANCEES DIPTA,Aix en Provence,13,13,FR,,commerce,commerce,Commerce,f0173389__OpenCNIL_liste_controles_2015.csv,107,modalite_non_renseignee|pays_deduit
2015-a9dcd139-1,2015,loi78,loi 78,non_renseignee,,TELEVISION FRANCAISE 1,TELEVISION FRANCAISE 1,Boulogne Billancourt,92,92,FR,,telecommunications,telecommunications,Télécommunications,f0173389__OpenCNIL_liste_controles_2015.csv,108,modalite_non_renseignee|pays_deduit
2015-a06dea81-1,2015,loi78,loi 78,non_renseignee,,VIAPRESSE,VIAPRESSE,Paris,75,75,FR,,commerce,commerce,Commerce,f0173389__OpenCNIL_liste_controles_2015.csv,109,modalite_non_renseignee|pays_deduit
2015-b8369e9f-1,2015,loi78,loi 78,non_renseignee,,TRANSDEV IDF,TRANSDEV IDF,Ecquevilly,78,78,FR,,transports,transports,Transport,f0173389__OpenCNIL_liste_controles_2015.csv,110,modalite_non_renseignee|pays_deduit
2015-de400419-1,2015,loi78,loi 78,non_renseignee,,TRANSDEV IDF,TRANSDEV IDF,Nanterre,92,92,FR,,transports,transports,Transport,f0173389__OpenCNIL_liste_controles_2015.csv,111,modalite_non_renseignee|pays_deduit
2015-401a7af1-1,2015,loi78,loi 78,non_renseignee,,TRANSDEV IDF,TRANSDEV IDF,Lieusaint,77,77,FR,,transports,transports,Transport,f0173389__OpenCNIL_liste_controles_2015.csv,112,modalite_non_renseignee|pays_deduit
2015-a0021a0b-1,2015,loi78,loi 78,non_renseignee,,BRANDALLEY,BRANDALLEY,Paris,75,75,FR,,commerce,commerce,Commerce,f0173389__OpenCNIL_liste_controles_2015.csv,113,modalite_non_renseignee|pays_deduit
2015-735d6679-1,2015,loi78,loi 78,non_renseignee,,FONCIA GROUPE,FONCIA GROUPE,Anthony,92,92,FR,,immobilier,immobilier,Immobilier,f0173389__OpenCNIL_liste_controles_2015.csv,114,modalite_non_renseignee|pays_deduit
2015-735d6679-2,2015,loi78,loi 78,non_renseignee,,FONCIA GROUPE,FONCIA GROUPE,Anthony,92,92,FR,,immobilier,immobilier,Immobilier,f0173389__OpenCNIL_liste_controles_2015.csv,116,modalite_non_renseignee|pays_deduit|ligne_dupliquee
2015-ff650615-1,2015,loi78,loi 78,non_renseignee,,ONEY TECH,ONEY TECH,Croix,59,59,FR,,commerce,commerce,Commerce,f0173389__OpenCNIL_liste_controles_2015.csv,118,modalite_non_renseignee|pays_deduit
2015-ff650615-2,2015,loi78,loi 78,non_renseignee,,ONEY TECH,ONEY TECH,Croix,59,59,FR,,commerce,commerce,Commerce,f0173389__OpenCNIL_liste_controles_2015.csv,119,modalite_non_renseignee|pays_deduit|ligne_dupliquee
2015-8ac5db99-1,2015,loi78,loi 78,non_renseignee,,RESTO IN,RESTO IN,Paris,75,75,FR,,commerce,commerce,Commerce,f0173389__OpenCNIL_liste_controles_2015.csv,120,modalite_non_renseignee|pays_deduit
2015-3a3a1cf7-1,2015,loi78,loi 78,non_renseignee,,SOCIETE COOPERATIVE GROUPEMENTS D'ACHATS DES CENTRES LECLERC,SOCIETE COOPERATIVE GROUPEMENTS D ACHATS DES CENTRES LECLERC,Ivry sur Seine,94,94,FR,,commerce,commerce,Commerce,f0173389__OpenCNIL_liste_controles_2015.csv,121,modalite_non_renseignee|pays_deduit
2015-38e83dff-1,2015,loi78,loi 78,non_renseignee,,TRAITEMENTS À FINALITÉ PUBLICITAIRE MIS EN ŒUVRE PAR OU POUR LE COMPTE DU GROUPE GOOGLE,TRAITEMENTS A FINALITE PUBLICITAIRE MIS EN UVRE PAR OU POUR LE COMPTE DU GROUPE GOOGLE,Paris,75,75,FR,,commerce,commerce,Commerce,f0173389__OpenCNIL_liste_controles_2015.csv,122,modalite_non_renseignee|pays_deduit
2015-0a0c50cb-1,2015,loi78,loi 78,non_renseignee,,B2S LE MANS,B2S LE MANS,Le Mans,72,72,FR,,commerce,commerce,Commerce,f0173389__OpenCNIL_liste_controles_2015.csv,123,modalite_non_renseignee|pays_deduit
2015-46512d82-1,2015,loi78,loi 78,non_renseignee,,HORYZON MEDIA (SOLOCAL GROUP),HORYZON MEDIA SOLOCAL GROUP,Issy les Moulineaux,92,92,FR,,commerce,commerce,Commerce,f0173389__OpenCNIL_liste_controles_2015.csv,124,modalite_non_renseignee|pays_deduit
2015-9c5757dd-1,2015,loi78,loi 78,non_renseignee,,ASSOCIATION WIKIMEDIA FRANCE,ASSOCIATION WIKIMEDIA FRANCE,Paris,75,75,FR,,telecommunications,telecommunications,Télécommunications,f0173389__OpenCNIL_liste_controles_2015.csv,125,modalite_non_renseignee|pays_deduit
2015-a4813df1-1,2015,loi78,loi 78,non_renseignee,,TRAITEMENTS GALERIES LAFAYETTE.COM,TRAITEMENTS GALERIES LAFAYETTE COM,Paris,75,75,FR,,commerce,commerce,Commerce,f0173389__OpenCNIL_liste_controles_2015.csv,126,modalite_non_renseignee|pays_deduit
2015-47c0cc08-1,2015,loi78,loi 78,non_renseignee,,CGI FRANCE,CGI FRANCE,Courbevoie,92,92,FR,,telecommunications,telecommunications,Télécommunications,f0173389__OpenCNIL_liste_controles_2015.csv,127,modalite_non_renseignee|pays_deduit
2015-9b3c3f4e-1,2015,loi78,loi 78,non_renseignee,,ABDSF ARVATO BUSINESS DEVELOPPEMENT SERVICES France,ABDSF ARVATO BUSINESS DEVELOPPEMENT SERVICES FRANCE,Vendin le Vieil,62,62,FR,,commerce,commerce,Commerce,f0173389__OpenCNIL_liste_controles_2015.csv,128,modalite_non_renseignee|pays_deduit
2015-6d5f2192-1,2015,loi78,loi 78,non_renseignee,,TRAITEMENTS MIS EN ŒUVRE PAR OU POUR LE COMPTE DE LA RÉGIE PUBLICITAIRE AD6MEDIA,TRAITEMENTS MIS EN UVRE PAR OU POUR LE COMPTE DE LA REGIE PUBLICITAIRE AD6MEDIA,Paris,75,75,FR,,commerce,commerce,Commerce,f0173389__OpenCNIL_liste_controles_2015.csv,129,modalite_non_renseignee|pays_deduit
2015-2c728c48-1,2015,loi78,loi 78,non_renseignee,,SOCIETÉ BOULANGER,SOCIETE BOULANGER,Fretin,59,59,FR,,commerce,commerce,Commerce,f0173389__OpenCNIL_liste_controles_2015.csv,130,modalite_non_renseignee|pays_deduit
2015-a083e712-1,2015,loi78,loi 78,non_renseignee,,AUDIENCE SQUARE,AUDIENCE SQUARE,Paris,75,75,FR,,commerce,commerce,Commerce,f0173389__OpenCNIL_liste_controles_2015.csv,132,modalite_non_renseignee|pays_deduit
2015-a37e9ad1-1,2015,loi78,loi 78,non_renseignee,,TRAITEMENTS MIS EN ŒUVRE PAR OU POUR LE COMPTE DE LA RÉGIE PUBLICITAIRE PUBLICIDEES,TRAITEMENTS MIS EN UVRE PAR OU POUR LE COMPTE DE LA REGIE PUBLICITAIRE PUBLICIDEES,Levallois Perret,92,92,FR,,commerce,commerce,Commerce,f0173389__OpenCNIL_liste_controles_2015.csv,133,modalite_non_renseignee|organisme_multiligne|pays_deduit
2015-917cfb1e-1,2015,loi78,loi 78,non_renseignee,,TRAITEMENTS MIS EN ŒUVRE PAR OU POUR LE COMPTE DE LA RÉGIE PUBLICITAIRE DU GROUPE ORANGE,TRAITEMENTS MIS EN UVRE PAR OU POUR LE COMPTE DE LA REGIE PUBLICITAIRE DU GROUPE ORANGE,Arcueil,94,94,FR,,commerce,commerce,Commerce,f0173389__OpenCNIL_liste_controles_2015.csv,135,modalite_non_renseignee|organisme_multiligne|pays_deduit
2015-86496689-1,2015,loi78,loi 78,non_renseignee,,VENTE-PRIVEE.COM,VENTE PRIVEE COM,Saint Denis,93,93,FR,,commerce,commerce,Commerce,f0173389__OpenCNIL_liste_controles_2015.csv,137,modalite_non_renseignee|pays_deduit
2015-3de1946a-1,2015,loi78,loi 78,non_renseignee,,UNIVERSITÉ LYON 3 JEAN MOULIN,UNIVERSITE LYON 3 JEAN MOULIN,Lyon,69,69,FR,,education_culture_sport,education_culture_sport,Education/culture/sport,f0173389__OpenCNIL_liste_controles_2015.csv,138,modalite_non_renseignee|pays_deduit
2015-6fa9e6dd-1,2015,loi78,loi 78,non_renseignee,,TRAITEMENT SITE INTERNET LABOUTIQUEOFFICIELLE.COM,TRAITEMENT SITE INTERNET LABOUTIQUEOFFICIELLE COM,Lyon,69,69,FR,,commerce,commerce,Commerce,f0173389__OpenCNIL_liste_controles_2015.csv,139,modalite_non_renseignee|pays_deduit
2015-de6fe78d-1,2015,loi78,loi 78,non_renseignee,,ONLINE SAS (ILIAD ENTREPRISE),ONLINE SAS ILIAD ENTREPRISE,Paris,75,75,FR,,telecommunications,telecommunications,Télécommunications,f0173389__OpenCNIL_liste_controles_2015.csv,140,modalite_non_renseignee|pays_deduit
2015-8f6db06a-1,2015,loi78,loi 78,non_renseignee,,JH GROUP,JH GROUP,Paris,75,75,FR,,commerce,commerce,Commerce,f0173389__OpenCNIL_liste_controles_2015.csv,141,modalite_non_renseignee|pays_deduit
2015-046097e5-1,2015,loi78,loi 78,non_renseignee,,SOCIETE NATEXO,SOCIETE NATEXO,Paris,75,75,FR,,commerce,commerce,Commerce,f0173389__OpenCNIL_liste_controles_2015.csv,142,modalite_non_renseignee|pays_deduit
2015-e97c3987-1,2015,loi78,loi 78,non_renseignee,,CAISSE NATIONALE DE L'ASSURANCE MALADIE DES TRAVAILLEURS SALARIES (CNAMTS),CAISSE NATIONALE DE L ASSURANCE MALADIE DES TRAVAILLEURS SALARIES CNAMTS,Paris,75,75,FR,,sante_social,sante_social,Santé/ social,f0173389__OpenCNIL_liste_controles_2015.csv,143,modalite_non_renseignee|pays_deduit
2015-e97c3987-2,2015,loi78,loi 78,non_renseignee,,CAISSE NATIONALE DE L'ASSURANCE MALADIE DES TRAVAILLEURS SALARIES (CNAMTS),CAISSE NATIONALE DE L ASSURANCE MALADIE DES TRAVAILLEURS SALARIES CNAMTS,Paris,75,75,FR,,sante_social,sante_social,Santé/ social,f0173389__OpenCNIL_liste_controles_2015.csv,144,modalite_non_renseignee|pays_deduit|ligne_dupliquee
2015-20fb058e-1,2015,loi78,loi 78,non_renseignee,,TRAITEMENTS MIS EN ŒUVRE PAR OU POUR LE COMPTE DE LA REGIE PUBLICITAIRE LA PLACE MEDIA,TRAITEMENTS MIS EN UVRE PAR OU POUR LE COMPTE DE LA REGIE PUBLICITAIRE LA PLACE MEDIA,Paris,75,75,FR,,commerce,commerce,Commerce,f0173389__OpenCNIL_liste_controles_2015.csv,145,modalite_non_renseignee|pays_deduit
2015-e0ae9478-1,2015,loi78,loi 78,non_renseignee,,TRAITEMENTS MIS EN ŒUVRE DANS LE CADRE GESTION ET EXPLOITATION SITE INTERNET ALLOCAB.COM,TRAITEMENTS MIS EN UVRE DANS LE CADRE GESTION ET EXPLOITATION SITE INTERNET ALLOCAB COM,Paris,75,75,FR,,transports,transports,Transport,f0173389__OpenCNIL_liste_controles_2015.csv,146,modalite_non_renseignee|pays_deduit
2015-2df87696-1,2015,loi78,loi 78,non_renseignee,,LEDBOX COMPANY,LEDBOX COMPANY,Montreuil,93,93,FR,,commerce,commerce,Commerce,f0173389__OpenCNIL_liste_controles_2015.csv,147,modalite_non_renseignee|pays_deduit
2015-2df87696-2,2015,loi78,loi 78,non_renseignee,,LEDBOX COMPANY,LEDBOX COMPANY,Montreuil,93,93,FR,,commerce,commerce,Commerce,f0173389__OpenCNIL_liste_controles_2015.csv,148,modalite_non_renseignee|pays_deduit|ligne_dupliquee
2015-1c86e431-1,2015,loi78,loi 78,non_renseignee,,TRAITEMENTS MIS EN ŒUVRE PAR OU POUR LE COMPTE DE LA REGIE PUBLICITAIRE THE RUBICON PROJECT,TRAITEMENTS MIS EN UVRE PAR OU POUR LE COMPTE DE LA REGIE PUBLICITAIRE THE RUBICON PROJECT,Paris,75,75,FR,,commerce,commerce,Commerce,f0173389__OpenCNIL_liste_controles_2015.csv,149,modalite_non_renseignee|pays_deduit
2015-000f044b-1,2015,loi78,loi 78,non_renseignee,,MINISTÈRE DE L'INTÉRIEUR (EUROPOL) - DIVISION DES RELATIONS INTERNATIONALES,MINISTERE DE L INTERIEUR EUROPOL DIVISION DES RELATIONS INTERNATIONALES,Nanterre,92,92,FR,,police_justice_securite,etat_regalien,Police/ justice/ sécurité,f0173389__OpenCNIL_liste_controles_2015.csv,150,modalite_non_renseignee|pays_deduit
2015-2a8e37ca-1,2015,loi78,loi 78,non_renseignee,,NC NUMÉRICABLE,NC NUMERICABLE,Champs sur Marne,77,77,FR,,telecommunications,telecommunications,Télécommunications,f0173389__OpenCNIL_liste_controles_2015.csv,152,modalite_non_renseignee|pays_deduit
2015-6cde77a7-1,2015,loi78,loi 78,non_renseignee,,AIRBNB FRANCE,AIRBNB FRANCE,Paris,75,75,FR,,commerce,commerce,Commerce,f0173389__OpenCNIL_liste_controles_2015.csv,153,modalite_non_renseignee|pays_deduit
2015-6cde77a7-2,2015,loi78,loi 78,non_renseignee,,AIRBNB FRANCE,AIRBNB FRANCE,Paris,75,75,FR,,commerce,commerce,Commerce,f0173389__OpenCNIL_liste_controles_2015.csv,154,modalite_non_renseignee|pays_deduit|ligne_dupliquee
2015-ddf939fe-1,2015,loi78,loi 78,non_renseignee,,"UNION NATIONALE DES ASSOCIATIONS FRANCE ALZHEIMER ET MALADIES APPARENTÉES DITE ""FRANCE ALZHEIMER""",UNION NATIONALE DES ASSOCIATIONS FRANCE ALZHEIMER ET MALADIES APPARENTEES DITE FRANCE ALZHEIMER,Paris,75,75,FR,,sante_social,sante_social,Santé/ social,f0173389__OpenCNIL_liste_controles_2015.csv,155,modalite_non_renseignee|pays_deduit
2015-46cb7479-1,2015,loi78,loi 78,non_renseignee,,EDITIONS DU PUITS FLEURI,EDITIONS DU PUITS FLEURI,Hericy,77,77,FR,,commerce,commerce,Commerce,f0173389__OpenCNIL_liste_controles_2015.csv,156,modalite_non_renseignee|pays_deduit
2015-607d8418-1,2015,loi78,loi 78,non_renseignee,,ACCES INFORMATIQUES,ACCES INFORMATIQUES,Avon,77,77,FR,,commerce,commerce,Commerce,f0173389__OpenCNIL_liste_controles_2015.csv,157,modalite_non_renseignee|pays_deduit
2015-2fd74b71-1,2015,loi78,loi 78,non_renseignee,,PROFILS SENIORS,PROFILS SENIORS,SaintYon,91,91,FR,,commerce,commerce,Commerce,f0173389__OpenCNIL_liste_controles_2015.csv,158,modalite_non_renseignee|pays_deduit
2015-ce11dfd0-1,2015,loi78,loi 78,non_renseignee,,COMITÉ FRANÇAIS POUR L'UNICEF,COMITE FRANCAIS POUR L UNICEF,Paris,75,75,FR,,sante_social,sante_social,Santé/ social,f0173389__OpenCNIL_liste_controles_2015.csv,159,modalite_non_renseignee|pays_deduit
2015-2029806c-1,2015,loi78,loi 78,non_renseignee,,FONDATION POUR LA RECHERCHE MÉDICALE,FONDATION POUR LA RECHERCHE MEDICALE,Paris,75,75,FR,,sante_social,sante_social,Santé/ social,f0173389__OpenCNIL_liste_controles_2015.csv,160,modalite_non_renseignee|pays_deduit
2015-c9740137-1,2015,loi78,loi 78,non_renseignee,,FACEBOOK,FACEBOOK,Paris,75,75,FR,,commerce,commerce,Commerce,f0173389__OpenCNIL_liste_controles_2015.csv,161,modalite_non_renseignee|pays_deduit
2015-c9740137-2,2015,loi78,loi 78,non_renseignee,,FACEBOOK,FACEBOOK,Paris,75,75,FR,,commerce,commerce,Commerce,f0173389__OpenCNIL_liste_controles_2015.csv,162,modalite_non_renseignee|pays_deduit|ligne_dupliquee
2015-c9740137-3,2015,loi78,loi 78,non_renseignee,,FACEBOOK,FACEBOOK,Paris,75,75,FR,,commerce,commerce,Commerce,f0173389__OpenCNIL_liste_controles_2015.csv,163,modalite_non_renseignee|pays_deduit|ligne_dupliquee
2015-c9740137-4,2015,loi78,loi 78,non_renseignee,,FACEBOOK,FACEBOOK,Paris,75,75,FR,,commerce,commerce,Commerce,f0173389__OpenCNIL_liste_controles_2015.csv,164,modalite_non_renseignee|pays_deduit|ligne_dupliquee
2015-aa05cdf7-1,2015,loi78,loi 78,non_renseignee,,DOSSIER PHARMACEUTIQUE - DOCAPOST BPO,DOSSIER PHARMACEUTIQUE DOCAPOST BPO,Charenton le Pont,94,94,FR,,sante_social,sante_social,Santé/ social,f0173389__OpenCNIL_liste_controles_2015.csv,165,modalite_non_renseignee|pays_deduit
2015-3480c301-1,2015,loi78,loi 78,non_renseignee,,DOSSIER PHARMACEUTIQUE - PHARMACIE SAINT-HILAIRE,DOSSIER PHARMACEUTIQUE PHARMACIE SAINT HILAIRE,Nogent le Rotrou,28,28,FR,,sante_social,sante_social,Santé/ social,f0173389__OpenCNIL_liste_controles_2015.csv,167,modalite_non_renseignee|pays_deduit
2015-de6e0cfb-1,2015,loi78,loi 78,non_renseignee,,DOSSIER PHARMACEUTIQUE- PHARMACIE DU FOUR-BONAPARTE,DOSSIER PHARMACEUTIQUE PHARMACIE DU FOUR BONAPARTE,Paris,75,75,FR,,sante_social,sante_social,Santé/ social,f0173389__OpenCNIL_liste_controles_2015.csv,169,modalite_non_renseignee|pays_deduit
2015-12b273a3-1,2015,loi78,loi 78,non_renseignee,,DOSSIER PHARMACEUTIQUE - PHARMACIE EDGAR QUINET,DOSSIER PHARMACEUTIQUE PHARMACIE EDGAR QUINET,Paris,75,75,FR,,sante_social,sante_social,Santé/ social,f0173389__OpenCNIL_liste_controles_2015.csv,170,modalite_non_renseignee|pays_deduit
2015-39d7b49e-1,2015,loi78,loi 78,non_renseignee,,DOSSIER PHARMACEUTIQUE - PHARMACIE PORTE,DOSSIER PHARMACEUTIQUE PHARMACIE PORTE,Poey de Lescar,64,64,FR,,sante_social,sante_social,Santé/ social,f0173389__OpenCNIL_liste_controles_2015.csv,171,modalite_non_renseignee|pays_deduit
2015-5f128f3b-1,2015,loi78,loi 78,non_renseignee,,DOSSIER PHARMACEUTIQUE - DOCAPOST BPO,DOSSIER PHARMACEUTIQUE DOCAPOST BPO,Aix en Provence,13,13,FR,,sante_social,sante_social,Santé/ social,f0173389__OpenCNIL_liste_controles_2015.csv,172,modalite_non_renseignee|pays_deduit
2015-87c789da-1,2015,loi78,loi 78,non_renseignee,,DOSSIER PHARMACEUTIQUE - CONSEIL NATIONAL DE L'ORDRE DES PHARMACIENS,DOSSIER PHARMACEUTIQUE CONSEIL NATIONAL DE L ORDRE DES PHARMACIENS,Paris,75,75,FR,,sante_social,sante_social,Santé/ social,f0173389__OpenCNIL_liste_controles_2015.csv,173,modalite_non_renseignee|pays_deduit
2015-cdcfa724-1,2015,loi78,loi 78,non_renseignee,,MEDIAPOST,MEDIAPOST,Lyon,69,69,FR,,commerce,commerce,Commerce,f0173389__OpenCNIL_liste_controles_2015.csv,174,modalite_non_renseignee|pays_deduit
2015-4fff08f6-1,2015,loi78,loi 78,non_renseignee,,MEDIAPOST,MEDIAPOST,Domont,95,95,FR,,commerce,commerce,Commerce,f0173389__OpenCNIL_liste_controles_2015.csv,176,modalite_non_renseignee|pays_deduit
2015-ef5e30b3-1,2015,loi78,loi 78,non_renseignee,,REGIE MIXTE DES TRANSPORTS TOULONNAIS,REGIE MIXTE DES TRANSPORTS TOULONNAIS,Toulon,83,83,FR,,transports,transports,Transport,f0173389__OpenCNIL_liste_controles_2015.csv,177,modalite_non_renseignee|pays_deduit
2015-44ef7d07-1,2015,loi78,loi 78,non_renseignee,,SOCIETE KEOLIS LYON,SOCIETE KEOLIS LYON,Lyon,69,69,FR,,transports,transports,Transport,f0173389__OpenCNIL_liste_controles_2015.csv,178,modalite_non_renseignee|pays_deduit
2015-6fbc290f-1,2015,loi78,loi 78,non_renseignee,,PERSONNE PHYSIQUE,PERSONNE PHYSIQUE,Paris,75,75,FR,,commerce,commerce,Commerce,f0173389__OpenCNIL_liste_controles_2015.csv,179,modalite_non_renseignee|pays_deduit
2015-bd48c257-1,2015,loi78,loi 78,non_renseignee,,HEPPNER SAS SOCIETE DE TRANSPORTS,HEPPNER SAS SOCIETE DE TRANSPORTS,Gonesse,95,95,FR,,transports,transports,Transport,f0173389__OpenCNIL_liste_controles_2015.csv,180,modalite_non_renseignee|pays_deduit
2015-c00311a4-1,2015,loi78,loi 78,non_renseignee,,REGUS,REGUS,Paris La Défense,92,92,FR,,commerce,commerce,Commerce,f0173389__OpenCNIL_liste_controles_2015.csv,181,modalite_non_renseignee|pays_deduit
2015-7f1da528-1,2015,loi78,loi 78,non_renseignee,,MINISTÈRE DES AFFAIRES ETRANGÈRES,MINISTERE DES AFFAIRES ETRANGERES,Paris,75,75,FR,,police_justice_securite,etat_regalien,Police/ justice/ sécurité,f0173389__OpenCNIL_liste_controles_2015.csv,182,modalite_non_renseignee|pays_deduit
2015-af102513-1,2015,loi78,loi 78,non_renseignee,,TOP CHRONO,TOP CHRONO,Clichy,92,92,FR,,transports,transports,Transport,f0173389__OpenCNIL_liste_controles_2015.csv,183,modalite_non_renseignee|pays_deduit
2015-b216c230-1,2015,loi78,loi 78,non_renseignee,,SERGEANT EST,SERGEANT EST,Nancy,54,54,FR,,commerce,commerce,Commerce,f0173389__OpenCNIL_liste_controles_2015.csv,184,modalite_non_renseignee|pays_deduit
2015-5dce9fbe-1,2015,loi78,loi 78,non_renseignee,,AUCHAN FRANCE,AUCHAN FRANCE,Villeneuve d'Ascq,59,59,FR,,commerce,commerce,Commerce,f0173389__OpenCNIL_liste_controles_2015.csv,185,modalite_non_renseignee|pays_deduit
2015-23f64c66-1,2015,loi78,loi 78,non_renseignee,,MAIRIE DE PARIS,MAIRIE DE PARIS,Paris,75,75,FR,,sante_social,sante_social,Santé/ social,f0173389__OpenCNIL_liste_controles_2015.csv,187,modalite_non_renseignee|pays_deduit
2015-25753805-1,2015,loi78,loi 78,non_renseignee,,MATCHING (MEDIAPRISM),MATCHING MEDIAPRISM,Paris,75,75,FR,,commerce,commerce,Commerce,f0173389__OpenCNIL_liste_controles_2015.csv,188,modalite_non_renseignee|pays_deduit
2015-aa18b524-1,2015,loi78,loi 78,non_renseignee,,CAISSE D'ALLOCATIONS FAMILIALES,CAISSE D ALLOCATIONS FAMILIALES,Le Mans,72,72,FR,,sante_social,sante_social,Santé/ social,f0173389__OpenCNIL_liste_controles_2015.csv,189,modalite_non_renseignee|pays_deduit
2015-51f3f5ac-1,2015,loi78,loi 78,non_renseignee,,MEDIA PRISME,MEDIA PRISME,Paris,75,75,FR,,commerce,commerce,Commerce,f0173389__OpenCNIL_liste_controles_2015.csv,190,modalite_non_renseignee|pays_deduit
2015-e003d98c-1,2015,loi78,loi 78,non_renseignee,,CLUB DE FOOTBALL LOSC LILLE,CLUB DE FOOTBALL LOSC LILLE,Lille,59,59,FR,,education_culture_sport,education_culture_sport,Education/culture/sport,f0173389__OpenCNIL_liste_controles_2015.csv,191,modalite_non_renseignee|pays_deduit
2015-86458d53-1,2015,loi78,loi 78,non_renseignee,,TRAITEMENT VIADEO,TRAITEMENT VIADEO,Paris,75,75,FR,,commerce,commerce,Commerce,f0173389__OpenCNIL_liste_controles_2015.csv,192,modalite_non_renseignee|pays_deduit
2015-817abeae-1,2015,loi78,loi 78,non_renseignee,,GRDF,GRDF,Paris,75,75,FR,,commerce,commerce,Commerce,f0173389__OpenCNIL_liste_controles_2015.csv,193,modalite_non_renseignee|pays_deduit
2015-8b040402-1,2015,loi78,loi 78,non_renseignee,,ATHLETIC CLUB AJACCIEN ACA FOOTBALL,ATHLETIC CLUB AJACCIEN ACA FOOTBALL,Ajaccio,20,20,FR,,education_culture_sport,education_culture_sport,Education/culture/sport,f0173389__OpenCNIL_liste_controles_2015.csv,194,modalite_non_renseignee|departement_a_preciser|pays_deduit
2015-443adb9a-1,2015,loi78,loi 78,non_renseignee,,CAISSE DES ALLOCATIONS FAMILIALES DE PARIS,CAISSE DES ALLOCATIONS FAMILIALES DE PARIS,Paris,75,75,FR,,sante_social,sante_social,Santé/ social,f0173389__OpenCNIL_liste_controles_2015.csv,195,modalite_non_renseignee|pays_deduit
2015-7f1100d1-1,2015,loi78,loi 78,non_renseignee,,SOCIETE EXPENLI,SOCIETE EXPENLI,Paris,75,75,FR,,telecommunications,telecommunications,Télécommunications,f0173389__OpenCNIL_liste_controles_2015.csv,196,modalite_non_renseignee|pays_deduit
2015-7827810c-1,2015,loi78,loi 78,non_renseignee,,CAISSE D'ALLOCATIONS FAMILIALES BEARN ET SOULE,CAISSE D ALLOCATIONS FAMILIALES BEARN ET SOULE,Pau,64,64,FR,,sante_social,sante_social,Santé/ social,f0173389__OpenCNIL_liste_controles_2015.csv,197,modalite_non_renseignee|pays_deduit
2015-8ee56885-1,2015,loi78,loi 78,non_renseignee,,TRAITEMENT PADAWAN FRANCE,TRAITEMENT PADAWAN FRANCE,Levallois Perret,92,92,FR,,commerce,commerce,Commerce,f0173389__OpenCNIL_liste_controles_2015.csv,198,modalite_non_renseignee|pays_deduit
2015-8ee56885-2,2015,loi78,loi 78,non_renseignee,,TRAITEMENT PADAWAN FRANCE,TRAITEMENT PADAWAN FRANCE,Levallois Perret,92,92,FR,,commerce,commerce,Commerce,f0173389__OpenCNIL_liste_controles_2015.csv,199,modalite_non_renseignee|pays_deduit|ligne_dupliquee
2015-78ae4a9f-1,2015,loi78,loi 78,non_renseignee,,TRAITEMENT PADAWAN FRANCE,TRAITEMENT PADAWAN FRANCE,Paris,75,75,FR,,commerce,commerce,Commerce,f0173389__OpenCNIL_liste_controles_2015.csv,200,modalite_non_renseignee|pays_deduit
2015-18089218-1,2015,loi78,loi 78,non_renseignee,,BANQUE ACCORD,BANQUE ACCORD,Croix,59,59,FR,,banque,banque,Banques,f0173389__OpenCNIL_liste_controles_2015.csv,201,modalite_non_renseignee|pays_deduit
2015-3856d838-1,2015,loi78,loi 78,non_renseignee,,MINISTÈRE DE L'INTÉRIEUR,MINISTERE DE L INTERIEUR,Paris,75,75,FR,,police_justice_securite,etat_regalien,Police/ justice/ sécurité,f0173389__OpenCNIL_liste_controles_2015.csv,202,modalite_non_renseignee|pays_deduit
2015-18faa2aa-1,2015,loi78,loi 78,non_renseignee,,CARP DIEM,CARP DIEM,Paris,75,75,FR,,commerce,commerce,Commerce,f0173389__OpenCNIL_liste_controles_2015.csv,203,modalite_non_renseignee|pays_deduit
2015-b6218f63-1,2015,loi78,loi 78,non_renseignee,,BANQUE DU GROUPE CASINO,BANQUE DU GROUPE CASINO,Paris,75,75,FR,,banque,banque,Banques,f0173389__OpenCNIL_liste_controles_2015.csv,204,modalite_non_renseignee|pays_deduit
2015-214a627c-1,2015,loi78,loi 78,non_renseignee,,BOURSORAMA,BOURSORAMA,Boulogne Billancourt,92,92,FR,,banque,banque,Banques,f0173389__OpenCNIL_liste_controles_2015.csv,205,modalite_non_renseignee|pays_deduit
2015-1ad4976f-1,2015,loi78,loi 78,non_renseignee,,CAISSE D'EPARGNE ET DE PRÉVOYANCE NORMANDIE,CAISSE D EPARGNE ET DE PREVOYANCE NORMANDIE,Bois Guillaume,76,76,FR,,banque,banque,Banques,f0173389__OpenCNIL_liste_controles_2015.csv,206,modalite_non_renseignee|pays_deduit
2015-ca6fb90d-1,2015,loi78,loi 78,non_renseignee,,BNP PARIBAS PERSONAL FINANCE,BNP PARIBAS PERSONAL FINANCE,Paris,75,75,FR,,banque,banque,Banques,f0173389__OpenCNIL_liste_controles_2015.csv,207,modalite_non_renseignee|pays_deduit
2015-a37e9646-1,2015,loi78,loi 78,non_renseignee,,BANQUE CIC OUEST,BANQUE CIC OUEST,Nantes,44,44,FR,,banque,banque,Banques,f0173389__OpenCNIL_liste_controles_2015.csv,208,modalite_non_renseignee|pays_deduit
2015-cfa95610-1,2015,loi78,loi 78,non_renseignee,,COFIDIS,COFIDIS,Villeneuve d'Ascq,59,59,FR,,banque,banque,Banques,f0173389__OpenCNIL_liste_controles_2015.csv,209,modalite_non_renseignee|pays_deduit
2015-aa255ba7-1,2015,loi78,loi 78,non_renseignee,,CAISSE RÉGIONALE DE CRÉDIT AGRICOLE MUTUEL DU NORD EST,CAISSE REGIONALE DE CREDIT AGRICOLE MUTUEL DU NORD EST,Reims,51,51,FR,,banque,banque,Banques,f0173389__OpenCNIL_liste_controles_2015.csv,210,modalite_non_renseignee|pays_deduit
2015-eac20afc-1,2015,loi78,loi 78,non_renseignee,,FORTUNÉO,FORTUNEO,Puteaux,92,92,FR,,banque,banque,Banques,f0173389__OpenCNIL_liste_controles_2015.csv,211,modalite_non_renseignee|pays_deduit
2015-ea267957-1,2015,loi78,loi 78,non_renseignee,,GE MONEY BANK,GE MONEY BANK,Puteaux,92,92,FR,,banque,banque,Banques,f0173389__OpenCNIL_liste_controles_2015.csv,212,modalite_non_renseignee|pays_deduit
2015-7daf0ccc-1,2015,loi78,loi 78,non_renseignee,,HSBC FRANCE,HSBC FRANCE,Paris,75,75,FR,,banque,banque,Banques,f0173389__OpenCNIL_liste_controles_2015.csv,213,modalite_non_renseignee|pays_deduit
2015-d25e509d-1,2015,loi78,loi 78,non_renseignee,,LA BANQUE POSTALE,LA BANQUE POSTALE,Paris,75,75,FR,,banque,banque,Banques,f0173389__OpenCNIL_liste_controles_2015.csv,214,modalite_non_renseignee|pays_deduit
2015-8fe109df-1,2015,loi78,loi 78,non_renseignee,,LASER COFINOGA,LASER COFINOGA,Paris,75,75,FR,,banque,banque,Banques,f0173389__OpenCNIL_liste_controles_2015.csv,215,modalite_non_renseignee|pays_deduit
2015-c35199bd-1,2015,loi78,loi 78,non_renseignee,,SOCIETE GENERALE,SOCIETE GENERALE,Paris,75,75,FR,,banque,banque,Banques,f0173389__OpenCNIL_liste_controles_2015.csv,216,modalite_non_renseignee|pays_deduit
2015-8b953fdc-1,2015,loi78,loi 78,non_renseignee,,FRANCE TÉLEVISIONS,FRANCE TELEVISIONS,Paris,75,75,FR,,commerce,commerce,Commerce,f0173389__OpenCNIL_liste_controles_2015.csv,217,modalite_non_renseignee|pays_deduit
2015-eb5627bf-1,2015,loi78,loi 78,non_renseignee,,PÔLE EMPLOI,POLE EMPLOI,Paris,75,75,FR,,sante_social,sante_social,Santé/ social,f0173389__OpenCNIL_liste_controles_2015.csv,218,modalite_non_renseignee|pays_deduit
2015-5d8dc46d-1,2015,loi78,loi 78,non_renseignee,,BOETIE PARTNERS PROPERTY MANAGEMENT,BOETIE PARTNERS PROPERTY MANAGEMENT,Paris,75,75,FR,,immobilier,immobilier,Immobilier,f0173389__OpenCNIL_liste_controles_2015.csv,219,modalite_non_renseignee|pays_deduit
2015-b6218f63-2,2015,loi78,loi 78,non_renseignee,,BANQUE DU GROUPE CASINO,BANQUE DU GROUPE CASINO,Paris,75,75,FR,,banque,banque,Banques,f0173389__OpenCNIL_liste_controles_2015.csv,220,modalite_non_renseignee|pays_deduit|ligne_dupliquee
2015-7387f4c6-1,2015,loi78,loi 78,non_renseignee,,EUROSAFE,EUROSAFE,Saint Grégoire,35,35,FR,,sante_social,sante_social,Santé/ social,f0173389__OpenCNIL_liste_controles_2015.csv,221,modalite_non_renseignee|pays_deduit
2015-7387f4c6-2,2015,loi78,loi 78,non_renseignee,,EUROSAFE,EUROSAFE,Saint Grégoire,35,35,FR,,sante_social,sante_social,Santé/ social,f0173389__OpenCNIL_liste_controles_2015.csv,222,modalite_non_renseignee|pays_deduit|ligne_dupliquee
2015-88cecd01-1,2015,loi78,loi 78,non_renseignee,,MEDI-SUP SCIENCES,MEDI SUP SCIENCES,Paris,75,75,FR,,education_culture_sport,education_culture_sport,Education/culture/sport,f0173389__OpenCNIL_liste_controles_2015.csv,223,modalite_non_renseignee|pays_deduit
2015-645f6276-1,2015,loi78,loi 78,non_renseignee,,ACXIOM FRANCE,ACXIOM FRANCE,Levallois Perret,92,92,FR,,commerce,commerce,Commerce,f0173389__OpenCNIL_liste_controles_2015.csv,224,modalite_non_renseignee|pays_deduit
2015-a40d2d31-1,2015,loi78,loi 78,non_renseignee,,SARL HOMCO (DENOMINATION COMMERCIALE AMAZONIA),SARL HOMCO DENOMINATION COMMERCIALE AMAZONIA,Bordeaux,33,33,FR,,commerce,commerce,Commerce,f0173389__OpenCNIL_liste_controles_2015.csv,225,modalite_non_renseignee|pays_deduit
2015-98a1fabb-1,2015,loi78,loi 78,non_renseignee,,YATEDO FRANCE (TRAITEMENT),YATEDO FRANCE TRAITEMENT,Paris,75,75,FR,,commerce,commerce,Commerce,f0173389__OpenCNIL_liste_controles_2015.csv,226,modalite_non_renseignee|pays_deduit
2015-9aa2a0b9-1,2015,loi78,loi 78,non_renseignee,,TRAITEMENTS CHAMBRE D'AGRICULTURE D'INDRE ET LOIRE,TRAITEMENTS CHAMBRE D AGRICULTURE D INDRE ET LOIRE,Chambray les Tours,37,37,FR,,police_justice_securite,etat_regalien,Police/ justice/ sécurité,f0173389__OpenCNIL_liste_controles_2015.csv,227,modalite_non_renseignee|pays_deduit
2015-57737dfd-1,2015,loi78,loi 78,non_renseignee,,TRAITEMENTS CENTRE D'OPÉRATIONS ET DE RENSEIGNEMENT GENDARMERIE INDRE ET LOIRE,TRAITEMENTS CENTRE D OPERATIONS ET DE RENSEIGNEMENT GENDARMERIE INDRE ET LOIRE,Tours,37,37,FR,,police_justice_securite,etat_regalien,Police/ justice/ sécurité,f0173389__OpenCNIL_liste_controles_2015.csv,228,modalite_non_renseignee|pays_deduit
2015-2360dbe9-1,2015,loi78,loi 78,non_renseignee,,QWANT,QWANT,Nice,06,06,FR,,telecommunications,telecommunications,Télécommunications,f0173389__OpenCNIL_liste_controles_2015.csv,229,modalite_non_renseignee|pays_deduit
2015-35e936d6-1,2015,loi78,loi 78,non_renseignee,,TRAITEMENTS CHAMBRE DU COMMERCE ET DE L'INDUSTRIE DU JURA,TRAITEMENTS CHAMBRE DU COMMERCE ET DE L INDUSTRIE DU JURA,Lons le Saunier,39,39,FR,,police_justice_securite,etat_regalien,Police/ justice/ sécurité,f0173389__OpenCNIL_liste_controles_2015.csv,230,modalite_non_renseignee|pays_deduit
2015-539ee2d4-1,2015,loi78,loi 78,non_renseignee,,TRAITEMENTS CENTRE D'OPÉRATIONS ET DE RENSEIGNEMENT DE LA GENDARMERIE DU JURA,TRAITEMENTS CENTRE D OPERATIONS ET DE RENSEIGNEMENT DE LA GENDARMERIE DU JURA,Lons le Saunier,39,39,FR,,police_justice_securite,etat_regalien,Police/ justice/ sécurité,f0173389__OpenCNIL_liste_controles_2015.csv,231,modalite_non_renseignee|pays_deduit
2015-647ce164-1,2015,loi78,loi 78,non_renseignee,,AGENCE FRANÇAISE D'INVESTIGATION DI GIANO,AGENCE FRANCAISE D INVESTIGATION DI GIANO,Montpellier,34,34,FR,,commerce,commerce,Commerce,f0173389__OpenCNIL_liste_controles_2015.csv,232,modalite_non_renseignee|pays_deduit
2015-6f3480cd-1,2015,loi78,loi 78,non_renseignee,,HOPITAL COCHIN (AP-HP),HOPITAL COCHIN AP HP,Paris,75,75,FR,,sante_social,sante_social,Santé/ social,f0173389__OpenCNIL_liste_controles_2015.csv,233,modalite_non_renseignee|pays_deduit
2015-1fff5e03-1,2015,loi78,loi 78,non_renseignee,,TRAITEMENTS JDREAM.FR,TRAITEMENTS JDREAM FR,Paris,75,75,FR,,commerce,commerce,Commerce,f0173389__OpenCNIL_liste_controles_2015.csv,234,modalite_non_renseignee|pays_deduit
2015-1fff5e03-2,2015,loi78,loi 78,non_renseignee,,TRAITEMENTS JDREAM.FR,TRAITEMENTS JDREAM FR,Paris,75,75,FR,,commerce,commerce,Commerce,f0173389__OpenCNIL_liste_controles_2015.csv,235,modalite_non_renseignee|pays_deduit|ligne_dupliquee
2015-83e1cd56-1,2015,loi78,loi 78,non_renseignee,,COMMUNE DE PALAVAS LES FLOTS,COMMUNE DE PALAVAS LES FLOTS,Palavas les flots,34,34,FR,,collectivites_territoriales,collectivites_territoriales,Collectivités locales,f0173389__OpenCNIL_liste_controles_2015.csv,236,modalite_non_renseignee|pays_deduit
2015-4a5c557e-1,2015,loi78,loi 78,non_renseignee,,SITE FEUJWORLD,SITE FEUJWORLD,Paris,75,75,FR,,commerce,commerce,Commerce,f0173389__OpenCNIL_liste_controles_2015.csv,237,modalite_non_renseignee|pays_deduit
2015-a49876c1-1,2015,loi78,loi 78,non_renseignee,,HÔTEL LA RESIDENCE DU VIEUX PORT,HOTEL LA RESIDENCE DU VIEUX PORT,Marseille,13,13,FR,,commerce,commerce,Commerce,f0173389__OpenCNIL_liste_controles_2015.csv,238,modalite_non_renseignee|pays_deduit
2015-8cda79c5-1,2015,loi78,loi 78,non_renseignee,,BANQUE MARTIN MAUREL,BANQUE MARTIN MAUREL,Marseille,13,13,FR,,banque,banque,Banques,f0173389__OpenCNIL_liste_controles_2015.csv,239,modalite_non_renseignee|pays_deduit
2015-8cda79c5-2,2015,loi78,loi 78,non_renseignee,,BANQUE MARTIN MAUREL,BANQUE MARTIN MAUREL,Marseille,13,13,FR,,banque,banque,Banques,f0173389__OpenCNIL_liste_controles_2015.csv,240,modalite_non_renseignee|pays_deduit|ligne_dupliquee
2015-fe3dde6a-1,2015,loi78,loi 78,non_renseignee,,C2 HÔTEL,C2 HOTEL,Marseille,13,13,FR,,commerce,commerce,Commerce,f0173389__OpenCNIL_liste_controles_2015.csv,241,modalite_non_renseignee|pays_deduit
2015-c313ff7b-1,2015,loi78,loi 78,non_renseignee,,HÔTEL SAINT-LOUIS,HOTEL SAINT LOUIS,Marseille,13,13,FR,,commerce,commerce,Commerce,f0173389__OpenCNIL_liste_controles_2015.csv,242,modalite_non_renseignee|pays_deduit
2015-2912e67a-1,2015,loi78,loi 78,non_renseignee,,HÔTEL LUTETIA,HOTEL LUTETIA,Marseille,13,13,FR,,commerce,commerce,Commerce,f0173389__OpenCNIL_liste_controles_2015.csv,243,modalite_non_renseignee|pays_deduit
2015-9199c269-1,2015,loi78,loi 78,non_renseignee,,CNP ASSURANCES,CNP ASSURANCES,Paris,75,75,FR,,assurance,assurance,Assurance,f0173389__OpenCNIL_liste_controles_2015.csv,244,modalite_non_renseignee|pays_deduit
2015-d20c8c00-1,2015,loi78,loi 78,non_renseignee,,CNAVTS,CNAVTS,Tours,37,37,FR,,sante_social,sante_social,Santé/ social,f0173389__OpenCNIL_liste_controles_2015.csv,245,modalite_non_renseignee|pays_deduit
2015-38a9f764-1,2015,loi78,loi 78,non_renseignee,,DERUES IMMOBILIER,DERUES IMMOBILIER,Charenton le Pont,94,94,FR,,immobilier,immobilier,Immobilier,f0173389__OpenCNIL_liste_controles_2015.csv,246,modalite_non_renseignee|pays_deduit
2015-9aac8a0f-1,2015,loi78,loi 78,non_renseignee,,FONDATION CAISSES D'EPARGNE POUR LA SOLIDARITÉ POUR LE SERVICE CORREZE TÉLÉASSISTANCE,FONDATION CAISSES D EPARGNE POUR LA SOLIDARITE POUR LE SERVICE CORREZE TELEASSISTANCE,Naves,19,19,FR,,sante_social,sante_social,Santé/ social,f0173389__OpenCNIL_liste_controles_2015.csv,247,modalite_non_renseignee|pays_deduit
2015-f0f597c3-1,2015,loi78,loi 78,non_renseignee,,SNCF (DIRECTION DES SYSTÈMES D'INFORMATION VOYAGEURS),SNCF DIRECTION DES SYSTEMES D INFORMATION VOYAGEURS,Nantes,44,44,FR,,transports,transports,Transport,f0173389__OpenCNIL_liste_controles_2015.csv,248,modalite_non_renseignee|pays_deduit
2015-bb170925-1,2015,loi78,loi 78,non_renseignee,,AM DIFF,AM DIFF,Paris,75,75,FR,,commerce,commerce,Commerce,f0173389__OpenCNIL_liste_controles_2015.csv,249,modalite_non_renseignee|pays_deduit
2015-bb170925-2,2015,loi78,loi 78,non_renseignee,,AM DIFF,AM DIFF,Paris,75,75,FR,,commerce,commerce,Commerce,f0173389__OpenCNIL_liste_controles_2015.csv,250,modalite_non_renseignee|pays_deduit|ligne_dupliquee
2015-ab353893-1,2015,loi78,loi 78,non_renseignee,,MAIL MARKETING,MAIL MARKETING,Paris,75,75,FR,,commerce,commerce,Commerce,f0173389__OpenCNIL_liste_controles_2015.csv,251,modalite_non_renseignee|pays_deduit
2015-ab353893-2,2015,loi78,loi 78,non_renseignee,,MAIL MARKETING,MAIL MARKETING,Paris,75,75,FR,,commerce,commerce,Commerce,f0173389__OpenCNIL_liste_controles_2015.csv,252,modalite_non_renseignee|pays_deduit|ligne_dupliquee
2015-c5823190-1,2015,loi78,loi 78,non_renseignee,,ASSOCIATION HOSPITALIERE DE L'OUEST CLINIQUE SAINT-AUGUSTIN,ASSOCIATION HOSPITALIERE DE L OUEST CLINIQUE SAINT AUGUSTIN,Nantes,44,44,FR,,sante_social,sante_social,Santé/ social,f0173389__OpenCNIL_liste_controles_2015.csv,253,modalite_non_renseignee|pays_deduit
2015-7233fe97-1,2015,loi78,loi 78,non_renseignee,,BUSINESS & DÉCISION CORPORATE SERVICE,BUSINESS DECISION CORPORATE SERVICE,Paris,75,75,FR,,education_culture_sport,education_culture_sport,Education/culture/sport,f0173389__OpenCNIL_liste_controles_2015.csv,254,modalite_non_renseignee|pays_deduit
2015-6b6b6444-1,2015,loi78,loi 78,non_renseignee,,DYNAMIQUES SERVICES,DYNAMIQUES SERVICES,Bry sur Marne,94,94,FR,,commerce,commerce,Commerce,f0173389__OpenCNIL_liste_controles_2015.csv,255,modalite_non_renseignee|pays_deduit
2015-0e4f40e9-1,2015,loi78,loi 78,non_renseignee,,CENTURY 21 FRANCE,CENTURY 21 FRANCE,Evry,91,91,FR,,immobilier,immobilier,Immobilier,f0173389__OpenCNIL_liste_controles_2015.csv,257,modalite_non_renseignee|pays_deduit
2015-046ed755-1,2015,loi78,loi 78,non_renseignee,,VACANCIEL,VACANCIEL,Valence,26,26,FR,,commerce,commerce,Commerce,f0173389__OpenCNIL_liste_controles_2015.csv,259,modalite_non_renseignee|pays_deduit
2015-591c5ba5-1,2015,loi78,loi 78,non_renseignee,,LABIO,LABIO,Aix en Provence,13,13,FR,,sante_social,sante_social,Santé/ social,f0173389__OpenCNIL_liste_controles_2015.csv,260,modalite_non_renseignee|pays_deduit
2015-c05b1190-1,2015,loi78,loi 78,non_renseignee,,INSTITUT DE RECHERCHES INTERNATIONALES SERVIER (IRIS),INSTITUT DE RECHERCHES INTERNATIONALES SERVIER IRIS,Suresnes,92,92,FR,,sante_social,sante_social,Santé/ social,f0173389__OpenCNIL_liste_controles_2015.csv,261,modalite_non_renseignee|pays_deduit
2015-c05b1190-2,2015,loi78,loi 78,non_renseignee,,INSTITUT DE RECHERCHES INTERNATIONALES SERVIER (IRIS),INSTITUT DE RECHERCHES INTERNATIONALES SERVIER IRIS,Suresnes,92,92,FR,,sante_social,sante_social,Santé/ social,f0173389__OpenCNIL_liste_controles_2015.csv,262,modalite_non_renseignee|pays_deduit|ligne_dupliquee
2015-1f16f1f5-1,2015,loi78,loi 78,non_renseignee,,SKY SECURITY,SKY SECURITY,Rungis,94,94,FR,,commerce,commerce,Commerce,f0173389__OpenCNIL_liste_controles_2015.csv,263,modalite_non_renseignee|pays_deduit
2015-88d253a7-1,2015,loi78,loi 78,non_renseignee,,MINISTÈRE DE L'INTÉRIEUR,MINISTERE DE L INTERIEUR,Puteaux,92,92,FR,,police_justice_securite,etat_regalien,Police/ justice/ sécurité,f0173389__OpenCNIL_liste_controles_2015.csv,265,modalite_non_renseignee|pays_deduit
2015-3856d838-2,2015,loi78,loi 78,non_renseignee,,MINISTÈRE DE L'INTÉRIEUR,MINISTERE DE L INTERIEUR,Paris,75,75,FR,,police_justice_securite,etat_regalien,Police/ justice/ sécurité,f0173389__OpenCNIL_liste_controles_2015.csv,266,modalite_non_renseignee|pays_deduit|ligne_dupliquee
2015-31f0101e-3,2015,loi78,loi 78,non_renseignee,,BNP PARIBAS,BNP PARIBAS,Paris,75,75,FR,,banque,banque,Banques,f0173389__OpenCNIL_liste_controles_2015.csv,267,modalite_non_renseignee|pays_deduit|ligne_dupliquee
2015-1e6ce1aa-1,2015,loi78,loi 78,non_renseignee,,GROUPE CREDIT AGRICOLE,GROUPE CREDIT AGRICOLE,Paris,75,75,FR,,banque,banque,Banques,f0173389__OpenCNIL_liste_controles_2015.csv,268,modalite_non_renseignee|pays_deduit
2015-f79b28ae-1,2015,loi78,loi 78,non_renseignee,,GROUPE BPCE,GROUPE BPCE,Paris,75,75,FR,,banque,banque,Banques,f0173389__OpenCNIL_liste_controles_2015.csv,269,modalite_non_renseignee|pays_deduit
2015-a5dd282f-1,2015,loi78,loi 78,non_renseignee,,GROUPE CREDIT MUTUEL-CIC,GROUPE CREDIT MUTUEL CIC,Paris,75,75,FR,,banque,banque,Banques,f0173389__OpenCNIL_liste_controles_2015.csv,270,modalite_non_renseignee|pays_deduit
2015-d25e509d-2,2015,loi78,loi 78,non_renseignee,,LA BANQUE POSTALE,LA BANQUE POSTALE,Paris,75,75,FR,,banque,banque,Banques,f0173389__OpenCNIL_liste_controles_2015.csv,271,modalite_non_renseignee|pays_deduit|ligne_dupliquee
2015-4d305e52-1,2015,loi78,loi 78,non_renseignee,,B FOR BANK,B FOR BANK,Paris,75,75,FR,,banque,banque,Banques,f0173389__OpenCNIL_liste_controles_2015.csv,272,modalite_non_renseignee|pays_deduit
2015-dbdf394a-1,2015,loi78,loi 78,non_renseignee,,AXA BANQUE,AXA BANQUE,Paris,75,75,FR,,banque,banque,Banques,f0173389__OpenCNIL_liste_controles_2015.csv,273,modalite_non_renseignee|pays_deduit
2015-544e0ab6-1,2015,loi78,loi 78,non_renseignee,,MONABANQUE,MONABANQUE,Paris,75,75,FR,,banque,banque,Banques,f0173389__OpenCNIL_liste_controles_2015.csv,274,modalite_non_renseignee|pays_deduit
2015-45e7f022-1,2015,loi78,loi 78,non_renseignee,,BOURSORAMA BANQUE,BOURSORAMA BANQUE,Paris,75,75,FR,,banque,banque,Banques,f0173389__OpenCNIL_liste_controles_2015.csv,275,modalite_non_renseignee|pays_deduit
2015-12dba2cd-1,2015,loi78,loi 78,non_renseignee,,ING DIRECT,ING DIRECT,Paris,75,75,FR,,banque,banque,Banques,f0173389__OpenCNIL_liste_controles_2015.csv,276,modalite_non_renseignee|pays_deduit
2015-a5694b03-1,2015,loi78,loi 78,non_renseignee,,FORTUNEO,FORTUNEO,Paris,75,75,FR,,banque,banque,Banques,f0173389__OpenCNIL_liste_controles_2015.csv,277,modalite_non_renseignee|pays_deduit
2015-b129dae1-1,2015,loi78,loi 78,non_renseignee,,HELLO BANK,HELLO BANK,Paris,75,75,FR,,banque,banque,Banques,f0173389__OpenCNIL_liste_controles_2015.csv,278,modalite_non_renseignee|pays_deduit
2015-0b282231-1,2015,loi78,loi 78,non_renseignee,,CREDIT COOPERATIF,CREDIT COOPERATIF,Paris,75,75,FR,,banque,banque,Banques,f0173389__OpenCNIL_liste_controles_2015.csv,279,modalite_non_renseignee|pays_deduit
2015-1f2d10d9-1,2015,loi78,loi 78,non_renseignee,,LCL,LCL,Paris,75,75,FR,,banque,banque,Banques,f0173389__OpenCNIL_liste_controles_2015.csv,280,modalite_non_renseignee|pays_deduit
2015-8cb5822a-1,2015,loi78,loi 78,non_renseignee,,HSBC,HSBC,Paris,75,75,FR,,banque,banque,Banques,f0173389__OpenCNIL_liste_controles_2015.csv,281,modalite_non_renseignee|pays_deduit
2015-32142ec6-1,2015,loi78,loi 78,non_renseignee,,CREDIT DU NORD,CREDIT DU NORD,Paris,75,75,FR,,banque,banque,Banques,f0173389__OpenCNIL_liste_controles_2015.csv,282,modalite_non_renseignee|pays_deduit
2015-ea5426bf-1,2015,loi78,loi 78,non_renseignee,,MSI LILLE,MSI LILLE,Lille,59,59,FR,,immobilier,immobilier,Immobilier,f0173389__OpenCNIL_liste_controles_2015.csv,283,modalite_non_renseignee|pays_deduit
2015-13c6558d-1,2015,loi78,loi 78,non_renseignee,,GROUPE CREDIT MUTUEL CREDIT INDUSTRIEL ET COMMERCIAL,GROUPE CREDIT MUTUEL CREDIT INDUSTRIEL ET COMMERCIAL,Strasbourg,67,67,FR,,banque,banque,Banques,f0173389__OpenCNIL_liste_controles_2015.csv,285,modalite_non_renseignee|organisme_multiligne|pays_deduit
2015-3a132896-1,2015,loi78,loi 78,non_renseignee,,PIXEL COOKERS,PIXEL COOKERS,Cergy Pontoise,95,95,FR,,education_culture_sport,education_culture_sport,Education/culture/sport,f0173389__OpenCNIL_liste_controles_2015.csv,288,modalite_non_renseignee|pays_deduit
2015-159ac173-1,2015,loi78,loi 78,non_renseignee,,ECOLE ELEMENTAIRE BLED,ECOLE ELEMENTAIRE BLED,Saint Maur des fossés,94,94,FR,,education_culture_sport,education_culture_sport,Education/culture/sport,f0173389__OpenCNIL_liste_controles_2015.csv,289,modalite_non_renseignee|pays_deduit
2015-8f456e05-1,2015,loi78,loi 78,non_renseignee,,DOUANES (MINISTERE DES FINANCES ET DES COMPTES PUBLICS),DOUANES MINISTERE DES FINANCES ET DES COMPTES PUBLICS,Ivry sur Seine,94,94,FR,,banque,banque,Banques,f0173389__OpenCNIL_liste_controles_2015.csv,291,modalite_non_renseignee|pays_deduit
2015-929380cf-1,2015,loi78,loi 78,non_renseignee,,LYCEE MAXIMILIEN PERRET,LYCEE MAXIMILIEN PERRET,Alfortville,94,94,FR,,education_culture_sport,education_culture_sport,Education/culture/sport,f0173389__OpenCNIL_liste_controles_2015.csv,293,modalite_non_renseignee|pays_deduit
2015-37c7303a-1,2015,loi78,loi 78,non_renseignee,,VALENTIN,VALENTIN,Alfortville,94,94,FR,,commerce,commerce,Commerce,f0173389__OpenCNIL_liste_controles_2015.csv,294,modalite_non_renseignee|pays_deduit
2015-dd15fa71-1,2015,loi78,loi 78,non_renseignee,,INSTITUT NATIONAL DE LA PROPRIETE INDUSTRIELLE COURBEVOIE,INSTITUT NATIONAL DE LA PROPRIETE INDUSTRIELLE COURBEVOIE,Courbevoie,92,92,FR,,sante_social,sante_social,Santé/ social,f0173389__OpenCNIL_liste_controles_2015.csv,296,modalite_non_renseignee|organisme_multiligne|pays_deduit
2015-a243cf43-1,2015,loi78,loi 78,non_renseignee,,TECHNOLOGIA,TECHNOLOGIA,Paris,75,75,FR,,sante_social,sante_social,Santé/ social,f0173389__OpenCNIL_liste_controles_2015.csv,298,modalite_non_renseignee|pays_deduit
2015-205db448-1,2015,loi78,loi 78,non_renseignee,,GR IMMOBILIER,GR IMMOBILIER,Le Kremlin Bicetre,94,94,FR,,immobilier,immobilier,Immobilier,f0173389__OpenCNIL_liste_controles_2015.csv,299,modalite_non_renseignee|pays_deduit
2015-0bc3c7d4-1,2015,loi78,loi 78,non_renseignee,,C. RIVIERE SA,C RIVIERE SA,Bordeaux,33,33,FR,,immobilier,immobilier,Immobilier,f0173389__OpenCNIL_liste_controles_2015.csv,301,modalite_non_renseignee|pays_deduit
2015-8b4b0b4c-1,2015,loi78,loi 78,non_renseignee,,DISTRICOM SALES AND MARKETING,DISTRICOM SALES AND MARKETING,Asnières sur Seine,92,92,FR,,commerce,commerce,Commerce,f0173389__OpenCNIL_liste_controles_2015.csv,303,modalite_non_renseignee|pays_deduit
2015-fa242b03-1,2015,loi78,loi 78,non_renseignee,,COMMUNE D'AMBOISE,COMMUNE D AMBOISE,Amboise,37,37,FR,,collectivites_territoriales,collectivites_territoriales,Collectivités locales,f0173389__OpenCNIL_liste_controles_2015.csv,305,modalite_non_renseignee|pays_deduit
2015-b6f25069-1,2015,loi78,loi 78,non_renseignee,,LA CHAMBRE DE METIERS ET DE L'ARTISANAT DU VAL-D'OISE,LA CHAMBRE DE METIERS ET DE L ARTISANAT DU VAL D OISE,Cergy Pontoise,95,95,FR,,collectivites_territoriales,collectivites_territoriales,Collectivités locales,f0173389__OpenCNIL_liste_controles_2015.csv,306,modalite_non_renseignee|pays_deduit
2015-30b0b433-1,2015,loi78,loi 78,non_renseignee,,MINISTERE DE L'INTERIEUR,MINISTERE DE L INTERIEUR,Lognes,77,77,FR,,police_justice_securite,etat_regalien,Police/ justice/ sécurité,f0173389__OpenCNIL_liste_controles_2015.csv,307,modalite_non_renseignee|pays_deduit
2015-6b9d1912-1,2015,loi78,loi 78,non_renseignee,,PLASTIC OMNIUM AUTO EXTERIEUR,PLASTIC OMNIUM AUTO EXTERIEUR,Sainte Julie,01,01,FR,,commerce,commerce,Commerce,f0173389__OpenCNIL_liste_controles_2015.csv,308,modalite_non_renseignee|organisme_multiligne|pays_deduit
2015-31f0101e-4,2015,loi78,loi 78,non_renseignee,,BNP PARIBAS,BNP PARIBAS,Paris,75,75,FR,,banque,banque,Banques,f0173389__OpenCNIL_liste_controles_2015.csv,310,modalite_non_renseignee|pays_deduit|ligne_dupliquee
2015-b874629a-1,2015,loi78,loi 78,non_renseignee,,OGEC DES ECOLES DU BON SAUVEUR,OGEC DES ECOLES DU BON SAUVEUR,Saint Lo,50,50,FR,,education_culture_sport,education_culture_sport,Education/culture/sport,f0173389__OpenCNIL_liste_controles_2015.csv,311,modalite_non_renseignee|pays_deduit
2015-c35199bd-2,2015,loi78,loi 78,non_renseignee,,SOCIETE GENERALE,SOCIETE GENERALE,Paris,75,75,FR,,banque,banque,Banques,f0173389__OpenCNIL_liste_controles_2015.csv,313,modalite_non_renseignee|pays_deduit|ligne_dupliquee
2015-16b88ef3-1,2015,loi78,loi 78,non_renseignee,,CENTRE HOSPITALIER SPECIALISE PHILIPPE PINEL D'AMIENS,CENTRE HOSPITALIER SPECIALISE PHILIPPE PINEL D AMIENS,Dury,80,80,FR,,sante_social,sante_social,Santé/ social,f0173389__OpenCNIL_liste_controles_2015.csv,314,modalite_non_renseignee|organisme_multiligne|pays_deduit
2015-6047cbb7-1,2015,loi78,loi 78,non_renseignee,,SARL M AND C FORME,SARL M AND C FORME,Amiens,80,80,FR,,commerce,commerce,Commerce,f0173389__OpenCNIL_liste_controles_2015.csv,317,modalite_non_renseignee|pays_deduit
2015-1a56baf9-1,2015,loi78,loi 78,non_renseignee,,PSYA,PSYA,Paris,75,75,FR,,sante_social,sante_social,Santé/ social,f0173389__OpenCNIL_liste_controles_2015.csv,318,modalite_non_renseignee|pays_deduit
2015-6938f453-1,2015,loi78,loi 78,non_renseignee,,RECOMMERCE SOLUTIONS,RECOMMERCE SOLUTIONS,Gentilly,94,94,FR,,commerce,commerce,Commerce,f0173389__OpenCNIL_liste_controles_2015.csv,319,modalite_non_renseignee|pays_deduit
2015-aa74f62c-1,2015,loi78,loi 78,non_renseignee,,BOULEAUX FRANCE SARL,BOULEAUX FRANCE SARL,Chambly,60,60,FR,,commerce,commerce,Commerce,f0173389__OpenCNIL_liste_controles_2015.csv,321,modalite_non_renseignee|pays_deduit
2015-d75adca8-1,2015,loi78,loi 78,non_renseignee,,MAIRIE DE GOUVIEUX,MAIRIE DE GOUVIEUX,Gouvieux,60,60,FR,,collectivites_territoriales,collectivites_territoriales,Collectivités locales,f0173389__OpenCNIL_liste_controles_2015.csv,323,modalite_non_renseignee|pays_deduit
2015-17a5f3e5-1,2015,videoprotection,vidéo,non_renseignee,,STE CIRENO (MAGASIN INCOGNITO 37… LOUHANS),STE CIRENO MAGASIN INCOGNITO 37 LOUHANS,Louhans,44,44,FR,,commerce,commerce,Commerce,f0173389__OpenCNIL_liste_controles_2015.csv,325,modalite_non_renseignee|pays_deduit
2015-5eb904d6-1,2015,videoprotection,vidéo,non_renseignee,,STE CIRENO (MAGASIN INCOGNITO 44… LOUHANS),STE CIRENO MAGASIN INCOGNITO 44 LOUHANS,Louhans,44,44,FR,,commerce,commerce,Commerce,f0173389__OpenCNIL_liste_controles_2015.csv,326,modalite_non_renseignee|pays_deduit
2015-397b41f7-1,2015,videoprotection,vidéo,non_renseignee,,DISTRIBUTION CASINO,DISTRIBUTION CASINO,Montpellier,34,34,FR,,commerce,commerce,Commerce,f0173389__OpenCNIL_liste_controles_2015.csv,327,modalite_non_renseignee|pays_deduit
2015-6b6bf490-1,2015,videoprotection,vidéo,non_renseignee,,SOCIETE DU CENTRE CHIRURGICAL AMBROISE PARE DE NEUILLY (92),SOCIETE DU CENTRE CHIRURGICAL AMBROISE PARE DE NEUILLY 92,Neuilly,92,92,FR,,sante_social,sante_social,Santé/ social,f0173389__OpenCNIL_liste_controles_2015.csv,328,modalite_non_renseignee|pays_deduit
2015-bea771da-1,2015,videoprotection,vidéo,non_renseignee,,AMAZONIA BORDEAUX CENTRE,AMAZONIA BORDEAUX CENTRE,Bordeaux,33,33,FR,,commerce,commerce,Commerce,f0173389__OpenCNIL_liste_controles_2015.csv,329,modalite_non_renseignee|pays_deduit
2015-085d39e5-1,2015,videoprotection,vidéo,non_renseignee,,COMMUNE DE CLAMART,COMMUNE DE CLAMART,Clamart,92,92,FR,,collectivites_territoriales,collectivites_territoriales,Collectivités locales,f0173389__OpenCNIL_liste_controles_2015.csv,330,modalite_non_renseignee|pays_deduit
2015-d69783e9-1,2015,videoprotection,vidéo,non_renseignee,,"ASSOCIATION "" LES MAISONS DE L'ARIA""",ASSOCIATION LES MAISONS DE L ARIA,Combs la Ville,77,77,FR,,sante_social,sante_social,Santé/ social,f0173389__OpenCNIL_liste_controles_2015.csv,331,modalite_non_renseignee|pays_deduit
2015-d2ec273f-1,2015,videoprotection,vidéo,non_renseignee,,COMMUNE D'ANNEMASSE,COMMUNE D ANNEMASSE,Annemasse,74,74,FR,,collectivites_territoriales,collectivites_territoriales,Collectivités locales,f0173389__OpenCNIL_liste_controles_2015.csv,332,modalite_non_renseignee|pays_deduit
2015-84282ba7-1,2015,videoprotection,vidéo,non_renseignee,,KING JOUET,KING JOUET,Strasbourg,67,67,FR,,commerce,commerce,Commerce,f0173389__OpenCNIL_liste_controles_2015.csv,333,modalite_non_renseignee|pays_deduit
2015-667f4912-1,2015,videoprotection,vidéo,non_renseignee,,"TOYS""R""US",TOYS R US,Strasbourg,67,67,FR,,commerce,commerce,Commerce,f0173389__OpenCNIL_liste_controles_2015.csv,334,modalite_non_renseignee|pays_deduit
2015-5d6c6734-1,2015,videoprotection,vidéo,non_renseignee,,BNP PARIBAS REAL ESTATE,BNP PARIBAS REAL ESTATE,Issy les Moulineaux,92,92,FR,,banque,banque,Banques,f0173389__OpenCNIL_liste_controles_2015.csv,335,modalite_non_renseignee|pays_deduit
2015-4a3931a2-1,2015,videoprotection,vidéo,non_renseignee,,HOTEL IBIS STYLES TOULON CENTRE CONGRES,HOTEL IBIS STYLES TOULON CENTRE CONGRES,Toulon,83,83,FR,,commerce,commerce,Commerce,f0173389__OpenCNIL_liste_controles_2015.csv,336,modalite_non_renseignee|pays_deduit
2015-a8ce4531-1,2015,videoprotection,vidéo,non_renseignee,,PATHE LE MANS QUINCONCES,PATHE LE MANS QUINCONCES,Le Mans,72,72,FR,,commerce,commerce,Commerce,f0173389__OpenCNIL_liste_controles_2015.csv,337,modalite_non_renseignee|pays_deduit
2015-c940c5ce-1,2015,videoprotection,vidéo,non_renseignee,,LE MUSEE VERT LE MANS,LE MUSEE VERT LE MANS,Le Mans,72,72,FR,,commerce,commerce,Commerce,f0173389__OpenCNIL_liste_controles_2015.csv,338,modalite_non_renseignee|organisme_multiligne|pays_deduit
2015-8caf9edf-1,2015,videoprotection,vidéo,non_renseignee,,COMMUNE LE PERREUX-SUR-MARNE,COMMUNE LE PERREUX SUR MARNE,Le Perreux sur Marne,94,94,FR,,collectivites_territoriales,collectivites_territoriales,Collectivités locales,f0173389__OpenCNIL_liste_controles_2015.csv,340,modalite_non_renseignee|pays_deduit
2015-5b2f19fc-1,2015,videoprotection,vidéo,non_renseignee,,COMMUNE DE MAISON-LAFFITTE,COMMUNE DE MAISON LAFFITTE,Maison Laffitte,78,78,FR,,collectivites_territoriales,collectivites_territoriales,Collectivités locales,f0173389__OpenCNIL_liste_controles_2015.csv,341,modalite_non_renseignee|pays_deduit
2015-a46d7e76-1,2015,videoprotection,vidéo,non_renseignee,,ASSOCIATION DE FORMATION ET D'ACTION SOCIALE DES ECURIES DE COURSES,ASSOCIATION DE FORMATION ET D ACTION SOCIALE DES ECURIES DE COURSES,Maison Laffitte,78,78,FR,,education_culture_sport,education_culture_sport,Education/culture/sport,f0173389__OpenCNIL_liste_controles_2015.csv,342,modalite_non_renseignee|organisme_multiligne|pays_deduit
2015-ddeb0509-1,2015,videoprotection,vidéo,non_renseignee,,PLANETE PAIN,PLANETE PAIN,Saint Vit,25,25,FR,,commerce,commerce,Commerce,f0173389__OpenCNIL_liste_controles_2015.csv,344,modalite_non_renseignee|pays_deduit
2015-7b206b4b-1,2015,videoprotection,vidéo,non_renseignee,,HOTEL MERCURE,HOTEL MERCURE,Reims,51,51,FR,,commerce,commerce,Commerce,f0173389__OpenCNIL_liste_controles_2015.csv,345,modalite_non_renseignee|pays_deduit
2015-70805564-1,2015,videoprotection,vidéo,non_renseignee,,COMMUNE DE TOULON,COMMUNE DE TOULON,Toulon,83,83,FR,,collectivites_territoriales,collectivites_territoriales,Collectivités locales,f0173389__OpenCNIL_liste_controles_2015.csv,346,modalite_non_renseignee|pays_deduit
2015-75d91b45-1,2015,videoprotection,vidéo,non_renseignee,,SYNDICAT MIXTE PORTS TOULON PROVENCE,SYNDICAT MIXTE PORTS TOULON PROVENCE,Toulon,83,83,FR,,commerce,commerce,Commerce,f0173389__OpenCNIL_liste_controles_2015.csv,347,modalite_non_renseignee|pays_deduit
2015-b90e27a8-1,2015,videoprotection,vidéo,non_renseignee,,KCL8 (KEEP COOL),KCL8 KEEP COOL,Lyon,69,69,FR,,commerce,commerce,Commerce,f0173389__OpenCNIL_liste_controles_2015.csv,348,modalite_non_renseignee|pays_deduit
2015-3b2c2451-1,2015,videoprotection,vidéo,non_renseignee,,HOTEL SOFITEL LYON BELLECOUR/SAS SOFITEL LUXURY HOTELS FRANCE,HOTEL SOFITEL LYON BELLECOUR SAS SOFITEL LUXURY HOTELS FRANCE,Lyon,69,69,FR,,commerce,commerce,Commerce,f0173389__OpenCNIL_liste_controles_2015.csv,349,modalite_non_renseignee|pays_deduit
2015-6924d831-1,2015,videoprotection,vidéo,non_renseignee,,COMMUNE DE MONTARGIS,COMMUNE DE MONTARGIS,Montargis,45,45,FR,,collectivites_territoriales,collectivites_territoriales,Collectivités locales,f0173389__OpenCNIL_liste_controles_2015.csv,350,modalite_non_renseignee|pays_deduit
2015-84af0b2c-1,2015,videoprotection,vidéo,non_renseignee,,SOCIETE SERVAIR,SOCIETE SERVAIR,Roissy Charles de Gaulle,95,95,FR,,commerce,commerce,Commerce,f0173389__OpenCNIL_liste_controles_2015.csv,351,modalite_non_renseignee|pays_deduit
2015-e250c185-1,2015,videoprotection,vidéo,non_renseignee,,COMMUNE DE FERRIERES EN GATINAIS,COMMUNE DE FERRIERES EN GATINAIS,Ferrieres en Gatinais,45,45,FR,,collectivites_territoriales,collectivites_territoriales,Collectivités locales,f0173389__OpenCNIL_liste_controles_2015.csv,352,modalite_non_renseignee|pays_deduit
2015-316e64b8-1,2015,videoprotection,vidéo,non_renseignee,,GIFI MAG,GIFI MAG,Chambly,60,60,FR,,commerce,commerce,Commerce,f0173389__OpenCNIL_liste_controles_2015.csv,353,modalite_non_renseignee|pays_deduit
2015-316e64b8-2,2015,videoprotection,vidéo,non_renseignee,,GIFI MAG,GIFI MAG,Chambly,60,60,FR,,commerce,commerce,Commerce,f0173389__OpenCNIL_liste_controles_2015.csv,355,modalite_non_renseignee|pays_deduit|ligne_dupliquee
2015-156daa05-1,2015,videoprotection,vidéo,non_renseignee,,BUFFALO GRILL,BUFFALO GRILL,Chambly,60,60,FR,,commerce,commerce,Commerce,f0173389__OpenCNIL_liste_controles_2015.csv,356,modalite_non_renseignee|pays_deduit
2015-5f6f33f6-1,2015,videoprotection,vidéo,non_renseignee,,OGEC PSALLETTE ST VINCENT,OGEC PSALLETTE ST VINCENT,Le Mans,72,72,FR,,education_culture_sport,education_culture_sport,Education/culture/sport,f0173389__OpenCNIL_liste_controles_2015.csv,357,modalite_non_renseignee|pays_deduit
2015-25097177-1,2015,videoprotection,vidéo,non_renseignee,,SAS VALMY - RENAISSANCE PARIS LA DEFENSE HOTEL,SAS VALMY RENAISSANCE PARIS LA DEFENSE HOTEL,Paris La Défense,92,92,FR,,commerce,commerce,Commerce,f0173389__OpenCNIL_liste_controles_2015.csv,358,modalite_non_renseignee|pays_deduit
2015-885ad2c1-1,2015,videoprotection,vidéo,non_renseignee,,COMMUNE LE CHESNAY,COMMUNE LE CHESNAY,Le Chesnay,78,78,FR,,collectivites_territoriales,collectivites_territoriales,Collectivités locales,f0173389__OpenCNIL_liste_controles_2015.csv,359,modalite_non_renseignee|pays_deduit
2015-622c9543-1,2015,videoprotection,vidéo,non_renseignee,,COMMUNE DE PITHIVIERS,COMMUNE DE PITHIVIERS,Pithiviers,45,45,FR,,collectivites_territoriales,collectivites_territoriales,Collectivités locales,f0173389__OpenCNIL_liste_controles_2015.csv,360,modalite_non_renseignee|pays_deduit
2015-930bd4d4-1,2015,videoprotection,vidéo,non_renseignee,,HELVETIA COMPAGNIE SUISSE D'ASSURANCES,HELVETIA COMPAGNIE SUISSE D ASSURANCES,Courbevoie,92,92,FR,,assurance,assurance,Assurance,f0173389__OpenCNIL_liste_controles_2015.csv,361,modalite_non_renseignee|pays_deduit
2015-fc249806-1,2015,videoprotection,vidéo,non_renseignee,,TOSHIBA TEC EUROPE,TOSHIBA TEC EUROPE,Neuville les Dieppe,76,76,FR,,commerce,commerce,Commerce,f0173389__OpenCNIL_liste_controles_2015.csv,362,modalite_non_renseignee|pays_deduit
2015-0a76f93b-1,2015,videoprotection,vidéo,non_renseignee,,CASINO DE DIEPPE,CASINO DE DIEPPE,Dieppe,76,76,FR,,commerce,commerce,Commerce,f0173389__OpenCNIL_liste_controles_2015.csv,363,modalite_non_renseignee|pays_deduit
2015-662f0e6d-1,2015,videoprotection,vidéo,non_renseignee,,COMMUNE DE BLAGNAC,COMMUNE DE BLAGNAC,Blagnac,31,31,FR,,collectivites_territoriales,collectivites_territoriales,Collectivités locales,f0173389__OpenCNIL_liste_controles_2015.csv,364,modalite_non_renseignee|pays_deduit
2015-c750a9ed-1,2015,videoprotection,vidéo,non_renseignee,,HOTEL MERCURE,HOTEL MERCURE,Rennes,35,35,FR,,commerce,commerce,Commerce,f0173389__OpenCNIL_liste_controles_2015.csv,365,modalite_non_renseignee|pays_deduit
2015-277a15f2-1,2015,videoprotection,vidéo,non_renseignee,,MAGASIN ZARA (AIX-EN-PROVENCE),MAGASIN ZARA AIX EN PROVENCE,Aix en Provence,13,13,FR,,commerce,commerce,Commerce,f0173389__OpenCNIL_liste_controles_2015.csv,366,modalite_non_renseignee|pays_deduit
2015-41501523-1,2015,videoprotection,vidéo,non_renseignee,,GAUMONT MONTPELLIER MULTIPLEXE,GAUMONT MONTPELLIER MULTIPLEXE,Montpellier,34,34,FR,,commerce,commerce,Commerce,f0173389__OpenCNIL_liste_controles_2015.csv,367,modalite_non_renseignee|pays_deduit
2015-49c536ba-1,2015,videoprotection,vidéo,non_renseignee,,COMMUNE DE TOURS,COMMUNE DE TOURS,Tours,37,37,FR,,collectivites_territoriales,collectivites_territoriales,Collectivités locales,f0173389__OpenCNIL_liste_controles_2015.csv,368,modalite_non_renseignee|pays_deduit
2015-9e86f839-1,2015,videoprotection,vidéo,non_renseignee,,AQUARIUM MARE NOSTRUM,AQUARIUM MARE NOSTRUM,Montpellier,34,34,FR,,commerce,commerce,Commerce,f0173389__OpenCNIL_liste_controles_2015.csv,369,modalite_non_renseignee|pays_deduit
2015-b90ae37c-1,2015,videoprotection,vidéo,non_renseignee,,COMMUNE DE CHARTRES,COMMUNE DE CHARTRES,Chartres,28,28,FR,,collectivites_territoriales,collectivites_territoriales,Collectivités locales,f0173389__OpenCNIL_liste_controles_2015.csv,370,modalite_non_renseignee|pays_deduit
2015-bbe4d954-1,2015,videoprotection,vidéo,non_renseignee,,SOCIETE 5/5 SECURITE,SOCIETE 5 5 SECURITE,Chartres,28,28,FR,,commerce,commerce,Commerce,f0173389__OpenCNIL_liste_controles_2015.csv,371,modalite_non_renseignee|pays_deduit
2015-5f41850e-1,2015,videoprotection,vidéo,non_renseignee,,COMMUNE D'ETAMPES,COMMUNE D ETAMPES,Etampes,91,91,FR,,collectivites_territoriales,collectivites_territoriales,Collectivités locales,f0173389__OpenCNIL_liste_controles_2015.csv,372,modalite_non_renseignee|pays_deduit
2015-bfbd105e-1,2015,videoprotection,vidéo,non_renseignee,,LABORATOIRE CLAIRE BILLEY-KIJNER,LABORATOIRE CLAIRE BILLEY KIJNER,Vernouillet,78,78,FR,,sante_social,sante_social,Santé/ social,f0173389__OpenCNIL_liste_controles_2015.csv,373,modalite_non_renseignee|pays_deduit
2015-f160a96a-1,2015,videoprotection,vidéo,non_renseignee,,COMMUNE DE CARPIQUET,COMMUNE DE CARPIQUET,Carpiquet,14,14,FR,,collectivites_territoriales,collectivites_territoriales,Collectivités locales,f0173389__OpenCNIL_liste_controles_2015.csv,374,modalite_non_renseignee|pays_deduit
2015-bdbc614f-1,2015,videoprotection,vidéo,non_renseignee,,COMMUNE DE RENNES,COMMUNE DE RENNES,Rennes,35,35,FR,,collectivites_territoriales,collectivites_territoriales,Collectivités locales,f0173389__OpenCNIL_liste_controles_2015.csv,375,modalite_non_renseignee|pays_deduit
2015-32ab5136-1,2015,videoprotection,vidéo,non_renseignee,,MUSEE DES BEAUX-ARTS DE RENNES,MUSEE DES BEAUX ARTS DE RENNES,Rennes,35,35,FR,,education_culture_sport,education_culture_sport,Education/culture/sport,f0173389__OpenCNIL_liste_controles_2015.csv,376,modalite_non_renseignee|pays_deduit
2015-a873409a-1,2015,videoprotection,vidéo,non_renseignee,,PATINOIRE MUNICIPALE,PATINOIRE MUNICIPALE,Caen,14,14,FR,,collectivites_territoriales,collectivites_territoriales,Collectivités locales,f0173389__OpenCNIL_liste_controles_2015.csv,377,modalite_non_renseignee|pays_deduit
2015-01109b10-1,2015,videoprotection,vidéo,non_renseignee,,MUSEE DES BEAUX-ARTS DE CAEN,MUSEE DES BEAUX ARTS DE CAEN,Caen,14,14,FR,,collectivites_territoriales,collectivites_territoriales,Collectivités locales,f0173389__OpenCNIL_liste_controles_2015.csv,378,modalite_non_renseignee|pays_deduit
2015-58b8d4b3-1,2015,videoprotection,vidéo,non_renseignee,,COMMUNE DE LACANAU,COMMUNE DE LACANAU,Lacanau,33,33,FR,,collectivites_territoriales,collectivites_territoriales,Collectivités locales,f0173389__OpenCNIL_liste_controles_2015.csv,379,modalite_non_renseignee|pays_deduit
2015-c77aa804-1,2015,videoprotection,vidéo,non_renseignee,,COMMUNE DE LORIENT,COMMUNE DE LORIENT,Lorient,56,56,FR,,collectivites_territoriales,collectivites_territoriales,Collectivités locales,f0173389__OpenCNIL_liste_controles_2015.csv,380,modalite_non_renseignee|pays_deduit
2015-be1dd82f-1,2015,videoprotection,vidéo,non_renseignee,,COMMUNE DE VANNES,COMMUNE DE VANNES,Vannes,56,56,FR,,collectivites_territoriales,collectivites_territoriales,Collectivités locales,f0173389__OpenCNIL_liste_controles_2015.csv,381,modalite_non_renseignee|pays_deduit
2015-12b4e036-1,2015,videoprotection,vidéo,non_renseignee,,GROUPE BARBA,GROUPE BARBA,Frontignan,34,34,FR,,commerce,commerce,Commerce,f0173389__OpenCNIL_liste_controles_2015.csv,382,modalite_non_renseignee|pays_deduit
2015-a4c34c9f-1,2015,videoprotection,vidéo,non_renseignee,,MUSEE DU FORT DE LA POMPELLE,MUSEE DU FORT DE LA POMPELLE,Reims,51,51,FR,,collectivites_territoriales,collectivites_territoriales,Collectivités locales,f0173389__OpenCNIL_liste_controles_2015.csv,383,modalite_non_renseignee|pays_deduit
2015-76be81a5-1,2015,videoprotection,vidéo,non_renseignee,,COMMUNE DE MEZE,COMMUNE DE MEZE,Meze,34,34,FR,,collectivites_territoriales,collectivites_territoriales,Collectivités locales,f0173389__OpenCNIL_liste_controles_2015.csv,384,modalite_non_renseignee|pays_deduit
2015-4d2e011b-1,2015,videoprotection,vidéo,non_renseignee,,COMMUNE D'AGDE,COMMUNE D AGDE,Agde,34,34,FR,,collectivites_territoriales,collectivites_territoriales,Collectivités locales,f0173389__OpenCNIL_liste_controles_2015.csv,385,modalite_non_renseignee|pays_deduit
2015-b80120a2-1,2015,videoprotection,vidéo,non_renseignee,,COMMUNE DE MARSEILLAN,COMMUNE DE MARSEILLAN,Marseillan,34,34,FR,,collectivites_territoriales,collectivites_territoriales,Collectivités locales,f0173389__OpenCNIL_liste_controles_2015.csv,386,modalite_non_renseignee|pays_deduit
2015-fa5b8eef-1,2015,videoprotection,vidéo,non_renseignee,,CURE GOURMANDE DEVELOPPEMENT,CURE GOURMANDE DEVELOPPEMENT,Agde,34,34,FR,,commerce,commerce,Commerce,f0173389__OpenCNIL_liste_controles_2015.csv,387,modalite_non_renseignee|pays_deduit
2015-e61ca9f7-1,2015,videoprotection,vidéo,non_renseignee,,LE CESAR BILLARD PALACE,LE CESAR BILLARD PALACE,Reims,51,51,FR,,commerce,commerce,Commerce,f0173389__OpenCNIL_liste_controles_2015.csv,388,modalite_non_renseignee|pays_deduit
2015-2cc9ff85-1,2015,videoprotection,vidéo,non_renseignee,,FONDATION D'ENTREPRISE LOUIS VUITTON,FONDATION D ENTREPRISE LOUIS VUITTON,Paris,75,75,FR,,commerce,commerce,Commerce,f0173389__OpenCNIL_liste_controles_2015.csv,389,modalite_non_renseignee|pays_deduit
2015-1e01e2c9-1,2015,videoprotection,vidéo,non_renseignee,,COMMUNE DE BASSENS,COMMUNE DE BASSENS,Bassens,33,33,FR,,collectivites_territoriales,collectivites_territoriales,Collectivités locales,f0173389__OpenCNIL_liste_controles_2015.csv,390,modalite_non_renseignee|pays_deduit
2015-d7d48f28-1,2015,videoprotection,vidéo,non_renseignee,,MEILLEURCONTACT@33,MEILLEURCONTACT 33,Libourne,33,33,FR,,commerce,commerce,Commerce,f0173389__OpenCNIL_liste_controles_2015.csv,391,modalite_non_renseignee|pays_deduit
2015-1829f41a-1,2015,videoprotection,vidéo,non_renseignee,,MUSEE DES ARMES,MUSEE DES ARMES,Tulle,19,19,FR,,education_culture_sport,education_culture_sport,Education/culture/sport,f0173389__OpenCNIL_liste_controles_2015.csv,392,modalite_non_renseignee|pays_deduit
2015-33e69311-1,2015,videoprotection,vidéo,non_renseignee,,COMMUNE DE COURTENAY,COMMUNE DE COURTENAY,Courtenay,45,45,FR,,collectivites_territoriales,collectivites_territoriales,Collectivités locales,f0173389__OpenCNIL_liste_controles_2015.csv,393,modalite_non_renseignee|pays_deduit
2015-1829f41a-2,2015,videoprotection,vidéo,non_renseignee,,MUSEE DES ARMES,MUSEE DES ARMES,Tulle,19,19,FR,,education_culture_sport,education_culture_sport,Education/culture/sport,f0173389__OpenCNIL_liste_controles_2015.csv,394,modalite_non_renseignee|pays_deduit|ligne_dupliquee
2015-33e69311-2,2015,videoprotection,vidéo,non_renseignee,,COMMUNE DE COURTENAY,COMMUNE DE COURTENAY,Courtenay,45,45,FR,,collectivites_territoriales,collectivites_territoriales,Collectivités locales,f0173389__OpenCNIL_liste_controles_2015.csv,395,modalite_non_renseignee|pays_deduit|ligne_dupliquee
2015-79f7b446-1,2015,videoprotection,vidéo,non_renseignee,,MAISON D'ARRET DE DOUAI,MAISON D ARRET DE DOUAI,Douai,62,62,FR,,police_justice_securite,etat_regalien,Police/ justice/ sécurité,f0173389__OpenCNIL_liste_controles_2015.csv,396,modalite_non_renseignee|pays_deduit
2015-52add45b-1,2015,videoprotection,vidéo,non_renseignee,,GROUPE HELICE,GROUPE HELICE,Pantin,93,93,FR,,commerce,commerce,Commerce,f0173389__OpenCNIL_liste_controles_2015.csv,397,modalite_non_renseignee|pays_deduit
2015-a87b15ea-1,2015,videoprotection,vidéo,non_renseignee,,PALAVAL - NOVOTEL VALENCE SUD,PALAVAL NOVOTEL VALENCE SUD,Valence,26,26,FR,,commerce,commerce,Commerce,f0173389__OpenCNIL_liste_controles_2015.csv,398,modalite_non_renseignee|pays_deduit
2015-cf7fef88-1,2015,videoprotection,vidéo,non_renseignee,,"SMECTOM DU PLATEAU DE LANNEMEZAN, DES NESTES ET DES COTEAUX",SMECTOM DU PLATEAU DE LANNEMEZAN DES NESTES ET DES COTEAUX,Capvern,65,65,FR,,collectivites_territoriales,collectivites_territoriales,Collectivités locales,f0173389__OpenCNIL_liste_controles_2015.csv,399,modalite_non_renseignee|pays_deduit
2015-0afae03b-1,2015,videoprotection,vidéo,non_renseignee,,COMMUNE DE TARBES,COMMUNE DE TARBES,Tarbes,65,65,FR,,collectivites_territoriales,collectivites_territoriales,Collectivités locales,f0173389__OpenCNIL_liste_controles_2015.csv,400,modalite_non_renseignee|pays_deduit
2015-777466bc-1,2015,videoprotection,vidéo,non_renseignee,,COMMUNE DE LOUHANS,COMMUNE DE LOUHANS,Louhans,71,71,FR,,collectivites_territoriales,collectivites_territoriales,Collectivités locales,f0173389__OpenCNIL_liste_controles_2015.csv,401,modalite_non_renseignee|pays_deduit
2015-f803bdaa-1,2015,videoprotection,vidéo,non_renseignee,,GROUPE HELICE,GROUPE HELICE,Pantin,93,93,FR,,telecommunications,telecommunications,Télécommunications,f0173389__OpenCNIL_liste_controles_2015.csv,402,modalite_non_renseignee|pays_deduit
2015-a87b15ea-2,2015,videoprotection,vidéo,non_renseignee,,PALAVAL - NOVOTEL VALENCE SUD,PALAVAL NOVOTEL VALENCE SUD,Valence,26,26,FR,,commerce,commerce,Commerce,f0173389__OpenCNIL_liste_controles_2015.csv,403,modalite_non_renseignee|pays_deduit|ligne_dupliquee
2015-7ddcf2db-1,2015,videoprotection,vidéo,non_renseignee,,"SMECTOM DU PLATEAU DE LANNEMEZAN, DES NESTES ET DES COTEAUX",SMECTOM DU PLATEAU DE LANNEMEZAN DES NESTES ET DES COTEAUX,Capvern,65,65,FR,,sante_social,sante_social,Santé/ social,f0173389__OpenCNIL_liste_controles_2015.csv,404,modalite_non_renseignee|pays_deduit
2015-0afae03b-2,2015,videoprotection,vidéo,non_renseignee,,COMMUNE DE TARBES,COMMUNE DE TARBES,Tarbes,65,65,FR,,collectivites_territoriales,collectivites_territoriales,Collectivités locales,f0173389__OpenCNIL_liste_controles_2015.csv,405,modalite_non_renseignee|pays_deduit|ligne_dupliquee
2015-777466bc-2,2015,videoprotection,vidéo,non_renseignee,,COMMUNE DE LOUHANS,COMMUNE DE LOUHANS,Louhans,71,71,FR,,collectivites_territoriales,collectivites_territoriales,Collectivités locales,f0173389__OpenCNIL_liste_controles_2015.csv,406,modalite_non_renseignee|pays_deduit|ligne_dupliquee
2015-4225a894-1,2015,videoprotection,vidéo,non_renseignee,,OGEC DES ECOLES DU BON SAUVEUR,OGEC DES ECOLES DU BON SAUVEUR,Saint Lô,50,50,FR,,education_culture_sport,education_culture_sport,Education/culture/sport,f0173389__OpenCNIL_liste_controles_2015.csv,407,modalite_non_renseignee|pays_deduit
2015-5a1579f2-1,2015,videoprotection,vidéo,non_renseignee,,"RESIDENCE ""LES JARDINS DE LA LOIRE""",RESIDENCE LES JARDINS DE LA LOIRE,Bonny sur Loire,45,45,FR,,sante_social,sante_social,Santé/ social,f0173389__OpenCNIL_liste_controles_2015.csv,408,modalite_non_renseignee|pays_deduit
2015-d81261fe-1,2015,videoprotection,vidéo,non_renseignee,,COMMUNE DE SARTROUVILLE,COMMUNE DE SARTROUVILLE,Sartrouville,78,78,FR,,collectivites_territoriales,collectivites_territoriales,Collectivités locales,f0173389__OpenCNIL_liste_controles_2015.csv,409,modalite_non_renseignee|pays_deduit
2015-60a65025-1,2015,videoprotection,vidéo,non_renseignee,,MAIRIE DE SAINT MAUR DES FOSSES,MAIRIE DE SAINT MAUR DES FOSSES,Saint Maur des fossés,94,94,FR,,collectivites_territoriales,collectivites_territoriales,Collectivités locales,f0173389__OpenCNIL_liste_controles_2015.csv,410,modalite_non_renseignee|pays_deduit
2015-e3888c26-1,2015,videoprotection,vidéo,non_renseignee,,MAGASIN GALERIES LAFAYETTE BORDEAUX,MAGASIN GALERIES LAFAYETTE BORDEAUX,Bordeaux,33,33,FR,,commerce,commerce,Commerce,f0173389__OpenCNIL_liste_controles_2015.csv,411,modalite_non_renseignee|pays_deduit
2015-60a5f69b-1,2015,videoprotection,vidéo,non_renseignee,,GRAND HOTEL DE BORDEAUX,GRAND HOTEL DE BORDEAUX,Bordeaux,33,33,FR,,immobilier,immobilier,Immobilier,f0173389__OpenCNIL_liste_controles_2015.csv,412,modalite_non_renseignee|pays_deduit
2015-5f92af44-1,2015,videoprotection,vidéo,non_renseignee,,SPORT 33 - LE METROPOLE,SPORT 33 LE METROPOLE,Bordeaux,33,33,FR,,commerce,commerce,Commerce,f0173389__OpenCNIL_liste_controles_2015.csv,413,modalite_non_renseignee|pays_deduit
2015-6340d5d8-1,2015,videoprotection,vidéo,non_renseignee,,ENSA 2I,ENSA 2I,Paris,75,75,FR,,education_culture_sport,education_culture_sport,Education/culture/sport,f0173389__OpenCNIL_liste_controles_2015.csv,415,modalite_non_renseignee|pays_deduit
2015-6d42c9d4-1,2015,loi78,contrôle en ligne,en_ligne,,2L MULTIMEDIA,2L MULTIMEDIA,Paris,75,75,FR,,commerce,commerce,Commerce,f0173389__OpenCNIL_liste_controles_2015.csv,416,modalite_deduite_du_type|pays_deduit
2015-5b98c1d2-1,2015,loi78,contrôle en ligne,en_ligne,,MARMITELOVE.COM GAUCHE-RENCONTRE.COM,MARMITELOVE COM GAUCHE RENCONTRE COM,Paris,75,75,FR,,commerce,commerce,Commerce,f0173389__OpenCNIL_liste_controles_2015.csv,417,modalite_deduite_du_type|organisme_multiligne|pays_deduit
2015-2f3d3f91-1,2015,loi78,contrôle en ligne,en_ligne,,MEKTOUBE.FR,MEKTOUBE FR,Paris,75,75,FR,,commerce,commerce,Commerce,f0173389__OpenCNIL_liste_controles_2015.csv,419,modalite_deduite_du_type|pays_deduit
2015-86b4150d-1,2015,loi78,contrôle en ligne,en_ligne,,PARIS.FR,PARIS FR,Paris,75,75,FR,,collectivites_territoriales,collectivites_territoriales,Collectivités locales,f0173389__OpenCNIL_liste_controles_2015.csv,420,modalite_deduite_du_type|pays_deduit
2015-2a33037b-1,2015,loi78,contrôle en ligne,en_ligne,,JOURNALDUGEEK.COM,JOURNALDUGEEK COM,Paris,75,75,FR,,commerce,commerce,Commerce,f0173389__OpenCNIL_liste_controles_2015.csv,421,modalite_deduite_du_type|pays_deduit
2015-7cddceb6-1,2015,loi78,contrôle en ligne,en_ligne,,METRONEWS.FR,METRONEWS FR,Paris,75,75,FR,,commerce,commerce,Commerce,f0173389__OpenCNIL_liste_controles_2015.csv,422,modalite_deduite_du_type|pays_deduit
2015-16f422c7-1,2015,loi78,contrôle en ligne,en_ligne,,COMPRENDRECHOISIR.COM,COMPRENDRECHOISIR COM,Paris,75,75,FR,,commerce,commerce,Commerce,f0173389__OpenCNIL_liste_controles_2015.csv,423,modalite_deduite_du_type|pays_deduit
2015-16f422c7-2,2015,loi78,contrôle en ligne,en_ligne,,COMPRENDRECHOISIR.COM,COMPRENDRECHOISIR COM,Paris,75,75,FR,,commerce,commerce,Commerce,f0173389__OpenCNIL_liste_controles_2015.csv,424,modalite_deduite_du_type|pays_deduit|ligne_dupliquee
2015-dd35a654-1,2015,loi78,contrôle en ligne,en_ligne,,LADEPECHE.FR,LADEPECHE FR,Paris,75,75,FR,,commerce,commerce,Commerce,f0173389__OpenCNIL_liste_controles_2015.csv,425,modalite_deduite_du_type|pays_deduit
2015-d01d7d6e-1,2015,loi78,contrôle en ligne,en_ligne,,CHALLENGES.FR,CHALLENGES FR,Paris,75,75,FR,,commerce,commerce,Commerce,f0173389__OpenCNIL_liste_controles_2015.csv,426,modalite_deduite_du_type|pays_deduit
2015-27397984-1,2015,loi78,contrôle en ligne,en_ligne,,VILLE-CRETEIL.FR,VILLE CRETEIL FR,Paris,75,75,FR,,collectivites_territoriales,collectivites_territoriales,Collectivités locales,f0173389__OpenCNIL_liste_controles_2015.csv,427,modalite_deduite_du_type|pays_deduit
2015-3dc32548-1,2015,loi78,contrôle en ligne,en_ligne,,WWW.SERVICES.VILLE-NEVERS.FR,WWW SERVICES VILLE NEVERS FR,Paris,75,75,FR,,collectivites_territoriales,collectivites_territoriales,Collectivités locales,f0173389__OpenCNIL_liste_controles_2015.csv,428,modalite_deduite_du_type|pays_deduit
2015-eccf168b-1,2015,loi78,contrôle en ligne,en_ligne,,SIDA-INFO-SERVICE.ORG,SIDA INFO SERVICE ORG,Paris,75,75,FR,,sante_social,sante_social,Santé/ social,f0173389__OpenCNIL_liste_controles_2015.csv,429,modalite_deduite_du_type|pays_deduit
2015-0c34c5d4-1,2015,loi78,contrôle en ligne,en_ligne,,GHAZLI.COM,GHAZLI COM,Paris,75,75,FR,,sante_social,sante_social,Santé/ social,f0173389__OpenCNIL_liste_controles_2015.csv,430,modalite_deduite_du_type|pays_deduit
2015-0c34c5d4-2,2015,loi78,contrôle en ligne,en_ligne,,GHAZLI.COM,GHAZLI COM,Paris,75,75,FR,,sante_social,sante_social,Santé/ social,f0173389__OpenCNIL_liste_controles_2015.csv,431,modalite_deduite_du_type|pays_deduit|ligne_dupliquee
2015-0c34c5d4-3,2015,loi78,contrôle en ligne,en_ligne,,GHAZLI.COM,GHAZLI COM,Paris,75,75,FR,,sante_social,sante_social,Santé/ social,f0173389__OpenCNIL_liste_controles_2015.csv,432,modalite_deduite_du_type|pays_deduit|ligne_dupliquee
2015-66cd0325-1,2015,loi78,contrôle en ligne,en_ligne,,WWW.REDON.FR,WWW REDON FR,Paris,75,75,FR,,collectivites_territoriales,collectivites_territoriales,Collectivités locales,f0173389__OpenCNIL_liste_controles_2015.csv,433,modalite_deduite_du_type|pays_deduit
2015-ce120557-1,2015,loi78,contrôle en ligne,en_ligne,,MARSEILLESERVICES.FR,MARSEILLESERVICES FR,Paris,75,75,FR,,collectivites_territoriales,collectivites_territoriales,Collectivités locales,f0173389__OpenCNIL_liste_controles_2015.csv,434,modalite_deduite_du_type|pays_deduit
2015-2a107cfb-1,2015,loi78,contrôle en ligne,en_ligne,,METZ.FR,METZ FR,Paris,75,75,FR,,collectivites_territoriales,collectivites_territoriales,Collectivités locales,f0173389__OpenCNIL_liste_controles_2015.csv,435,modalite_deduite_du_type|pays_deduit
2015-fad068b1-1,2015,loi78,contrôle en ligne,en_ligne,,BORDEAUX.FR,BORDEAUX FR,Paris,75,75,FR,,collectivites_territoriales,collectivites_territoriales,Collectivités locales,f0173389__OpenCNIL_liste_controles_2015.csv,436,modalite_deduite_du_type|pays_deduit
2015-53471a54-1,2015,loi78,contrôle en ligne,en_ligne,,VILLECOURBEVOIE.FR,VILLECOURBEVOIE FR,Paris,75,75,FR,,collectivites_territoriales,collectivites_territoriales,Collectivités locales,f0173389__OpenCNIL_liste_controles_2015.csv,437,modalite_deduite_du_type|pays_deduit
2015-0ed9a7b2-1,2015,loi78,contrôle en ligne,en_ligne,,VILLEDELENS.FR,VILLEDELENS FR,Paris,75,75,FR,,collectivites_territoriales,collectivites_territoriales,Collectivités locales,f0173389__OpenCNIL_liste_controles_2015.csv,438,modalite_deduite_du_type|pays_deduit
2015-a03d186b-1,2015,loi78,contrôle en ligne,en_ligne,,NEUILLYSURSEINE.FR,NEUILLYSURSEINE FR,Paris,75,75,FR,,collectivites_territoriales,collectivites_territoriales,Collectivités locales,f0173389__OpenCNIL_liste_controles_2015.csv,439,modalite_deduite_du_type|pays_deduit
2015-de32462f-1,2015,loi78,contrôle en ligne,en_ligne,,MAIRIE-DEAUVILLE.FR,MAIRIE DEAUVILLE FR,Paris,75,75,FR,,collectivites_territoriales,collectivites_territoriales,Collectivités locales,f0173389__OpenCNIL_liste_controles_2015.csv,440,modalite_deduite_du_type|pays_deduit
2015-e8eba9fd-1,2015,loi78,contrôle en ligne,en_ligne,,CETELEM.FR,CETELEM FR,Paris,75,75,FR,,banque,banque,Banques,f0173389__OpenCNIL_liste_controles_2015.csv,441,modalite_deduite_du_type|pays_deduit
2015-e8eba9fd-2,2015,loi78,contrôle en ligne,en_ligne,,CETELEM.FR,CETELEM FR,Paris,75,75,FR,,banque,banque,Banques,f0173389__OpenCNIL_liste_controles_2015.csv,442,modalite_deduite_du_type|pays_deduit|ligne_dupliquee
2015-c7b20cea-1,2015,loi78,contrôle en ligne,en_ligne,,BREST-METROPOLE-OCEANE.FR,BREST METROPOLE OCEANE FR,Paris,75,75,FR,,collectivites_territoriales,collectivites_territoriales,Collectivités locales,f0173389__OpenCNIL_liste_controles_2015.csv,443,modalite_deduite_du_type|pays_deduit
2015-fe28101a-1,2015,loi78,contrôle en ligne,en_ligne,,NANTES.FR,NANTES FR,Paris,75,75,FR,,collectivites_territoriales,collectivites_territoriales,Collectivités locales,f0173389__OpenCNIL_liste_controles_2015.csv,444,modalite_deduite_du_type|pays_deduit
2015-751c77e3-1,2015,loi78,contrôle en ligne,en_ligne,,VILLE-EVIAN.FR,VILLE EVIAN FR,Paris,75,75,FR,,collectivites_territoriales,collectivites_territoriales,Collectivités locales,f0173389__OpenCNIL_liste_controles_2015.csv,445,modalite_deduite_du_type|pays_deduit
2015-3bfeb598-1,2015,loi78,contrôle en ligne,en_ligne,,COFINOGA.FR,COFINOGA FR,Paris,75,75,FR,,banque,banque,Banques,f0173389__OpenCNIL_liste_controles_2015.csv,446,modalite_deduite_du_type|pays_deduit
2015-1eebc7fb-1,2015,loi78,contrôle en ligne,en_ligne,,VITRY94.FR,VITRY94 FR,Paris,75,75,FR,,collectivites_territoriales,collectivites_territoriales,Collectivités locales,f0173389__OpenCNIL_liste_controles_2015.csv,447,modalite_deduite_du_type|pays_deduit
2015-bd0cbe21-1,2015,loi78,contrôle en ligne,en_ligne,,SOFINCO.FR,SOFINCO FR,Paris,75,75,FR,,banque,banque,Banques,f0173389__OpenCNIL_liste_controles_2015.csv,448,modalite_deduite_du_type|pays_deduit
2015-adb8f49e-1,2015,loi78,contrôle en ligne,en_ligne,,TOURS.FR,TOURS FR,Paris,75,75,FR,,collectivites_territoriales,collectivites_territoriales,Collectivités locales,f0173389__OpenCNIL_liste_controles_2015.csv,449,modalite_deduite_du_type|pays_deduit
2015-80cc704b-1,2015,loi78,contrôle en ligne,en_ligne,,TRAITEMENT IP DU 11 FÉVRIER 2015,TRAITEMENT IP DU 11 FEVRIER 2015,Paris,75,75,FR,,commerce,commerce,Commerce,f0173389__OpenCNIL_liste_controles_2015.csv,450,modalite_deduite_du_type|pays_deduit
2015-5c9cd29a-1,2015,loi78,contrôle en ligne,en_ligne,,VANVES.FR,VANVES FR,Paris,75,75,FR,,collectivites_territoriales,collectivites_territoriales,Collectivités locales,f0173389__OpenCNIL_liste_controles_2015.csv,451,modalite_deduite_du_type|pays_deduit
2015-cc3b683a-1,2015,loi78,contrôle en ligne,en_ligne,,BANQUE-CASINO.FR,BANQUE CASINO FR,Paris,75,75,FR,,commerce,commerce,Commerce,f0173389__OpenCNIL_liste_controles_2015.csv,452,modalite_deduite_du_type|pays_deduit
2015-348dc0ce-1,2015,loi78,contrôle en ligne,en_ligne,,CARREFOUR-BANQUE.FR,CARREFOUR BANQUE FR,Paris,75,75,FR,,commerce,commerce,Commerce,f0173389__OpenCNIL_liste_controles_2015.csv,453,modalite_deduite_du_type|pays_deduit
2015-ebb69434-1,2015,loi78,contrôle en ligne,en_ligne,,ERDF.FR,ERDF FR,Paris,75,75,FR,,commerce,commerce,Commerce,f0173389__OpenCNIL_liste_controles_2015.csv,454,modalite_deduite_du_type|pays_deduit
2015-3eb83b26-1,2015,loi78,contrôle en ligne,en_ligne,,TRAITEMENT IP DU 18 FÉVRIER 2015,TRAITEMENT IP DU 18 FEVRIER 2015,Paris,75,75,FR,,commerce,commerce,Commerce,f0173389__OpenCNIL_liste_controles_2015.csv,455,modalite_deduite_du_type|pays_deduit
2015-3eb83b26-2,2015,loi78,contrôle en ligne,en_ligne,,TRAITEMENT IP DU 18 FÉVRIER 2015,TRAITEMENT IP DU 18 FEVRIER 2015,Paris,75,75,FR,,commerce,commerce,Commerce,f0173389__OpenCNIL_liste_controles_2015.csv,456,modalite_deduite_du_type|pays_deduit|ligne_dupliquee
2015-91803de4-1,2015,loi78,contrôle en ligne,en_ligne,,OFFICIERSDEPORT-CGT.FR,OFFICIERSDEPORT CGT FR,Paris,75,75,FR,,sante_social,sante_social,Santé/ social,f0173389__OpenCNIL_liste_controles_2015.csv,457,modalite_deduite_du_type|pays_deduit
2015-72e389cb-1,2015,loi78,contrôle en ligne,en_ligne,,VERSAILLES.FR,VERSAILLES FR,Paris,75,75,FR,,collectivites_territoriales,collectivites_territoriales,Collectivités locales,f0173389__OpenCNIL_liste_controles_2015.csv,458,modalite_deduite_du_type|pays_deduit
2015-ae436c1f-1,2015,loi78,contrôle en ligne,en_ligne,,EXPENLI.COM,EXPENLI COM,Paris,75,75,FR,,commerce,commerce,Commerce,f0173389__OpenCNIL_liste_controles_2015.csv,459,modalite_deduite_du_type|pays_deduit
2015-30ea39f9-1,2015,loi78,contrôle en ligne,en_ligne,,INSPI.FR,INSPI FR,Paris,75,75,FR,,education_culture_sport,education_culture_sport,Education/culture/sport,f0173389__OpenCNIL_liste_controles_2015.csv,460,modalite_deduite_du_type|pays_deduit
2015-bd52a140-1,2015,loi78,contrôle en ligne,en_ligne,,EPITECH.EU,EPITECH EU,Paris,75,75,FR,,education_culture_sport,education_culture_sport,Education/culture/sport,f0173389__OpenCNIL_liste_controles_2015.csv,461,modalite_deduite_du_type|pays_deduit
2015-c7514405-1,2015,loi78,contrôle en ligne,en_ligne,,GEMONEYBANK.FR,GEMONEYBANK FR,Paris,75,75,FR,,commerce,commerce,Commerce,f0173389__OpenCNIL_liste_controles_2015.csv,462,modalite_deduite_du_type|pays_deduit
2015-862f2d57-1,2015,loi78,contrôle en ligne,en_ligne,,COFIDIS.FR,COFIDIS FR,Paris,75,75,FR,,commerce,commerce,Commerce,f0173389__OpenCNIL_liste_controles_2015.csv,463,modalite_deduite_du_type|pays_deduit
2015-c2c85424-1,2015,loi78,contrôle en ligne,en_ligne,,CEVU.U-CERGY.FR,CEVU U CERGY FR,Paris,75,75,FR,,education_culture_sport,education_culture_sport,Education/culture/sport,f0173389__OpenCNIL_liste_controles_2015.csv,464,modalite_deduite_du_type|pays_deduit
2015-ab5fbe65-1,2015,loi78,contrôle en ligne,en_ligne,,ARCAULNAY.FR,ARCAULNAY FR,Paris,75,75,FR,,education_culture_sport,education_culture_sport,Education/culture/sport,f0173389__OpenCNIL_liste_controles_2015.csv,465,modalite_deduite_du_type|pays_deduit
2015-4a433ca8-1,2015,loi78,contrôle en ligne,en_ligne,,PHOTO.AUCHAN.FR,PHOTO AUCHAN FR,Paris,75,75,FR,,commerce,commerce,Commerce,f0173389__OpenCNIL_liste_controles_2015.csv,466,modalite_deduite_du_type|pays_deduit
2015-4a433ca8-2,2015,loi78,contrôle en ligne,en_ligne,,PHOTO.AUCHAN.FR,PHOTO AUCHAN FR,Paris,75,75,FR,,commerce,commerce,Commerce,f0173389__OpenCNIL_liste_controles_2015.csv,467,modalite_deduite_du_type|pays_deduit|ligne_dupliquee
2015-0907a99b-1,2015,loi78,contrôle en ligne,en_ligne,,CENTRALEPNEUS.FR,CENTRALEPNEUS FR,Paris,75,75,FR,,commerce,commerce,Commerce,f0173389__OpenCNIL_liste_controles_2015.csv,468,modalite_deduite_du_type|pays_deduit
2015-8b88262b-1,2015,loi78,contrôle en ligne,en_ligne,,ALLOPNEUS.COM,ALLOPNEUS COM,Paris,75,75,FR,,commerce,commerce,Commerce,f0173389__OpenCNIL_liste_controles_2015.csv,469,modalite_deduite_du_type|pays_deduit
2015-cb89c90b-1,2015,loi78,contrôle en ligne,en_ligne,,PHOTOSERVICE.COM,PHOTOSERVICE COM,Paris,75,75,FR,,commerce,commerce,Commerce,f0173389__OpenCNIL_liste_controles_2015.csv,470,modalite_deduite_du_type|pays_deduit
2015-d6df17f9-1,2015,loi78,contrôle en ligne,en_ligne,,PASTEUR-LILLE.FR,PASTEUR LILLE FR,Paris,75,75,FR,,sante_social,sante_social,Santé/ social,f0173389__OpenCNIL_liste_controles_2015.csv,471,modalite_deduite_du_type|pays_deduit
2015-1307fce6-1,2015,loi78,contrôle en ligne,en_ligne,,CNCN.FR,CNCN FR,Paris,75,75,FR,,sante_social,sante_social,Santé/ social,f0173389__OpenCNIL_liste_controles_2015.csv,472,modalite_deduite_du_type|pays_deduit
2015-972421b2-1,2015,loi78,contrôle en ligne,en_ligne,,TEST-CLINIQUE.FR,TEST CLINIQUE FR,Paris,75,75,FR,,sante_social,sante_social,Santé/ social,f0173389__OpenCNIL_liste_controles_2015.csv,473,modalite_deduite_du_type|pays_deduit
2015-d308a174-1,2015,loi78,contrôle en ligne,en_ligne,,EUROSAFE.FR,EUROSAFE FR,Paris,75,75,FR,,sante_social,sante_social,Santé/ social,f0173389__OpenCNIL_liste_controles_2015.csv,474,modalite_deduite_du_type|pays_deduit
2015-17a8a108-1,2015,loi78,contrôle en ligne,en_ligne,,INTERTEK-ETUDESCLINIQUES.COM,INTERTEK ETUDESCLINIQUES COM,Paris,75,75,FR,,sante_social,sante_social,Santé/ social,f0173389__OpenCNIL_liste_controles_2015.csv,475,modalite_deduite_du_type|pays_deduit
2015-00016d1f-1,2015,loi78,contrôle en ligne,en_ligne,,PHOTOBOX.FR,PHOTOBOX FR,Paris,75,75,FR,,commerce,commerce,Commerce,f0173389__OpenCNIL_liste_controles_2015.csv,476,modalite_deduite_du_type|pays_deduit
2015-c6502847-1,2015,loi78,contrôle en ligne,en_ligne,,MYPIX.COM,MYPIX COM,Paris,75,75,FR,,commerce,commerce,Commerce,f0173389__OpenCNIL_liste_controles_2015.csv,477,modalite_deduite_du_type|pays_deduit
2015-123aad4b-1,2015,loi78,contrôle en ligne,en_ligne,,PAIEMENT-CFR.COM,PAIEMENT CFR COM,Paris,75,75,FR,,commerce,commerce,Commerce,f0173389__OpenCNIL_liste_controles_2015.csv,478,modalite_deduite_du_type|pays_deduit
2015-45a3ef67-1,2015,loi78,contrôle en ligne,en_ligne,,PHOTOWEB.FR,PHOTOWEB FR,Paris,75,75,FR,,commerce,commerce,Commerce,f0173389__OpenCNIL_liste_controles_2015.csv,479,modalite_deduite_du_type|pays_deduit
2015-f63665f4-1,2015,loi78,contrôle en ligne,en_ligne,,MAIRIE DE PARIS,MAIRIE DE PARIS,Paris,75,75,FR,,sante_social,sante_social,Santé/ social,f0173389__OpenCNIL_liste_controles_2015.csv,480,modalite_deduite_du_type|pays_deduit
2015-196d1716-1,2015,loi78,contrôle en ligne,en_ligne,,FORTUNEO.FR,FORTUNEO FR,Paris,75,75,FR,,banque,banque,Banques,f0173389__OpenCNIL_liste_controles_2015.csv,481,modalite_deduite_du_type|pays_deduit
2015-6679582c-1,2015,loi78,contrôle en ligne,en_ligne,,NEUFMOIS.FR,NEUFMOIS FR,Paris,75,75,FR,,telecommunications,telecommunications,Télécommunications,f0173389__OpenCNIL_liste_controles_2015.csv,482,modalite_deduite_du_type|pays_deduit
2015-9373d6fe-1,2015,loi78,contrôle en ligne,en_ligne,,PLANET.VERTBAUDET.COM,PLANET VERTBAUDET COM,Paris,75,75,FR,,telecommunications,telecommunications,Télécommunications,f0173389__OpenCNIL_liste_controles_2015.csv,483,modalite_deduite_du_type|pays_deduit
2015-9373d6fe-2,2015,loi78,contrôle en ligne,en_ligne,,PLANET.VERTBAUDET.COM,PLANET VERTBAUDET COM,Paris,75,75,FR,,telecommunications,telecommunications,Télécommunications,f0173389__OpenCNIL_liste_controles_2015.csv,484,modalite_deduite_du_type|pays_deduit|ligne_dupliquee
2015-9ecde83a-1,2015,loi78,contrôle en ligne,en_ligne,,MAMAN.FR,MAMAN FR,Paris,75,75,FR,,telecommunications,telecommunications,Télécommunications,f0173389__OpenCNIL_liste_controles_2015.csv,485,modalite_deduite_du_type|pays_deduit
2015-9ecde83a-2,2015,loi78,contrôle en ligne,en_ligne,,MAMAN.FR,MAMAN FR,Paris,75,75,FR,,telecommunications,telecommunications,Télécommunications,f0173389__OpenCNIL_liste_controles_2015.csv,486,modalite_deduite_du_type|pays_deduit|ligne_dupliquee
2015-6bb72870-1,2015,loi78,contrôle en ligne,en_ligne,,MAGICMAMAN.COM,MAGICMAMAN COM,Paris,75,75,FR,,telecommunications,telecommunications,Télécommunications,f0173389__OpenCNIL_liste_controles_2015.csv,487,modalite_deduite_du_type|pays_deduit
2015-6bb72870-2,2015,loi78,contrôle en ligne,en_ligne,,MAGICMAMAN.COM,MAGICMAMAN COM,Paris,75,75,FR,,telecommunications,telecommunications,Télécommunications,f0173389__OpenCNIL_liste_controles_2015.csv,488,modalite_deduite_du_type|pays_deduit|ligne_dupliquee
2015-79ba842f-1,2015,loi78,contrôle en ligne,en_ligne,,KELBILLET.COM,KELBILLET COM,Paris,75,75,FR,,transports,transports,Transport,f0173389__OpenCNIL_liste_controles_2015.csv,489,modalite_deduite_du_type|pays_deduit
2015-79ba842f-2,2015,loi78,contrôle en ligne,en_ligne,,KELBILLET.COM,KELBILLET COM,Paris,75,75,FR,,transports,transports,Transport,f0173389__OpenCNIL_liste_controles_2015.csv,490,modalite_deduite_du_type|pays_deduit|ligne_dupliquee
2015-c4b46a52-1,2015,loi78,contrôle en ligne,en_ligne,,MONALBUMPHOTO.FR,MONALBUMPHOTO FR,Paris,75,75,FR,,telecommunications,telecommunications,Télécommunications,f0173389__OpenCNIL_liste_controles_2015.csv,491,modalite_deduite_du_type|pays_deduit
2015-94fc0cf3-1,2015,loi78,contrôle en ligne,en_ligne,,BOULANGER.FR,BOULANGER FR,Paris,75,75,FR,,telecommunications,telecommunications,Télécommunications,f0173389__OpenCNIL_liste_controles_2015.csv,492,modalite_deduite_du_type|pays_deduit
2015-72619b4b-1,2015,loi78,contrôle en ligne,en_ligne,,COVOITURAGE.FR,COVOITURAGE FR,Paris,75,75,FR,,commerce,commerce,Commerce,f0173389__OpenCNIL_liste_controles_2015.csv,493,modalite_deduite_du_type|pays_deduit
2015-c0717f26-1,2015,loi78,contrôle en ligne,en_ligne,,FORMALITES-CARTEGRISE.FR (CARPE DIEM SAS),FORMALITES CARTEGRISE FR CARPE DIEM SAS,Paris,75,75,FR,,commerce,commerce,Commerce,f0173389__OpenCNIL_liste_controles_2015.csv,494,modalite_deduite_du_type|organisme_multiligne|pays_deduit
2015-c0717f26-2,2015,loi78,contrôle en ligne,en_ligne,,FORMALITES-CARTEGRISE.FR (CARPE DIEM SAS),FORMALITES CARTEGRISE FR CARPE DIEM SAS,Paris,75,75,FR,,commerce,commerce,Commerce,f0173389__OpenCNIL_liste_controles_2015.csv,496,modalite_deduite_du_type|organisme_multiligne|pays_deduit|ligne_dupliquee
2015-2dba300c-1,2015,loi78,contrôle en ligne,en_ligne,,VOTRE-CARTE-GRISE.COM,VOTRE CARTE GRISE COM,Paris,75,75,FR,,commerce,commerce,Commerce,f0173389__OpenCNIL_liste_controles_2015.csv,498,modalite_deduite_du_type|pays_deduit
2015-2dba300c-2,2015,loi78,contrôle en ligne,en_ligne,,VOTRE-CARTE-GRISE.COM,VOTRE CARTE GRISE COM,Paris,75,75,FR,,commerce,commerce,Commerce,f0173389__OpenCNIL_liste_controles_2015.csv,499,modalite_deduite_du_type|pays_deduit|ligne_dupliquee
2015-c8368e94-1,2015,loi78,contrôle en ligne,en_ligne,,RICARD.COM (RICARD S.A),RICARD COM RICARD S A,Paris,75,75,FR,,commerce,commerce,Commerce,f0173389__OpenCNIL_liste_controles_2015.csv,500,modalite_deduite_du_type|organisme_multiligne|pays_deduit
2015-c8368e94-2,2015,loi78,contrôle en ligne,en_ligne,,RICARD.COM (RICARD S.A),RICARD COM RICARD S A,Paris,75,75,FR,,commerce,commerce,Commerce,f0173389__OpenCNIL_liste_controles_2015.csv,502,modalite_deduite_du_type|organisme_multiligne|pays_deduit|ligne_dupliquee
2015-8a0236c9-1,2015,loi78,contrôle en ligne,en_ligne,,CARTEGRISENATIONALE.FR,CARTEGRISENATIONALE FR,Paris,75,75,FR,,transports,transports,Transport,f0173389__OpenCNIL_liste_controles_2015.csv,504,modalite_deduite_du_type|pays_deduit
2015-6246a032-1,2015,loi78,contrôle en ligne,en_ligne,,COURSES.MONOPRIX.FR,COURSES MONOPRIX FR,Paris,75,75,FR,,commerce,commerce,Commerce,f0173389__OpenCNIL_liste_controles_2015.csv,505,modalite_deduite_du_type|pays_deduit
2015-64fa98a7-1,2015,loi78,contrôle en ligne,en_ligne,,COURSES.CARREFOUR.FR,COURSES CARREFOUR FR,Paris,75,75,FR,,commerce,commerce,Commerce,f0173389__OpenCNIL_liste_controles_2015.csv,506,modalite_deduite_du_type|pays_deduit
2015-a845e7f3-1,2015,loi78,contrôle en ligne,en_ligne,,SUNLAND.FR (SARL JMB),SUNLAND FR SARL JMB,Paris,75,75,FR,,commerce,commerce,Commerce,f0173389__OpenCNIL_liste_controles_2015.csv,507,modalite_deduite_du_type|organisme_multiligne|pays_deduit
2015-164963c0-1,2015,loi78,contrôle en ligne,en_ligne,,AUBERT.COM (AUBERT FRANCE),AUBERT COM AUBERT FRANCE,Paris,75,75,FR,,commerce,commerce,Commerce,f0173389__OpenCNIL_liste_controles_2015.csv,509,modalite_deduite_du_type|organisme_multiligne|pays_deduit
2015-2116146c-1,2015,loi78,contrôle en ligne,en_ligne,,RÉPUBLICAINS.FR,REPUBLICAINS FR,Paris,75,75,FR,,telecommunications,telecommunications,Télécommunications,f0173389__OpenCNIL_liste_controles_2015.csv,511,modalite_deduite_du_type|pays_deduit
2015-67ec131f-1,2015,loi78,contrôle en ligne,en_ligne,,PARTI-SOCIALISTE.FR,PARTI SOCIALISTE FR,Paris,75,75,FR,,telecommunications,telecommunications,Télécommunications,f0173389__OpenCNIL_liste_controles_2015.csv,512,modalite_deduite_du_type|pays_deduit
2015-67ec131f-2,2015,loi78,contrôle en ligne,en_ligne,,PARTI-SOCIALISTE.FR,PARTI SOCIALISTE FR,Paris,75,75,FR,,telecommunications,telecommunications,Télécommunications,f0173389__OpenCNIL_liste_controles_2015.csv,513,modalite_deduite_du_type|pays_deduit|ligne_dupliquee
2015-e658f64b-1,2015,loi78,contrôle en ligne,en_ligne,,YATEDO.FR,YATEDO FR,Paris,75,75,FR,,commerce,commerce,Commerce,f0173389__OpenCNIL_liste_controles_2015.csv,514,modalite_deduite_du_type|pays_deduit
2015-e4bd0d97-1,2015,loi78,contrôle en ligne,en_ligne,,MARIANNE.NET,MARIANNE NET,Paris,75,75,FR,,commerce,commerce,Commerce,f0173389__OpenCNIL_liste_controles_2015.csv,515,modalite_deduite_du_type|pays_deduit
2015-19aa7c7b-1,2015,loi78,contrôle en ligne,en_ligne,,COURSEU.COM,COURSEU COM,Paris,75,75,FR,,commerce,commerce,Commerce,f0173389__OpenCNIL_liste_controles_2015.csv,516,modalite_deduite_du_type|pays_deduit
2015-19986a55-1,2015,loi78,contrôle en ligne,en_ligne,,STILLINCONTACT.COM,STILLINCONTACT COM,Paris,75,75,FR,,education_culture_sport,education_culture_sport,Education/culture/sport,f0173389__OpenCNIL_liste_controles_2015.csv,517,modalite_deduite_du_type|pays_deduit
2015-8f8d9c1b-1,2015,loi78,contrôle en ligne,en_ligne,,INTRUM.COM,INTRUM COM,Paris,75,75,FR,,banque,banque,Banques,f0173389__OpenCNIL_liste_controles_2015.csv,518,modalite_deduite_du_type|pays_deduit
2015-f2f52f29-1,2015,loi78,contrôle en ligne,en_ligne,,ESPACE-LAVERIE.NET,ESPACE LAVERIE NET,Paris,75,75,FR,,commerce,commerce,Commerce,f0173389__OpenCNIL_liste_controles_2015.csv,519,modalite_deduite_du_type|pays_deduit
2015-d44d1da2-1,2015,loi78,contrôle en ligne,en_ligne,,FFTRI.COM,FFTRI COM,Paris,75,75,FR,,education_culture_sport,education_culture_sport,Education/culture/sport,f0173389__OpenCNIL_liste_controles_2015.csv,520,modalite_deduite_du_type|pays_deduit
2015-ad490c2a-1,2015,loi78,contrôle en ligne,en_ligne,,FFN.EXTRANAT.FR,FFN EXTRANAT FR,Paris,75,75,FR,,education_culture_sport,education_culture_sport,Education/culture/sport,f0173389__OpenCNIL_liste_controles_2015.csv,521,modalite_deduite_du_type|pays_deduit
2015-8d03ca29-1,2015,loi78,contrôle en ligne,en_ligne,,CHATEAUVERSAILLES-SPECTACLES.FR,CHATEAUVERSAILLES SPECTACLES FR,Paris,75,75,FR,,commerce,commerce,Commerce,f0173389__OpenCNIL_liste_controles_2015.csv,522,modalite_deduite_du_type|pays_deduit
2015-941033a3-1,2015,loi78,contrôle en ligne,en_ligne,,BILLETREDUC.COM,BILLETREDUC COM,Paris,75,75,FR,,commerce,commerce,Commerce,f0173389__OpenCNIL_liste_controles_2015.csv,523,modalite_deduite_du_type|pays_deduit
2015-0fc11812-1,2015,loi78,contrôle en ligne,en_ligne,,EELV.FR,EELV FR,Paris,75,75,FR,,telecommunications,telecommunications,Télécommunications,f0173389__OpenCNIL_liste_controles_2015.csv,524,modalite_deduite_du_type|pays_deduit
2015-4c981e7e-1,2015,loi78,contrôle en ligne,en_ligne,,ADHESION-FN.COM,ADHESION FN COM,Paris,75,75,FR,,telecommunications,telecommunications,Télécommunications,f0173389__OpenCNIL_liste_controles_2015.csv,525,modalite_deduite_du_type|pays_deduit
2015-4c981e7e-2,2015,loi78,contrôle en ligne,en_ligne,,ADHESION-FN.COM,ADHESION FN COM,Paris,75,75,FR,,telecommunications,telecommunications,Télécommunications,f0173389__OpenCNIL_liste_controles_2015.csv,526,modalite_deduite_du_type|pays_deduit|ligne_dupliquee
2015-74f80cd8-1,2015,loi78,contrôle en ligne,en_ligne,,COACHCLUB.COM,COACHCLUB COM,Paris,75,75,FR,,commerce,commerce,Commerce,f0173389__OpenCNIL_liste_controles_2015.csv,527,modalite_deduite_du_type|pays_deduit
2015-caba82a9-1,2015,loi78,contrôle en ligne,en_ligne,,PASTEL.DIPLOMATIE.GOUV.FR,PASTEL DIPLOMATIE GOUV FR,Paris,75,75,FR,,police_justice_securite,etat_regalien,Police/ justice/ sécurité,f0173389__OpenCNIL_liste_controles_2015.csv,528,modalite_deduite_du_type|pays_deduit
2015-1494cbed-1,2015,loi78,contrôle en ligne,en_ligne,,VOISINSVIGILANTS.ORG,VOISINSVIGILANTS ORG,Paris,75,75,FR,,commerce,commerce,Commerce,f0173389__OpenCNIL_liste_controles_2015.csv,529,modalite_deduite_du_type|pays_deduit
2015-d4160151-1,2015,loi78,contrôle en ligne,en_ligne,,FITNEXT.COM,FITNEXT COM,Paris,75,75,FR,,commerce,commerce,Commerce,f0173389__OpenCNIL_liste_controles_2015.csv,530,modalite_deduite_du_type|pays_deduit
2015-6e5f77b4-1,2015,loi78,contrôle en ligne,en_ligne,,SCR-RECOUVREMENT.COM,SCR RECOUVREMENT COM,Paris,75,75,FR,,commerce,commerce,Commerce,f0173389__OpenCNIL_liste_controles_2015.csv,531,modalite_deduite_du_type|pays_deduit
2015-bd372a99-1,2015,loi78,contrôle en ligne,en_ligne,,BIOMOUV.COM,BIOMOUV COM,Paris,75,75,FR,,commerce,commerce,Commerce,f0173389__OpenCNIL_liste_controles_2015.csv,532,modalite_deduite_du_type|pays_deduit
2015-19d596b4-1,2015,loi78,contrôle en ligne,en_ligne,,ACTUGAMING.NET,ACTUGAMING NET,Paris,75,75,FR,,commerce,commerce,Commerce,f0173389__OpenCNIL_liste_controles_2015.csv,533,modalite_deduite_du_type|pays_deduit
2015-5680ec8f-1,2015,loi78,contrôle en ligne,en_ligne,,MAISONS-KERBEA.FR,MAISONS KERBEA FR,Paris,75,75,FR,,commerce,commerce,Commerce,f0173389__OpenCNIL_liste_controles_2015.csv,534,modalite_deduite_du_type|pays_deduit
2015-5680ec8f-2,2015,loi78,contrôle en ligne,en_ligne,,MAISONS-KERBEA.FR,MAISONS KERBEA FR,Paris,75,75,FR,,commerce,commerce,Commerce,f0173389__OpenCNIL_liste_controles_2015.csv,535,modalite_deduite_du_type|pays_deduit|ligne_dupliquee
2015-ede4f6a8-1,2015,loi78,contrôle en ligne,en_ligne,,MASANTENET.COM,MASANTENET COM,Paris,75,75,FR,,sante_social,sante_social,Santé/ social,f0173389__OpenCNIL_liste_controles_2015.csv,536,modalite_deduite_du_type|pays_deduit
2015-b4d5dde8-1,2015,loi78,contrôle en ligne,en_ligne,,PARTI-UDI.FR,PARTI UDI FR,Paris,75,75,FR,,telecommunications,telecommunications,Télécommunications,f0173389__OpenCNIL_liste_controles_2015.csv,537,modalite_deduite_du_type|pays_deduit
2015-54bdc23a-1,2015,loi78,contrôle en ligne,en_ligne,,BEXLEY.FR,BEXLEY FR,Paris,75,75,FR,,commerce,commerce,Commerce,f0173389__OpenCNIL_liste_controles_2015.csv,538,modalite_deduite_du_type|pays_deduit
2015-1494cbed-2,2015,loi78,contrôle en ligne,en_ligne,,VOISINSVIGILANTS.ORG,VOISINSVIGILANTS ORG,Paris,75,75,FR,,commerce,commerce,Commerce,f0173389__OpenCNIL_liste_controles_2015.csv,539,modalite_deduite_du_type|pays_deduit|ligne_dupliquee
2015-d3e39916-1,2015,loi78,contrôle en ligne,en_ligne,,PCF.FR,PCF FR,Paris,75,75,FR,,telecommunications,telecommunications,Télécommunications,f0173389__OpenCNIL_liste_controles_2015.csv,540,modalite_deduite_du_type|pays_deduit
2015-444423bf-1,2015,loi78,contrôle en ligne,en_ligne,,PIANEOJOBS.COM,PIANEOJOBS COM,Paris,75,75,FR,,commerce,commerce,Commerce,f0173389__OpenCNIL_liste_controles_2015.csv,541,modalite_deduite_du_type|pays_deduit
2015-bc90f0d4-1,2015,loi78,contrôle en ligne,en_ligne,,CHEVALANNONCE.COM,CHEVALANNONCE COM,Paris,75,75,FR,,commerce,commerce,Commerce,f0173389__OpenCNIL_liste_controles_2015.csv,542,modalite_deduite_du_type|pays_deduit
2015-fe655ce8-1,2015,loi78,contrôle en ligne,en_ligne,,MAISONSDUMONDE.FR,MAISONSDUMONDE FR,Paris,75,75,FR,,commerce,commerce,Commerce,f0173389__OpenCNIL_liste_controles_2015.csv,543,modalite_deduite_du_type|pays_deduit
2015-66f6a4f9-1,2015,loi78,contrôle en ligne,en_ligne,,STARTPEOPLE.FR,STARTPEOPLE FR,Paris,75,75,FR,,commerce,commerce,Commerce,f0173389__OpenCNIL_liste_controles_2015.csv,544,modalite_deduite_du_type|pays_deduit
2015-bf90de59-1,2015,loi78,contrôle en ligne,en_ligne,,PASSEPORTSANTE.NET,PASSEPORTSANTE NET,Paris,75,75,FR,,sante_social,sante_social,Santé/ social,f0173389__OpenCNIL_liste_controles_2015.csv,545,modalite_deduite_du_type|pays_deduit
2015-9b5eb5b6-1,2015,loi78,contrôle en ligne,en_ligne,,DÉCATHLON.FR,DECATHLON FR,Paris,75,75,FR,,commerce,commerce,Commerce,f0173389__OpenCNIL_liste_controles_2015.csv,546,modalite_deduite_du_type|pays_deduit
2015-67f8fb7f-1,2015,loi78,contrôle en ligne,en_ligne,,CHAINEO.FR,CHAINEO FR,Paris,75,75,FR,,telecommunications,telecommunications,Télécommunications,f0173389__OpenCNIL_liste_controles_2015.csv,547,modalite_deduite_du_type|pays_deduit
2015-5617d1ad-1,2015,loi78,contrôle en ligne,en_ligne,,VENTE-UNIQUE.COM,VENTE UNIQUE COM,Paris,75,75,FR,,commerce,commerce,Commerce,f0173389__OpenCNIL_liste_controles_2015.csv,548,modalite_deduite_du_type|pays_deduit
2015-cbc81b23-1,2015,loi78,contrôle en ligne,en_ligne,,ETAM.COM,ETAM COM,Paris,75,75,FR,,commerce,commerce,Commerce,f0173389__OpenCNIL_liste_controles_2015.csv,549,modalite_deduite_du_type|pays_deduit
2015-29d6f2f7-1,2015,loi78,contrôle en ligne,en_ligne,,ROULAGEPISTE.FR,ROULAGEPISTE FR,Paris,75,75,FR,,commerce,commerce,Commerce,f0173389__OpenCNIL_liste_controles_2015.csv,550,modalite_deduite_du_type|pays_deduit
2015-204465d4-1,2015,loi78,contrôle en ligne,en_ligne,,FACEBOOK.COM,FACEBOOK COM,Paris,75,75,FR,,telecommunications,telecommunications,Télécommunications,f0173389__OpenCNIL_liste_controles_2015.csv,551,modalite_deduite_du_type|pays_deduit
2015-204465d4-2,2015,loi78,contrôle en ligne,en_ligne,,FACEBOOK.COM,FACEBOOK COM,Paris,75,75,FR,,telecommunications,telecommunications,Télécommunications,f0173389__OpenCNIL_liste_controles_2015.csv,552,modalite_deduite_du_type|pays_deduit|ligne_dupliquee
2015-f3b91674-1,2015,loi78,contrôle en ligne,en_ligne,,IKOULA.COM,IKOULA COM,Paris,75,75,FR,,telecommunications,telecommunications,Télécommunications,f0173389__OpenCNIL_liste_controles_2015.csv,553,modalite_deduite_du_type|pays_deduit
2015-0667cea5-1,2015,loi78,contrôle en ligne,en_ligne,,NUXIT.COM,NUXIT COM,Paris,75,75,FR,,telecommunications,telecommunications,Télécommunications,f0173389__OpenCNIL_liste_controles_2015.csv,554,modalite_deduite_du_type|pays_deduit
2015-680da2fe-1,2015,loi78,contrôle en ligne,en_ligne,,MATELSOM.COM,MATELSOM COM,Paris,75,75,FR,,commerce,commerce,Commerce,f0173389__OpenCNIL_liste_controles_2015.csv,555,modalite_deduite_du_type|pays_deduit
2015-37615fc0-1,2015,loi78,contrôle en ligne,en_ligne,,MATELPRO.COM,MATELPRO COM,Paris,75,75,FR,,commerce,commerce,Commerce,f0173389__OpenCNIL_liste_controles_2015.csv,556,modalite_deduite_du_type|pays_deduit
2015-16a409d0-1,2015,loi78,contrôle en ligne,en_ligne,,DEVRED.COM,DEVRED COM,Paris,75,75,FR,,commerce,commerce,Commerce,f0173389__OpenCNIL_liste_controles_2015.csv,557,modalite_deduite_du_type|pays_deduit
2015-06fd9976-1,2015,loi78,contrôle en ligne,en_ligne,,WWW.REUNIONSDECONSOMMATEURS.COM,WWW REUNIONSDECONSOMMATEURS COM,Paris,75,75,FR,,telecommunications,telecommunications,Télécommunications,f0173389__OpenCNIL_liste_controles_2015.csv,558,modalite_deduite_du_type|pays_deduit
2015-e29415cf-1,2015,loi78,contrôle en ligne,en_ligne,,JULES.COM,JULES COM,Paris,75,75,FR,,commerce,commerce,Commerce,f0173389__OpenCNIL_liste_controles_2015.csv,559,modalite_deduite_du_type|pays_deduit
2015-e29415cf-2,2015,loi78,contrôle en ligne,en_ligne,,JULES.COM,JULES COM,Paris,75,75,FR,,commerce,commerce,Commerce,f0173389__OpenCNIL_liste_controles_2015.csv,560,modalite_deduite_du_type|pays_deduit|ligne_dupliquee
2015-dadf9a46-1,2015,loi78,contrôle en ligne,en_ligne,,BRICE.FR,BRICE FR,Paris,75,75,FR,,commerce,commerce,Commerce,f0173389__OpenCNIL_liste_controles_2015.csv,561,modalite_deduite_du_type|pays_deduit
2015-e4369dae-1,2015,loi78,contrôle en ligne,en_ligne,,LAUTOENTREPRENEUR.FR,LAUTOENTREPRENEUR FR,Paris,75,75,FR,,commerce,commerce,Commerce,f0173389__OpenCNIL_liste_controles_2015.csv,562,modalite_deduite_du_type|pays_deduit
2015-1521730d-1,2015,loi78,contrôle en ligne,en_ligne,,CORSICADIASPORA.COM,CORSICADIASPORA COM,Paris,75,75,FR,,commerce,commerce,Commerce,f0173389__OpenCNIL_liste_controles_2015.csv,563,modalite_deduite_du_type|pays_deduit
2015-cbc64e4f-1,2015,loi78,contrôle en ligne,en_ligne,,PARLONSJARDIN.FR,PARLONSJARDIN FR,Paris,75,75,FR,,commerce,commerce,Commerce,f0173389__OpenCNIL_liste_controles_2015.csv,564,modalite_deduite_du_type|pays_deduit
2015-5b74f809-1,2015,loi78,contrôle en ligne,en_ligne,,NOCIBE.FR,NOCIBE FR,Paris,75,75,FR,,commerce,commerce,Commerce,f0173389__OpenCNIL_liste_controles_2015.csv,565,modalite_deduite_du_type|pays_deduit
2015-b1afa83e-1,2015,loi78,contrôle en ligne,en_ligne,,MIDAS.FR,MIDAS FR,Paris,75,75,FR,,commerce,commerce,Commerce,f0173389__OpenCNIL_liste_controles_2015.csv,566,modalite_deduite_du_type|pays_deduit
2015-0359524b-1,2015,loi78,contrôle en ligne,en_ligne,,NORAUTO.FR,NORAUTO FR,Paris,75,75,FR,,commerce,commerce,Commerce,f0173389__OpenCNIL_liste_controles_2015.csv,567,modalite_deduite_du_type|pays_deduit
2015-48f5dd3a-1,2015,loi78,contrôle en ligne,en_ligne,,CAMAIEU.FR,CAMAIEU FR,Paris,75,75,FR,,commerce,commerce,Commerce,f0173389__OpenCNIL_liste_controles_2015.csv,568,modalite_deduite_du_type|pays_deduit
2015-41de05af-1,2015,loi78,contrôle en ligne,en_ligne,,MEDECINDIRECT.FR,MEDECINDIRECT FR,Paris,75,75,FR,,sante_social,sante_social,Santé/ social,f0173389__OpenCNIL_liste_controles_2015.csv,569,modalite_deduite_du_type|pays_deduit
2015-f905556a-1,2015,loi78,contrôle en ligne,en_ligne,,LE-RSI.FR,LE RSI FR,Paris,75,75,FR,,sante_social,sante_social,Santé/ social,f0173389__OpenCNIL_liste_controles_2015.csv,570,modalite_deduite_du_type|pays_deduit
2015-360c3caf-1,2015,loi78,contrôle en ligne,en_ligne,,OOSHOP.COM,OOSHOP COM,Paris,75,75,FR,,commerce,commerce,Commerce,f0173389__OpenCNIL_liste_controles_2015.csv,571,modalite_deduite_du_type|pays_deduit
2015-65414b3b-1,2015,loi78,contrôle en ligne,en_ligne,,FRANDROID.COM,FRANDROID COM,Paris,75,75,FR,,commerce,commerce,Commerce,f0173389__OpenCNIL_liste_controles_2015.csv,572,modalite_deduite_du_type|pays_deduit
2015-5cea8384-1,2015,loi78,contrôle en ligne,en_ligne,,OVH.COM,OVH COM,Paris,75,75,FR,,telecommunications,telecommunications,Télécommunications,f0173389__OpenCNIL_liste_controles_2015.csv,573,modalite_deduite_du_type|pays_deduit
2015-c509b4ea-1,2015,loi78,contrôle en ligne,en_ligne,,GANDI.NET,GANDI NET,Paris,75,75,FR,,telecommunications,telecommunications,Télécommunications,f0173389__OpenCNIL_liste_controles_2015.csv,574,modalite_deduite_du_type|pays_deduit
2015-8866fa46-1,2015,loi78,contrôle en ligne,en_ligne,,83140INFO.COM,83140INFO COM,Paris,75,75,FR,,collectivites_territoriales,collectivites_territoriales,Collectivités locales,f0173389__OpenCNIL_liste_controles_2015.csv,575,modalite_deduite_du_type|pays_deduit
2015-fbf57313-1,2015,loi78,contrôle en ligne,en_ligne,,COMPTOIRDESCOTONNIERS.COM,COMPTOIRDESCOTONNIERS COM,Paris,75,75,FR,,commerce,commerce,Commerce,f0173389__OpenCNIL_liste_controles_2015.csv,576,modalite_deduite_du_type|pays_deduit
2015-5d4cda54-1,2015,loi78,contrôle en ligne,en_ligne,,ONLINE.NET,ONLINE NET,Paris,75,75,FR,,telecommunications,telecommunications,Télécommunications,f0173389__OpenCNIL_liste_controles_2015.csv,577,modalite_deduite_du_type|pays_deduit
2016-780c02e8-1,2016,loi78,loi 78,non_renseignee,,CARREFOUR BANQUE,CARREFOUR BANQUE,COURCOURONNES,91,91,FR,,commerce,commerce,Commerce,8491f743__OpenCNIL_liste_controles_2016.csv,2,modalite_non_renseignee|pays_deduit
2016-3b75abd0-1,2016,loi78,loi 78,non_renseignee,,MINISTERE DE L'INTERIEUR - DIRECTION DE L'IMMIGRATION,MINISTERE DE L INTERIEUR DIRECTION DE L IMMIGRATION,NANTES,44,44,FR,,police_justice_securite,etat_regalien,Police/justice/sécurité,8491f743__OpenCNIL_liste_controles_2016.csv,3,modalite_non_renseignee|pays_deduit
2016-c389b58f-1,2016,loi78,loi 78,non_renseignee,,MINISTERE DE L'INTERIEUR - DIRECTION DES SYSTEMES D'INFORMATION ET DE COMMUNICATION (DSIC),MINISTERE DE L INTERIEUR DIRECTION DES SYSTEMES D INFORMATION ET DE COMMUNICATION DSIC,PARIS,75,75,FR,,police_justice_securite,etat_regalien,Police/justice/sécurité,8491f743__OpenCNIL_liste_controles_2016.csv,4,modalite_non_renseignee|pays_deduit
2016-e3fdfa48-1,2016,loi78,loi 78,non_renseignee,,VIDEDRESSING,VIDEDRESSING,PARIS,75,75,FR,,commerce,commerce,Commerce,8491f743__OpenCNIL_liste_controles_2016.csv,5,modalite_non_renseignee|pays_deduit
2016-524bcde0-1,2016,loi78,loi 78,non_renseignee,,CWI DISTRIBUTION,CWI DISTRIBUTION,AIX EN PROVENCE,13,13,FR,,assurance,assurance,Assurances,8491f743__OpenCNIL_liste_controles_2016.csv,6,modalite_non_renseignee|pays_deduit
2016-7bf00f71-1,2016,loi78,loi 78,non_renseignee,,BRANDALLEY,BRANDALLEY,SAINT DENIS,93,93,FR,,commerce,commerce,Commerce,8491f743__OpenCNIL_liste_controles_2016.csv,7,modalite_non_renseignee|pays_deduit
2016-c2dda453-1,2016,loi78,loi 78,non_renseignee,,PUBLIC IDEES,PUBLIC IDEES,LEVALLOIS PERRET,92,92,FR,,commerce,commerce,Commerce,8491f743__OpenCNIL_liste_controles_2016.csv,8,modalite_non_renseignee|pays_deduit
2016-c32fd81f-1,2016,loi78,loi 78,non_renseignee,,ORANGE,ORANGE,PARIS,75,75,FR,,commerce,commerce,Commerce,8491f743__OpenCNIL_liste_controles_2016.csv,9,modalite_non_renseignee|pays_deduit
2016-8e13ce44-1,2016,loi78,loi 78,non_renseignee,,ALLOCAB,ALLOCAB,PARIS,75,75,FR,,commerce,commerce,Commerce,8491f743__OpenCNIL_liste_controles_2016.csv,10,modalite_non_renseignee|pays_deduit
2016-18bd6d11-1,2016,loi78,loi 78,non_renseignee,,ACXIOM FRANCE,ACXIOM FRANCE,LEVALLOIS PERRET,92,92,FR,,commerce,commerce,Commerce,8491f743__OpenCNIL_liste_controles_2016.csv,11,modalite_non_renseignee|pays_deduit
2016-18bd6d11-2,2016,loi78,loi 78,non_renseignee,,ACXIOM FRANCE,ACXIOM FRANCE,LEVALLOIS PERRET,92,92,FR,,commerce,commerce,Commerce,8491f743__OpenCNIL_liste_controles_2016.csv,12,modalite_non_renseignee|pays_deduit|ligne_dupliquee
2016-ae87c7fb-1,2016,loi78,loi 78,non_renseignee,,DYNAMIQUES SERVICES / TRANSPORT BIP / LOGISTIQUE PLUS,DYNAMIQUES SERVICES TRANSPORT BIP LOGISTIQUE PLUS,BRY SUR MARNE,94,94,FR,,commerce,commerce,Commerce,8491f743__OpenCNIL_liste_controles_2016.csv,13,modalite_non_renseignee|pays_deduit
2016-4a04abc8-1,2016,loi78,loi 78,non_renseignee,,COMMISSARIAT DE POLICE DE VINCENNES,COMMISSARIAT DE POLICE DE VINCENNES,VINCENNES,94,94,FR,,police_justice_securite,etat_regalien,Police/justice/sécurité,8491f743__OpenCNIL_liste_controles_2016.csv,14,modalite_non_renseignee|pays_deduit
2016-87626fe3-1,2016,loi78,loi 78,non_renseignee,,PREFECTURE DU VAL DE MARNE,PREFECTURE DU VAL DE MARNE,CRETEIL,94,94,FR,,police_justice_securite,etat_regalien,Police/justice/sécurité,8491f743__OpenCNIL_liste_controles_2016.csv,15,modalite_non_renseignee|pays_deduit
2016-55f2c95a-1,2016,loi78,loi 78,non_renseignee,,JOUVE,JOUVE,MAYENNE,53,53,FR,,police_justice_securite,etat_regalien,Police/justice/sécurité,8491f743__OpenCNIL_liste_controles_2016.csv,16,modalite_non_renseignee|pays_deduit
2016-bae3b6d2-1,2016,loi78,loi 78,non_renseignee,,GROUPEMENT DE GENDARMERIE DE LA MAYENNE,GROUPEMENT DE GENDARMERIE DE LA MAYENNE,BAIS,53,53,FR,,police_justice_securite,etat_regalien,Police/justice/sécurité,8491f743__OpenCNIL_liste_controles_2016.csv,17,modalite_non_renseignee|pays_deduit
2016-27e953a6-1,2016,loi78,loi 78,non_renseignee,,HOTEL DE POLICE DE LENS,HOTEL DE POLICE DE LENS,LENS,62,62,FR,,police_justice_securite,etat_regalien,Police/justice/sécurité,8491f743__OpenCNIL_liste_controles_2016.csv,18,modalite_non_renseignee|pays_deduit
2016-8f46d7ac-1,2016,loi78,loi 78,non_renseignee,,IMPRIMERIE NATIONALE,IMPRIMERIE NATIONALE,FLERS EN ESCREBIEUX,59,59,FR,,police_justice_securite,etat_regalien,Police/justice/sécurité,8491f743__OpenCNIL_liste_controles_2016.csv,19,modalite_non_renseignee|pays_deduit
2016-a0acc5f5-1,2016,loi78,loi 78,non_renseignee,,AGENCE NATIONALE DE TRAITEMENT AUTOMATISE DES INFRACTIONS (ANTAI),AGENCE NATIONALE DE TRAITEMENT AUTOMATISE DES INFRACTIONS ANTAI,RENNES,35,35,FR,,police_justice_securite,etat_regalien,Police/justice/sécurité,8491f743__OpenCNIL_liste_controles_2016.csv,20,modalite_non_renseignee|pays_deduit
2016-a0acc5f5-2,2016,loi78,loi 78,non_renseignee,,AGENCE NATIONALE DE TRAITEMENT AUTOMATISE DES INFRACTIONS (ANTAI),AGENCE NATIONALE DE TRAITEMENT AUTOMATISE DES INFRACTIONS ANTAI,RENNES,35,35,FR,,police_justice_securite,etat_regalien,Police/justice/sécurité,8491f743__OpenCNIL_liste_controles_2016.csv,21,modalite_non_renseignee|pays_deduit|ligne_dupliquee
2016-26d6f1ee-1,2016,loi78,loi 78,non_renseignee,,VOISINS VIGILANTS,VOISINS VIGILANTS,MARSEILLE,13,13,FR,,police_justice_securite,etat_regalien,Police/justice/sécurité,8491f743__OpenCNIL_liste_controles_2016.csv,22,modalite_non_renseignee|pays_deduit
2016-3a69f9d3-1,2016,loi78,loi 78,non_renseignee,,CHAINEO.FR - AKISIWEB,CHAINEO FR AKISIWEB,PARIS,75,75,FR,,commerce,commerce,Commerce,8491f743__OpenCNIL_liste_controles_2016.csv,23,modalite_non_renseignee|pays_deduit
2016-7d1238a7-1,2016,loi78,loi 78,non_renseignee,,TECHNIC ETANCHEITE,TECHNIC ETANCHEITE,MORIEUX,22,22,FR,,commerce,commerce,Commerce,8491f743__OpenCNIL_liste_controles_2016.csv,24,modalite_non_renseignee|pays_deduit
2016-a98eedc9-1,2016,loi78,loi 78,non_renseignee,,WORLDLINE,WORLDLINE,BEZONS,95,95,FR,,commerce,commerce,Commerce,8491f743__OpenCNIL_liste_controles_2016.csv,25,modalite_non_renseignee|pays_deduit
2016-6ed7b306-1,2016,loi78,loi 78,non_renseignee,,ODEOLIS,ODEOLIS,PARIS,75,75,FR,,commerce,commerce,Commerce,8491f743__OpenCNIL_liste_controles_2016.csv,26,modalite_non_renseignee|pays_deduit
2016-4a230b63-1,2016,loi78,loi 78,non_renseignee,,HOPITAL PRIVE MARSEILLE BEAUREGARD VERT COTEAU,HOPITAL PRIVE MARSEILLE BEAUREGARD VERT COTEAU,MARSEILLE,13,13,FR,,sante_social,sante_social,Santé/social,8491f743__OpenCNIL_liste_controles_2016.csv,27,modalite_non_renseignee|pays_deduit
2016-94a44e9f-1,2016,loi78,loi 78,non_renseignee,,AUCHAN LA DEFENSE,AUCHAN LA DEFENSE,VILLENEUVE D'ASCQ,59,59,FR,,commerce,commerce,Commerce,8491f743__OpenCNIL_liste_controles_2016.csv,28,modalite_non_renseignee|pays_deduit
2016-9af6f678-1,2016,loi78,loi 78,non_renseignee,,ANDEVA,ANDEVA,VINCENNES,94,94,FR,,sante_social,sante_social,Santé/social,8491f743__OpenCNIL_liste_controles_2016.csv,29,modalite_non_renseignee|pays_deduit
2016-b3d3497e-1,2016,loi78,loi 78,non_renseignee,,BLUELINK,BLUELINK,IVRY SUR SEINE,94,94,FR,,commerce,commerce,Commerce,8491f743__OpenCNIL_liste_controles_2016.csv,30,modalite_non_renseignee|pays_deduit
2016-31395e77-1,2016,loi78,loi 78,non_renseignee,,CARIANS,CARIANS,PARIS,75,75,FR,,sante_social,sante_social,Santé/social,8491f743__OpenCNIL_liste_controles_2016.csv,31,modalite_non_renseignee|pays_deduit
2016-8d03677c-1,2016,loi78,loi 78,non_renseignee,,GRITA,GRITA,PARIS,75,75,FR,,sante_social,sante_social,Santé/social,8491f743__OpenCNIL_liste_controles_2016.csv,32,modalite_non_renseignee|pays_deduit
2016-65e89f53-1,2016,loi78,loi 78,non_renseignee,,NACARAT,NACARAT,LYON,69,69,FR,,immobilier,immobilier,Immobilier,8491f743__OpenCNIL_liste_controles_2016.csv,33,modalite_non_renseignee|pays_deduit
2016-622ef4cc-1,2016,loi78,loi 78,non_renseignee,,TRANSPORT BIP,TRANSPORT BIP,BRY SUR MARNE,94,94,FR,,commerce,commerce,Commerce,8491f743__OpenCNIL_liste_controles_2016.csv,34,modalite_non_renseignee|pays_deduit
2016-6c62d0d8-1,2016,loi78,loi 78,non_renseignee,,LOGISTIQUE PLUS,LOGISTIQUE PLUS,BRY SUR MARNE,94,94,FR,,commerce,commerce,Commerce,8491f743__OpenCNIL_liste_controles_2016.csv,35,modalite_non_renseignee|pays_deduit
2016-2fb9fec8-1,2016,loi78,loi 78,non_renseignee,,CDISCOUNT,CDISCOUNT,BORDEAUX,33,33,FR,,commerce,commerce,Commerce,8491f743__OpenCNIL_liste_controles_2016.csv,36,modalite_non_renseignee|pays_deduit
2016-2fb9fec8-2,2016,loi78,loi 78,non_renseignee,,CDISCOUNT,CDISCOUNT,BORDEAUX,33,33,FR,,commerce,commerce,Commerce,8491f743__OpenCNIL_liste_controles_2016.csv,37,modalite_non_renseignee|pays_deduit|ligne_dupliquee
2016-e4c2e1f9-1,2016,loi78,loi 78,non_renseignee,,WEBHELP (DC CDISCOUNT),WEBHELP DC CDISCOUNT,PARIS,75,75,FR,,commerce,commerce,Commerce,8491f743__OpenCNIL_liste_controles_2016.csv,38,modalite_non_renseignee|pays_deduit
2016-afec3b21-1,2016,loi78,loi 78,non_renseignee,,LISTE WAUQUIEZ 2015,LISTE WAUQUIEZ 2015,PARIS,75,75,FR,,police_justice_securite,etat_regalien,Police/justice/sécurité,8491f743__OpenCNIL_liste_controles_2016.csv,39,modalite_non_renseignee|pays_deduit
2016-48b77900-1,2016,loi78,loi 78,non_renseignee,,SOMFY SAS,SOMFY SAS,CLUSES,74,74,FR,,sante_social,sante_social,Santé/social,8491f743__OpenCNIL_liste_controles_2016.csv,40,modalite_non_renseignee|pays_deduit
2016-ef3d4248-1,2016,loi78,loi 78,non_renseignee,,ROSSIGNOL TECHNOLOGY,ROSSIGNOL TECHNOLOGY,SCIONZIER,74,74,FR,,commerce,commerce,Commerce,8491f743__OpenCNIL_liste_controles_2016.csv,41,modalite_non_renseignee|pays_deduit
2016-9b85e8e4-1,2016,loi78,loi 78,non_renseignee,,EQUINOXE SOFTWARE,EQUINOXE SOFTWARE,GOUVIEUX,60,60,FR,,commerce,commerce,Commerce,8491f743__OpenCNIL_liste_controles_2016.csv,42,modalite_non_renseignee|pays_deduit
2016-6d93bc74-1,2016,loi78,loi 78,non_renseignee,,MEDIA PRISME,MEDIA PRISME,PARIS,75,75,FR,,commerce,commerce,Commerce,8491f743__OpenCNIL_liste_controles_2016.csv,43,modalite_non_renseignee|pays_deduit
2016-ae47533f-1,2016,loi78,loi 78,non_renseignee,,AIRBUS,AIRBUS,BLAGNAC,31,31,FR,,commerce,commerce,Commerce,8491f743__OpenCNIL_liste_controles_2016.csv,44,modalite_non_renseignee|pays_deduit
2016-4155270f-1,2016,loi78,loi 78,non_renseignee,,SARENZA,SARENZA,PARIS,75,75,FR,,commerce,commerce,Commerce,8491f743__OpenCNIL_liste_controles_2016.csv,45,modalite_non_renseignee|pays_deduit
2016-861ed3fc-1,2016,loi78,loi 78,non_renseignee,,HAPPN SAS,HAPPN SAS,PARIS,75,75,FR,,commerce,commerce,Commerce,8491f743__OpenCNIL_liste_controles_2016.csv,46,modalite_non_renseignee|pays_deduit
2016-0fcf5efb-1,2016,loi78,loi 78,non_renseignee,,CAR&BOAT MEDIA,CAR BOAT MEDIA,PARIS,75,75,FR,,commerce,commerce,Commerce,8491f743__OpenCNIL_liste_controles_2016.csv,47,modalite_non_renseignee|pays_deduit
2016-dd088442-1,2016,loi78,loi 78,non_renseignee,,DATANANAS,DATANANAS,PARIS,75,75,FR,,commerce,commerce,Commerce,8491f743__OpenCNIL_liste_controles_2016.csv,48,modalite_non_renseignee|pays_deduit
2016-fb15c80f-1,2016,loi78,loi 78,non_renseignee,,INSTITUT NATIONAL DES SCIENCES APPLIQUEES,INSTITUT NATIONAL DES SCIENCES APPLIQUEES,LYON,69,69,FR,,education_culture_sport,education_culture_sport,Education/culture/sport,8491f743__OpenCNIL_liste_controles_2016.csv,49,modalite_non_renseignee|pays_deduit
2016-24f998f0-1,2016,loi78,loi 78,non_renseignee,,ENGIE,ENGIE,COURBEVOIE,92,92,FR,,commerce,commerce,Commerce,8491f743__OpenCNIL_liste_controles_2016.csv,50,modalite_non_renseignee|pays_deduit
2016-ae41bce3-1,2016,loi78,loi 78,non_renseignee,,CENTRE DE RETENTION ADMINISTRATIVE DE PERPIGNAN,CENTRE DE RETENTION ADMINISTRATIVE DE PERPIGNAN,PERPIGNAN,66,66,FR,,police_justice_securite,etat_regalien,Police/justice/sécurité,8491f743__OpenCNIL_liste_controles_2016.csv,51,modalite_non_renseignee|pays_deduit
2016-4fe0a2c8-1,2016,loi78,loi 78,non_renseignee,,AIRBNB,AIRBNB,PARIS,75,75,FR,,commerce,commerce,Commerce,8491f743__OpenCNIL_liste_controles_2016.csv,52,modalite_non_renseignee|pays_deduit
2016-4c21e8f5-1,2016,loi78,loi 78,non_renseignee,,GRENOBLE ECOLE DE MANAGEMENT,GRENOBLE ECOLE DE MANAGEMENT,GRENOBLE,38,38,FR,,education_culture_sport,education_culture_sport,Education/culture/sport,8491f743__OpenCNIL_liste_controles_2016.csv,53,modalite_non_renseignee|pays_deduit
2016-af029a6d-1,2016,loi78,loi 78,non_renseignee,,BOUYGUES TELECOM - PRESTATAIRE WEBHELP,BOUYGUES TELECOM PRESTATAIRE WEBHELP,PARIS,75,75,FR,,commerce,commerce,Commerce,8491f743__OpenCNIL_liste_controles_2016.csv,54,modalite_non_renseignee|pays_deduit
2016-fdbd95f9-1,2016,loi78,loi 78,non_renseignee,,ACTICALL FRANCE,ACTICALL FRANCE,PARIS,75,75,FR,,commerce,commerce,Commerce,8491f743__OpenCNIL_liste_controles_2016.csv,55,modalite_non_renseignee|pays_deduit
2016-aee1576f-1,2016,loi78,loi 78,non_renseignee,,CCA INTERNATIONAL,CCA INTERNATIONAL,ISSY LES MOULINEAUX,92,92,FR,,commerce,commerce,Commerce,8491f743__OpenCNIL_liste_controles_2016.csv,56,modalite_non_renseignee|pays_deduit
2016-d4a94670-1,2016,loi78,loi 78,non_renseignee,,BOUYGUES TELECOM,BOUYGUES TELECOM,MEUDON,92,92,FR,,commerce,commerce,Commerce,8491f743__OpenCNIL_liste_controles_2016.csv,57,modalite_non_renseignee|pays_deduit
2016-7809db84-1,2016,loi78,loi 78,non_renseignee,,LES EDITIONS CROQUE FUTUR,LES EDITIONS CROQUE FUTUR,PARIS,75,75,FR,,commerce,commerce,Commerce,8491f743__OpenCNIL_liste_controles_2016.csv,58,modalite_non_renseignee|pays_deduit
2016-350f6488-1,2016,loi78,loi 78,non_renseignee,,HACHETTE COLLECTIONS,HACHETTE COLLECTIONS,PARIS,75,75,FR,,commerce,commerce,Commerce,8491f743__OpenCNIL_liste_controles_2016.csv,59,modalite_non_renseignee|pays_deduit
2016-f795e857-1,2016,loi78,loi 78,non_renseignee,,CEWE (MYPIX),CEWE MYPIX,PARIS,75,75,FR,,commerce,commerce,Commerce,8491f743__OpenCNIL_liste_controles_2016.csv,60,modalite_non_renseignee|pays_deduit
2016-511a6a24-1,2016,loi78,loi 78,non_renseignee,,VDD SAS (PIXMANIA),VDD SAS PIXMANIA,PARIS,75,75,FR,,commerce,commerce,Commerce,8491f743__OpenCNIL_liste_controles_2016.csv,61,modalite_non_renseignee|pays_deduit
2016-5d8d5895-1,2016,loi78,loi 78,non_renseignee,,PANORANET,PANORANET,PARIS,75,75,FR,,commerce,commerce,Commerce,8491f743__OpenCNIL_liste_controles_2016.csv,62,modalite_non_renseignee|pays_deduit
2016-84144531-1,2016,loi78,loi 78,non_renseignee,,DISNEY HACHETTE PRESSE,DISNEY HACHETTE PRESSE,PARIS,75,75,FR,,commerce,commerce,Commerce,8491f743__OpenCNIL_liste_controles_2016.csv,63,modalite_non_renseignee|pays_deduit
2016-adaf7811-1,2016,loi78,loi 78,non_renseignee,,BILENDI,BILENDI,PARIS,75,75,FR,,commerce,commerce,Commerce,8491f743__OpenCNIL_liste_controles_2016.csv,64,modalite_non_renseignee|pays_deduit
2016-9a923d80-1,2016,loi78,loi 78,non_renseignee,,INSTITUT DE RECHERCHE BIOLOGIQUE - LABORATOIRES YVES PONROY,INSTITUT DE RECHERCHE BIOLOGIQUE LABORATOIRES YVES PONROY,PARIS,75,75,FR,,commerce,commerce,Commerce,8491f743__OpenCNIL_liste_controles_2016.csv,65,modalite_non_renseignee|pays_deduit
2016-5b1a73d4-1,2016,loi78,loi 78,non_renseignee,,FLEURANCE NATURE,FLEURANCE NATURE,PARIS,75,75,FR,,commerce,commerce,Commerce,8491f743__OpenCNIL_liste_controles_2016.csv,66,modalite_non_renseignee|pays_deduit
2016-0978f6ac-1,2016,loi78,loi 78,non_renseignee,,VPG (VOYAGE PRIVE),VPG VOYAGE PRIVE,PARIS,75,75,FR,,commerce,commerce,Commerce,8491f743__OpenCNIL_liste_controles_2016.csv,67,modalite_non_renseignee|pays_deduit
2016-08155241-1,2016,loi78,loi 78,non_renseignee,,BECQUET,BECQUET,PARIS,75,75,FR,,commerce,commerce,Commerce,8491f743__OpenCNIL_liste_controles_2016.csv,68,modalite_non_renseignee|pays_deduit
2016-4c33eedd-1,2016,loi78,loi 78,non_renseignee,,ANTEVENIO PUBLICITE (CLASH MEDIA FRANCE),ANTEVENIO PUBLICITE CLASH MEDIA FRANCE,PARIS,75,75,FR,,commerce,commerce,Commerce,8491f743__OpenCNIL_liste_controles_2016.csv,69,modalite_non_renseignee|pays_deduit
2016-bdb1f8f4-1,2016,loi78,loi 78,non_renseignee,,NETPARTAGE (OUAH),NETPARTAGE OUAH,PARIS,75,75,FR,,commerce,commerce,Commerce,8491f743__OpenCNIL_liste_controles_2016.csv,70,modalite_non_renseignee|pays_deduit
2016-3d0a5d6e-1,2016,loi78,loi 78,non_renseignee,,DANONE,DANONE,PARIS,75,75,FR,,commerce,commerce,Commerce,8491f743__OpenCNIL_liste_controles_2016.csv,71,modalite_non_renseignee|pays_deduit
2016-b6e56387-1,2016,loi78,loi 78,non_renseignee,,SOCIETE DES PEPINIERES JACQUES BRIANT,SOCIETE DES PEPINIERES JACQUES BRIANT,PARIS,75,75,FR,,commerce,commerce,Commerce,8491f743__OpenCNIL_liste_controles_2016.csv,72,modalite_non_renseignee|pays_deduit
2016-ad3f52d9-1,2016,loi78,loi 78,non_renseignee,,EASYVOYAGE,EASYVOYAGE,PARIS,75,75,FR,,commerce,commerce,Commerce,8491f743__OpenCNIL_liste_controles_2016.csv,73,modalite_non_renseignee|pays_deduit
2016-b0f8b216-1,2016,loi78,loi 78,non_renseignee,,BUT INTERNATIONAL,BUT INTERNATIONAL,PARIS,75,75,FR,,commerce,commerce,Commerce,8491f743__OpenCNIL_liste_controles_2016.csv,74,modalite_non_renseignee|pays_deduit
2016-4e7db4fb-1,2016,loi78,loi 78,non_renseignee,,DOMOTI SAS,DOMOTI SAS,PARIS,75,75,FR,,commerce,commerce,Commerce,8491f743__OpenCNIL_liste_controles_2016.csv,75,modalite_non_renseignee|pays_deduit
2016-56e29863-1,2016,loi78,loi 78,non_renseignee,,CONCOURSMAIA,CONCOURSMAIA,PARIS,75,75,FR,,commerce,commerce,Commerce,8491f743__OpenCNIL_liste_controles_2016.csv,76,modalite_non_renseignee|pays_deduit
2016-66c05bee-1,2016,loi78,loi 78,non_renseignee,,PRIMAVISTA SAS,PRIMAVISTA SAS,PARIS,75,75,FR,,commerce,commerce,Commerce,8491f743__OpenCNIL_liste_controles_2016.csv,77,modalite_non_renseignee|pays_deduit
2016-1f09fac3-1,2016,loi78,loi 78,non_renseignee,,WEBRIVAGE,WEBRIVAGE,PARIS,75,75,FR,,commerce,commerce,Commerce,8491f743__OpenCNIL_liste_controles_2016.csv,78,modalite_non_renseignee|pays_deduit
2016-c03585c3-1,2016,loi78,loi 78,non_renseignee,,MEDIASTAY,MEDIASTAY,PARIS,75,75,FR,,commerce,commerce,Commerce,8491f743__OpenCNIL_liste_controles_2016.csv,79,modalite_non_renseignee|pays_deduit
2016-9aa19f1a-1,2016,loi78,loi 78,non_renseignee,,DEVISPROX,DEVISPROX,PARIS,75,75,FR,,commerce,commerce,Commerce,8491f743__OpenCNIL_liste_controles_2016.csv,80,modalite_non_renseignee|pays_deduit
2016-5b3e05bb-1,2016,loi78,loi 78,non_renseignee,,AGENCE DEM,AGENCE DEM,PARIS,75,75,FR,,commerce,commerce,Commerce,8491f743__OpenCNIL_liste_controles_2016.csv,81,modalite_non_renseignee|pays_deduit
2016-92032e21-1,2016,loi78,loi 78,non_renseignee,,AUDENCIA NANTES ECOLE DE MANAGEMENT,AUDENCIA NANTES ECOLE DE MANAGEMENT,NANTES,44,44,FR,,education_culture_sport,education_culture_sport,Education/culture/sport,8491f743__OpenCNIL_liste_controles_2016.csv,82,modalite_non_renseignee|pays_deduit
2016-3f04ac63-1,2016,loi78,loi 78,non_renseignee,,SOCIETE NOUVELLE GROUPEMENT TAXI (G7),SOCIETE NOUVELLE GROUPEMENT TAXI G7,CLICHY LA GARENNE,92,92,FR,,commerce,commerce,Commerce,8491f743__OpenCNIL_liste_controles_2016.csv,83,modalite_non_renseignee|pays_deduit
2016-3f04ac63-2,2016,loi78,loi 78,non_renseignee,,SOCIETE NOUVELLE GROUPEMENT TAXI (G7),SOCIETE NOUVELLE GROUPEMENT TAXI G7,CLICHY LA GARENNE,92,92,FR,,commerce,commerce,Commerce,8491f743__OpenCNIL_liste_controles_2016.csv,84,modalite_non_renseignee|pays_deduit|ligne_dupliquee
2016-feba2b7d-1,2016,loi78,loi 78,non_renseignee,,SFR,SFR,LA PLAINE SAINT DENIS,93,93,FR,,commerce,commerce,Commerce,8491f743__OpenCNIL_liste_controles_2016.csv,85,modalite_non_renseignee|pays_deduit
2016-6bca2aa5-1,2016,loi78,loi 78,non_renseignee,,SCP CAZENAVE,SCP CAZENAVE,FONTENAY SOUS BOIS,94,94,FR,,police_justice_securite,etat_regalien,Police/justice/sécurité,8491f743__OpenCNIL_liste_controles_2016.csv,86,modalite_non_renseignee|pays_deduit
2016-cd9d393b-1,2016,loi78,loi 78,non_renseignee,,CLIEN'TEL,CLIEN TEL,ORVAULT,44,44,FR,,commerce,commerce,Commerce,8491f743__OpenCNIL_liste_controles_2016.csv,87,modalite_non_renseignee|pays_deduit
2016-5e697286-1,2016,loi78,loi 78,non_renseignee,,LOUVRE MARSOLLIER OPERA,LOUVRE MARSOLLIER OPERA,PARIS,75,75,FR,,commerce,commerce,Commerce,8491f743__OpenCNIL_liste_controles_2016.csv,88,modalite_non_renseignee|pays_deduit
2016-e0464564-1,2016,loi78,loi 78,non_renseignee,,NEXTRADIOTV,NEXTRADIOTV,PARIS,75,75,FR,,commerce,commerce,Commerce,8491f743__OpenCNIL_liste_controles_2016.csv,89,modalite_non_renseignee|pays_deduit
2016-9af0315d-1,2016,loi78,loi 78,non_renseignee,,SCP EMERY LUCIANI ALIEL,SCP EMERY LUCIANI ALIEL,PARIS,75,75,FR,,police_justice_securite,etat_regalien,Police/justice/sécurité,8491f743__OpenCNIL_liste_controles_2016.csv,90,modalite_non_renseignee|pays_deduit
2016-d0b1a5e4-1,2016,loi78,loi 78,non_renseignee,,UBER FRANCE SAS,UBER FRANCE SAS,PARIS,75,75,FR,,commerce,commerce,Commerce,8491f743__OpenCNIL_liste_controles_2016.csv,91,modalite_non_renseignee|pays_deduit
2016-d0b1a5e4-2,2016,loi78,loi 78,non_renseignee,,UBER FRANCE SAS,UBER FRANCE SAS,PARIS,75,75,FR,,commerce,commerce,Commerce,8491f743__OpenCNIL_liste_controles_2016.csv,92,modalite_non_renseignee|pays_deduit|ligne_dupliquee
2016-494c202b-1,2016,loi78,loi 78,non_renseignee,,XPO SUPPLY CHAIN FRANCE,XPO SUPPLY CHAIN FRANCE,BRUYERES SUR OISE,95,95,FR,,transports,transports,Transport,8491f743__OpenCNIL_liste_controles_2016.csv,93,modalite_non_renseignee|pays_deduit
2016-412722b6-1,2016,loi78,loi 78,non_renseignee,,XPO SUPPLY CHAIN FRANCE,XPO SUPPLY CHAIN FRANCE,SAVIGNY LE TEMPLE,77,77,FR,,transports,transports,Transport,8491f743__OpenCNIL_liste_controles_2016.csv,94,modalite_non_renseignee|pays_deduit
2016-412722b6-2,2016,loi78,loi 78,non_renseignee,,XPO SUPPLY CHAIN FRANCE,XPO SUPPLY CHAIN FRANCE,SAVIGNY LE TEMPLE,77,77,FR,,transports,transports,Transport,8491f743__OpenCNIL_liste_controles_2016.csv,95,modalite_non_renseignee|pays_deduit|ligne_dupliquee
2016-9c918ee2-1,2016,loi78,loi 78,non_renseignee,,XPO SUPPLY CHAIN FRANCE,XPO SUPPLY CHAIN FRANCE,MALAKOFF,92,92,FR,,transports,transports,Transport,8491f743__OpenCNIL_liste_controles_2016.csv,96,modalite_non_renseignee|pays_deduit
2016-4cf2704c-1,2016,loi78,loi 78,non_renseignee,,BDE,BDE,PANTIN,93,93,FR,,commerce,commerce,Commerce,8491f743__OpenCNIL_liste_controles_2016.csv,97,modalite_non_renseignee|pays_deduit
2016-f178a9a6-1,2016,loi78,loi 78,non_renseignee,,ACCOR SA,ACCOR SA,PARIS,75,75,FR,,commerce,commerce,Commerce,8491f743__OpenCNIL_liste_controles_2016.csv,98,modalite_non_renseignee|pays_deduit
2016-83df0984-1,2016,loi78,loi 78,non_renseignee,,SOCIETE D'EXPLOITATION RADIO CHIC (FUN RADIO),SOCIETE D EXPLOITATION RADIO CHIC FUN RADIO,PARIS,75,75,FR,,commerce,commerce,Commerce,8491f743__OpenCNIL_liste_controles_2016.csv,99,modalite_non_renseignee|pays_deduit
2016-108475aa-1,2016,loi78,loi 78,non_renseignee,,ASSOCIATION LA VIE ACTIVE,ASSOCIATION LA VIE ACTIVE,CALAIS,62,62,FR,,police_justice_securite,etat_regalien,Police/justice/sécurité,8491f743__OpenCNIL_liste_controles_2016.csv,100,modalite_non_renseignee|pays_deduit
2016-3d6332e8-1,2016,loi78,loi 78,non_renseignee,,SANOFI AVENTIS FRANCE,SANOFI AVENTIS FRANCE,GENTILLY,94,94,FR,,sante_social,sante_social,Santé/social,8491f743__OpenCNIL_liste_controles_2016.csv,101,modalite_non_renseignee|pays_deduit
2016-3d6332e8-2,2016,loi78,loi 78,non_renseignee,,SANOFI AVENTIS FRANCE,SANOFI AVENTIS FRANCE,GENTILLY,94,94,FR,,sante_social,sante_social,Santé/social,8491f743__OpenCNIL_liste_controles_2016.csv,102,modalite_non_renseignee|pays_deduit|ligne_dupliquee
2016-cc6fa544-1,2016,loi78,loi 78,non_renseignee,,HEETCH,HEETCH,PARIS,75,75,FR,,commerce,commerce,Commerce,8491f743__OpenCNIL_liste_controles_2016.csv,103,modalite_non_renseignee|pays_deduit
2016-cc6fa544-2,2016,loi78,loi 78,non_renseignee,,HEETCH,HEETCH,PARIS,75,75,FR,,commerce,commerce,Commerce,8491f743__OpenCNIL_liste_controles_2016.csv,104,modalite_non_renseignee|pays_deduit|ligne_dupliquee
2016-c2f0ff2d-1,2016,loi78,loi 78,non_renseignee,,COMMUNE DE RENNES,COMMUNE DE RENNES,RENNES,35,35,FR,,collectivites_territoriales,collectivites_territoriales,Collectivités locales,8491f743__OpenCNIL_liste_controles_2016.csv,105,modalite_non_renseignee|pays_deduit
2016-c2f0ff2d-2,2016,loi78,loi 78,non_renseignee,,COMMUNE DE RENNES,COMMUNE DE RENNES,RENNES,35,35,FR,,collectivites_territoriales,collectivites_territoriales,Collectivités locales,8491f743__OpenCNIL_liste_controles_2016.csv,106,modalite_non_renseignee|pays_deduit|ligne_dupliquee
2016-c2f0ff2d-3,2016,loi78,loi 78,non_renseignee,,COMMUNE DE RENNES,COMMUNE DE RENNES,RENNES,35,35,FR,,collectivites_territoriales,collectivites_territoriales,Collectivités locales,8491f743__OpenCNIL_liste_controles_2016.csv,107,modalite_non_renseignee|pays_deduit|ligne_dupliquee
2016-1b0572fa-1,2016,loi78,loi 78,non_renseignee,,AMPLEMENT,AMPLEMENT,BOULOGNE BILLANCOURT,92,92,FR,,commerce,commerce,Commerce,8491f743__OpenCNIL_liste_controles_2016.csv,108,modalite_non_renseignee|pays_deduit
2016-b2b511b8-1,2016,loi78,loi 78,non_renseignee,,BLIZZARD ENTERTAINMENT SAS,BLIZZARD ENTERTAINMENT SAS,VERSAILLES,78,78,FR,,commerce,commerce,Commerce,8491f743__OpenCNIL_liste_controles_2016.csv,109,modalite_non_renseignee|pays_deduit
2016-b0ab7464-1,2016,loi78,loi 78,non_renseignee,,W.M.G,W M G,PARIS,75,75,FR,,commerce,commerce,Commerce,8491f743__OpenCNIL_liste_controles_2016.csv,110,modalite_non_renseignee|pays_deduit
2016-60aa84b8-1,2016,loi78,loi 78,non_renseignee,,W.M.G (APPLICATION GOSSIP),W M G APPLICATION GOSSIP,PARIS,75,75,FR,,commerce,commerce,Commerce,8491f743__OpenCNIL_liste_controles_2016.csv,111,modalite_non_renseignee|pays_deduit
2016-60aa84b8-2,2016,loi78,loi 78,non_renseignee,,W.M.G (APPLICATION GOSSIP),W M G APPLICATION GOSSIP,PARIS,75,75,FR,,commerce,commerce,Commerce,8491f743__OpenCNIL_liste_controles_2016.csv,112,modalite_non_renseignee|pays_deduit|ligne_dupliquee
2016-52346cc9-1,2016,loi78,loi 78,non_renseignee,,STAROFSERVICE,STAROFSERVICE,COURBEVOIE,92,92,FR,,commerce,commerce,Commerce,8491f743__OpenCNIL_liste_controles_2016.csv,113,modalite_non_renseignee|pays_deduit
2016-38612925-1,2016,loi78,loi 78,non_renseignee,,NDA CONCEPT,NDA CONCEPT,PARIS,75,75,FR,,commerce,commerce,Commerce,8491f743__OpenCNIL_liste_controles_2016.csv,114,modalite_non_renseignee|pays_deduit
2016-e8b2ea2c-1,2016,loi78,loi 78,non_renseignee,,POLE EMPLOI,POLE EMPLOI,SAINT QUENTIN,02,02,FR,,sante_social,sante_social,Santé/social,8491f743__OpenCNIL_liste_controles_2016.csv,115,modalite_non_renseignee|pays_deduit
2016-bb2660c8-1,2016,loi78,loi 78,non_renseignee,,PARTI-SOCIALISTE.FR,PARTI SOCIALISTE FR,PARIS,75,75,FR,,police_justice_securite,etat_regalien,Police/justice/sécurité,8491f743__OpenCNIL_liste_controles_2016.csv,116,modalite_non_renseignee|pays_deduit
2016-9ea61a1c-1,2016,loi78,loi 78,non_renseignee,,GROUPE INP,GROUPE INP,GRENOBLE,38,38,FR,,education_culture_sport,education_culture_sport,Education/culture/sport,8491f743__OpenCNIL_liste_controles_2016.csv,117,modalite_non_renseignee|pays_deduit
2016-04fcd684-1,2016,loi78,loi 78,non_renseignee,,RATP,RATP,PARIS,75,75,FR,,transports,transports,Transport,8491f743__OpenCNIL_liste_controles_2016.csv,118,modalite_non_renseignee|pays_deduit
2016-ae542d74-1,2016,loi78,loi 78,non_renseignee,,COMMUNE D'ORSAY,COMMUNE D ORSAY,ORSAY,91,91,FR,,police_justice_securite,etat_regalien,Police/justice/sécurité,8491f743__OpenCNIL_liste_controles_2016.csv,119,modalite_non_renseignee|pays_deduit
2016-88936212-1,2016,loi78,loi 78,non_renseignee,,ALPTIS ASSURANCES,ALPTIS ASSURANCES,LYON,69,69,FR,,commerce,commerce,Commerce,8491f743__OpenCNIL_liste_controles_2016.csv,120,modalite_non_renseignee|pays_deduit
2016-725cf6b1-1,2016,loi78,loi 78,non_renseignee,,CRM SERVICES - filiale SNCF MOBILITES,CRM SERVICES FILIALE SNCF MOBILITES,LA DEFENSE,92,92,FR,,commerce,commerce,Commerce,8491f743__OpenCNIL_liste_controles_2016.csv,121,modalite_non_renseignee|pays_deduit
2016-75ef8c18-1,2016,loi78,loi 78,non_renseignee,,CENTRE DE RETENTION ADMINISTRATIVE LE MESNIL AMELOT 2 et 3,CENTRE DE RETENTION ADMINISTRATIVE LE MESNIL AMELOT 2 ET 3,LE MESNIL AMELOT,77,77,FR,,police_justice_securite,etat_regalien,Police/justice/sécurité,8491f743__OpenCNIL_liste_controles_2016.csv,122,modalite_non_renseignee|organisme_multiligne|pays_deduit
2016-6d93bc74-2,2016,loi78,loi 78,non_renseignee,,MEDIA PRISME,MEDIA PRISME,PARIS,75,75,FR,,commerce,commerce,Commerce,8491f743__OpenCNIL_liste_controles_2016.csv,124,modalite_non_renseignee|pays_deduit|ligne_dupliquee
2016-b9c7810b-1,2016,loi78,loi 78,non_renseignee,,ITEMA,ITEMA,ANDERNOS LES BAINS,33,33,FR,,commerce,commerce,Commerce,8491f743__OpenCNIL_liste_controles_2016.csv,125,modalite_non_renseignee|pays_deduit
2016-ac66afad-1,2016,loi78,loi 78,non_renseignee,,MUTUELLE GENERALE SANTE,MUTUELLE GENERALE SANTE,BAGNOLET,93,93,FR,,commerce,commerce,Commerce,8491f743__OpenCNIL_liste_controles_2016.csv,126,modalite_non_renseignee|pays_deduit
2016-ad92e2d0-1,2016,loi78,loi 78,non_renseignee,,EMPIRE PARIS,EMPIRE PARIS,PARIS,75,75,FR,,commerce,commerce,Commerce,8491f743__OpenCNIL_liste_controles_2016.csv,127,modalite_non_renseignee|pays_deduit
2016-feb4ddf9-1,2016,loi78,loi 78,non_renseignee,,CARTEGIE,CARTEGIE,BRUGES,33,33,FR,,commerce,commerce,Commerce,8491f743__OpenCNIL_liste_controles_2016.csv,128,modalite_non_renseignee|pays_deduit
2016-cd33e43e-1,2016,loi78,loi 78,non_renseignee,,GROUPE CARTEGIE,GROUPE CARTEGIE,STRASBOURG,67,67,FR,,commerce,commerce,Commerce,8491f743__OpenCNIL_liste_controles_2016.csv,129,modalite_non_renseignee|pays_deduit
2016-ee940ccd-1,2016,loi78,loi 78,non_renseignee,,ASSOCIATION GENERATIONS SERVICES,ASSOCIATION GENERATIONS SERVICES,MARSEILLE,13,13,FR,,sante_social,sante_social,Santé/social,8491f743__OpenCNIL_liste_controles_2016.csv,130,modalite_non_renseignee|pays_deduit
2016-6d93bc74-3,2016,loi78,loi 78,non_renseignee,,MEDIA PRISME,MEDIA PRISME,PARIS,75,75,FR,,commerce,commerce,Commerce,8491f743__OpenCNIL_liste_controles_2016.csv,131,modalite_non_renseignee|pays_deduit|ligne_dupliquee
2016-8fbf48aa-1,2016,loi78,loi 78,non_renseignee,,FREE-DOM' RESEAU,FREE DOM RESEAU,NANTES,44,44,FR,,commerce,commerce,Commerce,8491f743__OpenCNIL_liste_controles_2016.csv,132,modalite_non_renseignee|pays_deduit
2016-7d3521c4-1,2016,loi78,loi 78,non_renseignee,,OZZEO,OZZEO,TOULOUSE,31,31,FR,,commerce,commerce,Commerce,8491f743__OpenCNIL_liste_controles_2016.csv,133,modalite_non_renseignee|pays_deduit
2016-be07b54a-1,2016,loi78,loi 78,non_renseignee,,SOCIETE PETIT-FILS,SOCIETE PETIT FILS,BOULOGNE BILLANCOURT,92,92,FR,,commerce,commerce,Commerce,8491f743__OpenCNIL_liste_controles_2016.csv,134,modalite_non_renseignee|pays_deduit
2016-eb76ae7b-1,2016,loi78,loi 78,non_renseignee,,CAISSE NATIONALE DE L'ASSURANCE MALADIE DES TRAVAILLEURS SALARIES -SNIIRAM,CAISSE NATIONALE DE L ASSURANCE MALADIE DES TRAVAILLEURS SALARIES SNIIRAM,PARIS,75,75,FR,,sante_social,sante_social,Santé/social,8491f743__OpenCNIL_liste_controles_2016.csv,135,modalite_non_renseignee|pays_deduit
2016-05e546ea-1,2016,loi78,loi 78,non_renseignee,,CAISSE NATIONALE DE L'ASSURANCE MALADIE DES TRAVAILLEURS SALARIES -SNIIRAM,CAISSE NATIONALE DE L ASSURANCE MALADIE DES TRAVAILLEURS SALARIES SNIIRAM,EVREUX,27,27,FR,,sante_social,sante_social,Santé/social,8491f743__OpenCNIL_liste_controles_2016.csv,136,modalite_non_renseignee|pays_deduit
2016-05e546ea-2,2016,loi78,loi 78,non_renseignee,,CAISSE NATIONALE DE L'ASSURANCE MALADIE DES TRAVAILLEURS SALARIES -SNIIRAM,CAISSE NATIONALE DE L ASSURANCE MALADIE DES TRAVAILLEURS SALARIES SNIIRAM,EVREUX,27,27,FR,,sante_social,sante_social,Santé/social,8491f743__OpenCNIL_liste_controles_2016.csv,137,modalite_non_renseignee|pays_deduit|ligne_dupliquee
2016-05e546ea-3,2016,loi78,loi 78,non_renseignee,,CAISSE NATIONALE DE L'ASSURANCE MALADIE DES TRAVAILLEURS SALARIES -SNIIRAM,CAISSE NATIONALE DE L ASSURANCE MALADIE DES TRAVAILLEURS SALARIES SNIIRAM,EVREUX,27,27,FR,,sante_social,sante_social,Santé/social,8491f743__OpenCNIL_liste_controles_2016.csv,138,modalite_non_renseignee|pays_deduit|ligne_dupliquee
2016-05e546ea-4,2016,loi78,loi 78,non_renseignee,,CAISSE NATIONALE DE L'ASSURANCE MALADIE DES TRAVAILLEURS SALARIES -SNIIRAM,CAISSE NATIONALE DE L ASSURANCE MALADIE DES TRAVAILLEURS SALARIES SNIIRAM,EVREUX,27,27,FR,,sante_social,sante_social,Santé/social,8491f743__OpenCNIL_liste_controles_2016.csv,139,modalite_non_renseignee|pays_deduit|ligne_dupliquee
2016-eb76ae7b-2,2016,loi78,loi 78,non_renseignee,,CAISSE NATIONALE DE L'ASSURANCE MALADIE DES TRAVAILLEURS SALARIES -SNIIRAM,CAISSE NATIONALE DE L ASSURANCE MALADIE DES TRAVAILLEURS SALARIES SNIIRAM,PARIS,75,75,FR,,sante_social,sante_social,Santé/social,8491f743__OpenCNIL_liste_controles_2016.csv,140,modalite_non_renseignee|pays_deduit|ligne_dupliquee
2016-eb76ae7b-3,2016,loi78,loi 78,non_renseignee,,CAISSE NATIONALE DE L'ASSURANCE MALADIE DES TRAVAILLEURS SALARIES -SNIIRAM,CAISSE NATIONALE DE L ASSURANCE MALADIE DES TRAVAILLEURS SALARIES SNIIRAM,PARIS,75,75,FR,,sante_social,sante_social,Santé/social,8491f743__OpenCNIL_liste_controles_2016.csv,141,modalite_non_renseignee|pays_deduit|ligne_dupliquee
2016-2e6b10e2-1,2016,loi78,loi 78,non_renseignee,,EUROPE 1 TELECOMPAGNIE,EUROPE 1 TELECOMPAGNIE,PARIS,75,75,FR,,commerce,commerce,Commerce,8491f743__OpenCNIL_liste_controles_2016.csv,142,modalite_non_renseignee|pays_deduit
2016-e0464564-2,2016,loi78,loi 78,non_renseignee,,NEXTRADIOTV,NEXTRADIOTV,PARIS,75,75,FR,,commerce,commerce,Commerce,8491f743__OpenCNIL_liste_controles_2016.csv,143,modalite_non_renseignee|pays_deduit|ligne_dupliquee
2016-c9a5d208-1,2016,loi78,loi 78,non_renseignee,,CCN RADIO (SKYROCK),CCN RADIO SKYROCK,PARIS,75,75,FR,,commerce,commerce,Commerce,8491f743__OpenCNIL_liste_controles_2016.csv,144,modalite_non_renseignee|pays_deduit
2016-a3fe8b7d-1,2016,loi78,loi 78,non_renseignee,,TOOL-FITNESS.COM,TOOL FITNESS COM,PARIS,75,75,FR,,commerce,commerce,Commerce,8491f743__OpenCNIL_liste_controles_2016.csv,145,modalite_non_renseignee|pays_deduit
2016-37a69782-1,2016,loi78,loi 78,non_renseignee,,SERENI DOM,SERENI DOM,VALENCE,26,26,FR,,commerce,commerce,Commerce,8491f743__OpenCNIL_liste_controles_2016.csv,146,modalite_non_renseignee|pays_deduit
2016-cf84707d-1,2016,loi78,loi 78,non_renseignee,,PREFECTURE DU MAINE ET LOIRE,PREFECTURE DU MAINE ET LOIRE,ANGERS,49,49,FR,,police_justice_securite,etat_regalien,Police/justice/sécurité,8491f743__OpenCNIL_liste_controles_2016.csv,147,modalite_non_renseignee|pays_deduit
2016-3f7b7fc9-1,2016,loi78,loi 78,non_renseignee,,PREFECTURE DE POLICE (FINIADA),PREFECTURE DE POLICE FINIADA,PARIS,75,75,FR,,police_justice_securite,etat_regalien,Police/justice/sécurité,8491f743__OpenCNIL_liste_controles_2016.csv,148,modalite_non_renseignee|organisme_multiligne|pays_deduit
2016-f68738c0-1,2016,loi78,loi 78,non_renseignee,,EGO FINANCES (FINIADA),EGO FINANCES FINIADA,PARIS,75,75,FR,,police_justice_securite,etat_regalien,Police/justice/sécurité,8491f743__OpenCNIL_liste_controles_2016.csv,150,modalite_non_renseignee|organisme_multiligne|pays_deduit
2016-f4301130-1,2016,loi78,loi 78,non_renseignee,,ENEDIS,ENEDIS,COURBEVOIE,92,92,FR,,commerce,commerce,Commerce,8491f743__OpenCNIL_liste_controles_2016.csv,152,modalite_non_renseignee|pays_deduit
2016-2c256110-1,2016,loi78,loi 78,non_renseignee,,MINISTERE DE L'INTERIEUR DE L'OUTRE MER ET DES COLLECTIVITES TERRITORIALES,MINISTERE DE L INTERIEUR DE L OUTRE MER ET DES COLLECTIVITES TERRITORIALES,NANTERRE,92,92,FR,,police_justice_securite,etat_regalien,Police/justice/sécurité,8491f743__OpenCNIL_liste_controles_2016.csv,153,modalite_non_renseignee|pays_deduit
2016-80488962-1,2016,loi78,loi 78,non_renseignee,,MINISTERE DE L'INTERIEUR-SERVICE DES TECHNOLOGIES ET DES SYSTEMES D'INFORMATION,MINISTERE DE L INTERIEUR SERVICE DES TECHNOLOGIES ET DES SYSTEMES D INFORMATION,ISSY LES MOULINEAUX,92,92,FR,,police_justice_securite,etat_regalien,Police/justice/sécurité,8491f743__OpenCNIL_liste_controles_2016.csv,154,modalite_non_renseignee|pays_deduit
2016-46c847bc-1,2016,loi78,loi 78,non_renseignee,,MINISTERE DE L'INTERIEUR-SERVICE DES TECHNOLOGIES ET DES SYSTEMES D'INFORMATION,MINISTERE DE L INTERIEUR SERVICE DES TECHNOLOGIES ET DES SYSTEMES D INFORMATION,PARIS,75,75,FR,,police_justice_securite,etat_regalien,Police/justice/sécurité,8491f743__OpenCNIL_liste_controles_2016.csv,155,modalite_non_renseignee|pays_deduit
2016-099035a3-1,2016,loi78,loi 78,non_renseignee,,MINISTERE DE L'INTERIEUR - DIRECTION GENERALE DE LA POLICE NATIONALE - DIRECTION CENTRALE DE LA POLICE JUDICIAIRE - DIVISION DES RELATIONS INTERNATIONALES,MINISTERE DE L INTERIEUR DIRECTION GENERALE DE LA POLICE NATIONALE DIRECTION CENTRALE DE LA POLICE JUDICIAIRE DIVISION DES RELATIONS INTERNATIONALES,NANTERRE,92,92,FR,,police_justice_securite,etat_regalien,Police/justice/sécurité,8491f743__OpenCNIL_liste_controles_2016.csv,156,modalite_non_renseignee|pays_deduit
2016-70015608-1,2016,loi78,loi 78,non_renseignee,,MINISTERE DE L'INTERIEUR - SOUS DIRECTION DE LA POLICE TECHNIQUE ET SCIENTIFIQUE,MINISTERE DE L INTERIEUR SOUS DIRECTION DE LA POLICE TECHNIQUE ET SCIENTIFIQUE,ECULLY,69,69,FR,,police_justice_securite,etat_regalien,Police/justice/sécurité,8491f743__OpenCNIL_liste_controles_2016.csv,157,modalite_non_renseignee|pays_deduit
2016-496b06de-1,2016,loi78,loi 78,non_renseignee,,MINISTERE DE L'INTERIEUR - BUREAU SIRENE,MINISTERE DE L INTERIEUR BUREAU SIRENE,NANTERRE,92,92,FR,,police_justice_securite,etat_regalien,Police/justice/sécurité,8491f743__OpenCNIL_liste_controles_2016.csv,158,modalite_non_renseignee|pays_deduit
2016-c5e97920-1,2016,loi78,loi 78,non_renseignee,,COMMUNE DE SANNOIS,COMMUNE DE SANNOIS,SANNOIS,95,95,FR,,commerce,commerce,Commerce,8491f743__OpenCNIL_liste_controles_2016.csv,159,modalite_non_renseignee|pays_deduit
2016-91954b87-1,2016,loi78,loi 78,non_renseignee,,KANGOUROUGE,KANGOUROUGE,MARSEILLE,13,13,FR,,collectivites_territoriales,collectivites_territoriales,Collectivités locales,8491f743__OpenCNIL_liste_controles_2016.csv,160,modalite_non_renseignee|pays_deduit
2016-bd321344-1,2016,loi78,loi 78,non_renseignee,,BANIJAY PRODUCTIONS FRANCE,BANIJAY PRODUCTIONS FRANCE,BOULOGNE BILLANCOURT,92,92,FR,,commerce,commerce,Commerce,8491f743__OpenCNIL_liste_controles_2016.csv,161,modalite_non_renseignee|pays_deduit
2016-e5c017eb-1,2016,loi78,loi 78,non_renseignee,,STUDIO 89 PRODUCTIONS,STUDIO 89 PRODUCTIONS,NEUILLY SUR SEINE,92,92,FR,,commerce,commerce,Commerce,8491f743__OpenCNIL_liste_controles_2016.csv,162,modalite_non_renseignee|pays_deduit
2016-e5c017eb-2,2016,loi78,loi 78,non_renseignee,,STUDIO 89 PRODUCTIONS,STUDIO 89 PRODUCTIONS,NEUILLY SUR SEINE,92,92,FR,,commerce,commerce,Commerce,8491f743__OpenCNIL_liste_controles_2016.csv,163,modalite_non_renseignee|pays_deduit|ligne_dupliquee
2016-99124953-1,2016,loi78,loi 78,non_renseignee,,FEDERATION FRANCAISE DE PETANQUE ET DE JEU PROVENCAL (FFPJP),FEDERATION FRANCAISE DE PETANQUE ET DE JEU PROVENCAL FFPJP,MARSEILLE,13,13,FR,,commerce,commerce,Commerce,8491f743__OpenCNIL_liste_controles_2016.csv,164,modalite_non_renseignee|pays_deduit
2016-b0986afa-1,2016,loi78,loi 78,non_renseignee,,FREMANTLE MEDIA FRANCE,FREMANTLE MEDIA FRANCE,PARIS,75,75,FR,,commerce,commerce,Commerce,8491f743__OpenCNIL_liste_controles_2016.csv,165,modalite_non_renseignee|pays_deduit
2016-5efe72a6-1,2016,loi78,loi 78,non_renseignee,,OUICAR,OUICAR,PARIS,75,75,FR,,commerce,commerce,Commerce,8491f743__OpenCNIL_liste_controles_2016.csv,166,modalite_non_renseignee|pays_deduit
2016-bbe1388b-1,2016,loi78,loi 78,non_renseignee,,MINISTERE DES AFFAIRES ETRANGERES - CONTRÔLE DU SYSTÈME D'INFORMATION SUR LES VISAS (VIS),MINISTERE DES AFFAIRES ETRANGERES CONTROLE DU SYSTEME D INFORMATION SUR LES VISAS VIS,PARIS,75,75,FR,,police_justice_securite,etat_regalien,Police/justice/sécurité,8491f743__OpenCNIL_liste_controles_2016.csv,167,modalite_non_renseignee|pays_deduit
2016-c1f4f5b8-1,2016,loi78,loi 78,non_renseignee,,LA GROSSE EQUIPE,LA GROSSE EQUIPE,BOULOGNE BILLANCOURT,92,92,FR,,commerce,commerce,Commerce,8491f743__OpenCNIL_liste_controles_2016.csv,168,modalite_non_renseignee|pays_deduit
2016-989efc7b-1,2016,loi78,loi 78,non_renseignee,,AH PRODUCTION,AH PRODUCTION,BOULOGNE BILLANCOURT,92,92,FR,,commerce,commerce,Commerce,8491f743__OpenCNIL_liste_controles_2016.csv,169,modalite_non_renseignee|pays_deduit
2016-5157297c-1,2016,loi78,loi 78,non_renseignee,,BIEN A LA MAISON,BIEN A LA MAISON,LEVALLOIS PERRET,92,92,FR,,commerce,commerce,Commerce,8491f743__OpenCNIL_liste_controles_2016.csv,170,modalite_non_renseignee|pays_deduit
2016-b05e69a0-1,2016,loi78,loi 78,non_renseignee,,HELPLING FRANCE,HELPLING FRANCE,PARIS,75,75,FR,,commerce,commerce,Commerce,8491f743__OpenCNIL_liste_controles_2016.csv,171,modalite_non_renseignee|pays_deduit
2016-177da514-1,2016,loi78,loi 78,non_renseignee,,UBISOFT ENTERTAINMENT SA,UBISOFT ENTERTAINMENT SA,MONTREUIL,93,93,FR,,commerce,commerce,Commerce,8491f743__OpenCNIL_liste_controles_2016.csv,172,modalite_non_renseignee|pays_deduit
2016-61215411-1,2016,loi78,loi 78,non_renseignee,,ZENLY,ZENLY,PARIS,75,75,FR,,commerce,commerce,Commerce,8491f743__OpenCNIL_liste_controles_2016.csv,173,modalite_non_renseignee|pays_deduit
2016-0b5a9e5d-1,2016,loi78,loi 78,non_renseignee,,02 DEVELOPPEMENT,02 DEVELOPPEMENT,LE MANS,72,72,FR,,commerce,commerce,Commerce,8491f743__OpenCNIL_liste_controles_2016.csv,174,modalite_non_renseignee|pays_deduit
2016-eedb0fe2-1,2016,loi78,loi 78,non_renseignee,,CHOUETTES SERVICES,CHOUETTES SERVICES,DIJON,21,21,FR,,commerce,commerce,Commerce,8491f743__OpenCNIL_liste_controles_2016.csv,175,modalite_non_renseignee|pays_deduit
2016-f8e51216-1,2016,loi78,loi 78,non_renseignee,,MUTUELLE KLESIA SAINT GERMAIN,MUTUELLE KLESIA SAINT GERMAIN,PARIS,75,75,FR,,sante_social,sante_social,Santé/social,8491f743__OpenCNIL_liste_controles_2016.csv,176,modalite_non_renseignee|pays_deduit
2016-e4bec0f5-1,2016,loi78,loi 78,non_renseignee,,FIGAROMEDIAS,FIGAROMEDIAS,PARIS,75,75,FR,,commerce,commerce,Commerce,8491f743__OpenCNIL_liste_controles_2016.csv,177,modalite_non_renseignee|pays_deduit
2016-e4bec0f5-2,2016,loi78,loi 78,non_renseignee,,FIGAROMEDIAS,FIGAROMEDIAS,PARIS,75,75,FR,,commerce,commerce,Commerce,8491f743__OpenCNIL_liste_controles_2016.csv,178,modalite_non_renseignee|pays_deduit|ligne_dupliquee
2016-a54ffa28-1,2016,loi78,loi 78,non_renseignee,,1000MERCIS,1000MERCIS,PARIS,75,75,FR,,commerce,commerce,Commerce,8491f743__OpenCNIL_liste_controles_2016.csv,179,modalite_non_renseignee|pays_deduit
2016-70879731-1,2016,loi78,loi 78,non_renseignee,,ORACLE,ORACLE,COLOMBES,92,92,FR,,commerce,commerce,Commerce,8491f743__OpenCNIL_liste_controles_2016.csv,180,modalite_non_renseignee|pays_deduit
2016-a4d70685-1,2016,loi78,loi 78,non_renseignee,,EXPERIAN FRANCE,EXPERIAN FRANCE,COURBEVOIE,92,92,FR,,commerce,commerce,Commerce,8491f743__OpenCNIL_liste_controles_2016.csv,181,modalite_non_renseignee|pays_deduit
2016-640d148b-1,2016,loi78,loi 78,non_renseignee,,INSTITUT D'ETUDES POLITIQUES DE PARIS,INSTITUT D ETUDES POLITIQUES DE PARIS,PARIS,75,75,FR,,education_culture_sport,education_culture_sport,Education/culture/sport,8491f743__OpenCNIL_liste_controles_2016.csv,182,modalite_non_renseignee|pays_deduit
2016-96d82034-1,2016,loi78,loi 78,non_renseignee,,APPLICATION KNOCKIN,APPLICATION KNOCKIN,PARIS,75,75,FR,,commerce,commerce,Commerce,8491f743__OpenCNIL_liste_controles_2016.csv,183,modalite_non_renseignee|pays_deduit
2016-feedebc5-1,2016,loi78,loi 78,non_renseignee,,WEBORAMA,WEBORAMA,PARIS,75,75,FR,,commerce,commerce,Commerce,8491f743__OpenCNIL_liste_controles_2016.csv,184,modalite_non_renseignee|pays_deduit
2016-a727374d-1,2016,loi78,loi 78,non_renseignee,,CHANGE.ORG WORLDWIDE LIMITED,CHANGE ORG WORLDWIDE LIMITED,PARIS,75,75,FR,,commerce,commerce,Commerce,8491f743__OpenCNIL_liste_controles_2016.csv,185,modalite_non_renseignee|pays_deduit
2016-0780cb89-1,2016,loi78,loi 78,non_renseignee,,FAMILY SPHERE,FAMILY SPHERE,PARIS,75,75,FR,,commerce,commerce,Commerce,8491f743__OpenCNIL_liste_controles_2016.csv,186,modalite_non_renseignee|pays_deduit
2016-f727c44b-1,2016,loi78,loi 78,non_renseignee,,DATA XU,DATA XU,PARIS,75,75,FR,,commerce,commerce,Commerce,8491f743__OpenCNIL_liste_controles_2016.csv,187,modalite_non_renseignee|pays_deduit
2016-166b110f-1,2016,loi78,loi 78,non_renseignee,,TRADE DESK,TRADE DESK,PARIS,75,75,FR,,commerce,commerce,Commerce,8491f743__OpenCNIL_liste_controles_2016.csv,188,modalite_non_renseignee|pays_deduit
2016-a76822bb-1,2016,loi78,loi 78,non_renseignee,,"CENTRO INC ""SITE SCOUT""",CENTRO INC SITE SCOUT,PARIS,75,75,FR,,commerce,commerce,Commerce,8491f743__OpenCNIL_liste_controles_2016.csv,189,modalite_non_renseignee|pays_deduit
2016-4d722e2e-1,2016,loi78,loi 78,non_renseignee,,RADIUM ONE,RADIUM ONE,PARIS,75,75,FR,,commerce,commerce,Commerce,8491f743__OpenCNIL_liste_controles_2016.csv,190,modalite_non_renseignee|pays_deduit
2016-71e52032-1,2016,loi78,loi 78,non_renseignee,,INSTITUT SUPERIEUR DE COMMUNICATION ET PUBLICITE (ISCOM),INSTITUT SUPERIEUR DE COMMUNICATION ET PUBLICITE ISCOM,PARIS,75,75,FR,,education_culture_sport,education_culture_sport,Education/culture/sport,8491f743__OpenCNIL_liste_controles_2016.csv,191,modalite_non_renseignee|pays_deduit
2016-7cbd6a6a-1,2016,loi78,loi 78,non_renseignee,,CRITEO,CRITEO,PARIS,75,75,FR,,commerce,commerce,Commerce,8491f743__OpenCNIL_liste_controles_2016.csv,192,modalite_non_renseignee|pays_deduit
2016-7cbd6a6a-2,2016,loi78,loi 78,non_renseignee,,CRITEO,CRITEO,PARIS,75,75,FR,,commerce,commerce,Commerce,8491f743__OpenCNIL_liste_controles_2016.csv,193,modalite_non_renseignee|pays_deduit|ligne_dupliquee
2016-8766c533-1,2016,loi78,loi 78,non_renseignee,,MERCI+SERVICE,MERCI SERVICE,MULHOUSE,68,68,FR,,commerce,commerce,Commerce,8491f743__OpenCNIL_liste_controles_2016.csv,194,modalite_non_renseignee|pays_deduit
2016-1900ba03-1,2016,loi78,loi 78,non_renseignee,,SAS BRIOTET SEMECOURT,SAS BRIOTET SEMECOURT,SEMECOURT,57,57,FR,,commerce,commerce,Commerce,8491f743__OpenCNIL_liste_controles_2016.csv,195,modalite_non_renseignee|pays_deduit
2016-7868f87d-1,2016,loi78,loi 78,non_renseignee,,RENAULT CALAIS,RENAULT CALAIS,COQUELLES,62,62,FR,,police_justice_securite,etat_regalien,Police/justice/sécurité,8491f743__OpenCNIL_liste_controles_2016.csv,196,modalite_non_renseignee|pays_deduit
2016-7e24aca2-1,2016,loi78,loi 78,non_renseignee,,NORAUTO CALAIS COQUELLES,NORAUTO CALAIS COQUELLES,CALAIS,62,62,FR,,police_justice_securite,etat_regalien,Police/justice/sécurité,8491f743__OpenCNIL_liste_controles_2016.csv,197,modalite_non_renseignee|pays_deduit
2016-d130542f-1,2016,loi78,loi 78,non_renseignee,,LES CHEVRONS SOFIDA CALAIS,LES CHEVRONS SOFIDA CALAIS,CALAIS,62,62,FR,,police_justice_securite,etat_regalien,Police/justice/sécurité,8491f743__OpenCNIL_liste_controles_2016.csv,198,modalite_non_renseignee|pays_deduit
2016-351a43d7-1,2016,loi78,loi 78,non_renseignee,,APPNEXUS,APPNEXUS,PARIS,75,75,FR,,commerce,commerce,Commerce,8491f743__OpenCNIL_liste_controles_2016.csv,199,modalite_non_renseignee|pays_deduit
2016-3ad6b937-1,2016,loi78,loi 78,non_renseignee,,DIRECT ENERGIE,DIRECT ENERGIE,PARIS,75,75,FR,,commerce,commerce,Commerce,8491f743__OpenCNIL_liste_controles_2016.csv,200,modalite_non_renseignee|pays_deduit
2016-37c0d415-1,2016,loi78,loi 78,non_renseignee,,LDLC.COM,LDLC COM,DARDILLY,69,69,FR,,commerce,commerce,Commerce,8491f743__OpenCNIL_liste_controles_2016.csv,201,modalite_non_renseignee|pays_deduit
2016-88180308-1,2016,loi78,loi 78,non_renseignee,,COMMUNE DE LAMBERSART,COMMUNE DE LAMBERSART,LAMBERSART,59,59,FR,,police_justice_securite,etat_regalien,Police/justice/sécurité,8491f743__OpenCNIL_liste_controles_2016.csv,202,modalite_non_renseignee|pays_deduit
2016-91ef0c1e-1,2016,loi78,loi 78,non_renseignee,,BARTHEL FRERES SAS,BARTHEL FRERES SAS,LE BAN SAINT MARTIN,57,57,FR,,commerce,commerce,Commerce,8491f743__OpenCNIL_liste_controles_2016.csv,203,modalite_non_renseignee|pays_deduit
2016-b3d1370b-1,2016,loi78,loi 78,non_renseignee,,PREFECTURE DE LILLE,PREFECTURE DE LILLE,LILLE,59,59,FR,,police_justice_securite,etat_regalien,Police/justice/sécurité,8491f743__OpenCNIL_liste_controles_2016.csv,204,modalite_non_renseignee|pays_deduit
2016-ac4e45e0-1,2016,loi78,loi 78,non_renseignee,,ELECTRICITE DE FRANCE,ELECTRICITE DE FRANCE,PARIS,75,75,FR,,commerce,commerce,Commerce,8491f743__OpenCNIL_liste_controles_2016.csv,205,modalite_non_renseignee|pays_deduit
2016-10c421c6-1,2016,loi78,loi 78,non_renseignee,,BEALDER,BEALDER,LYON,69,69,FR,,commerce,commerce,Commerce,8491f743__OpenCNIL_liste_controles_2016.csv,206,modalite_non_renseignee|pays_deduit
2016-28fce4b0-1,2016,loi78,loi 78,non_renseignee,,ASSISTANCE CENTRE D'APPEL (ACA),ASSISTANCE CENTRE D APPEL ACA,GOUSSAINVILLE,95,95,FR,,commerce,commerce,Commerce,8491f743__OpenCNIL_liste_controles_2016.csv,207,modalite_non_renseignee|pays_deduit
2016-35e36f80-1,2016,loi78,loi 78,non_renseignee,,LOCAREVI,LOCAREVI,ESCAUDAIN,59,59,FR,,commerce,commerce,Commerce,8491f743__OpenCNIL_liste_controles_2016.csv,208,modalite_non_renseignee|pays_deduit
2016-f2af3c6f-1,2016,loi78,loi 78,non_renseignee,,ASCO INDUSTRIES,ASCO INDUSTRIES,LEFFRINCKOUCKE,59,59,FR,,commerce,commerce,Commerce,8491f743__OpenCNIL_liste_controles_2016.csv,209,modalite_non_renseignee|pays_deduit
2016-f6953a3c-1,2016,loi78,loi 78,non_renseignee,,55 SAS,55 SAS,PARIS,75,75,FR,,commerce,commerce,Commerce,8491f743__OpenCNIL_liste_controles_2016.csv,210,modalite_non_renseignee|pays_deduit
2016-88fcbfaa-1,2016,loi78,loi 78,non_renseignee,,HERTZ FRANCE,HERTZ FRANCE,MONTIGNY LE BRETONNEUX,78,78,FR,,commerce,commerce,Commerce,8491f743__OpenCNIL_liste_controles_2016.csv,211,modalite_non_renseignee|pays_deduit
2016-9e8622de-1,2016,loi78,loi 78,non_renseignee,,THE MIT COMPANY,THE MIT COMPANY,SEVRES,92,92,FR,,commerce,commerce,Commerce,8491f743__OpenCNIL_liste_controles_2016.csv,212,modalite_non_renseignee|pays_deduit
2016-c1798e92-1,2016,loi78,loi 78,non_renseignee,,MINISTERE DU LOGEMENT,MINISTERE DU LOGEMENT,PUTEAUX,92,92,FR,,sante_social,sante_social,Santé/social,8491f743__OpenCNIL_liste_controles_2016.csv,213,modalite_non_renseignee|pays_deduit
2016-854d243f-1,2016,loi78,loi 78,non_renseignee,,AMB FORMATIONS,AMB FORMATIONS,PARIS,75,75,FR,,commerce,commerce,Commerce,8491f743__OpenCNIL_liste_controles_2016.csv,214,modalite_non_renseignee|pays_deduit
2016-bb74e858-1,2016,loi78,loi 78,non_renseignee,,AMB FORMATIONS,AMB FORMATIONS,PARIS,75,75,FR,,collectivites_territoriales,collectivites_territoriales,Collectivités locales,8491f743__OpenCNIL_liste_controles_2016.csv,215,modalite_non_renseignee|pays_deduit
2016-8c638ae8-1,2016,loi78,loi 78,non_renseignee,,COMMUNE DE QUIEVRECHAIN,COMMUNE DE QUIEVRECHAIN,QUIEVRECHAIN,59,59,FR,,collectivites_territoriales,collectivites_territoriales,Collectivités locales,8491f743__OpenCNIL_liste_controles_2016.csv,216,modalite_non_renseignee|pays_deduit
2016-ca1d6a47-1,2016,loi78,loi 78,non_renseignee,,DRIVY,DRIVY,PARIS,75,75,FR,,commerce,commerce,Commerce,8491f743__OpenCNIL_liste_controles_2016.csv,217,modalite_non_renseignee|pays_deduit
2016-ed7bec2a-1,2016,loi78,loi 78,non_renseignee,,ASSOCIATION BOUCHES DU RHONE TOURISME,ASSOCIATION BOUCHES DU RHONE TOURISME,MARSEILLE,13,13,FR,,collectivites_territoriales,collectivites_territoriales,Collectivités locales,8491f743__OpenCNIL_liste_controles_2016.csv,218,modalite_non_renseignee|pays_deduit
2016-d45ad1cc-1,2016,loi78,loi 78,non_renseignee,,CASTORAMA FRANCE,CASTORAMA FRANCE,TEMPLEMARS,59,59,FR,,commerce,commerce,Commerce,8491f743__OpenCNIL_liste_controles_2016.csv,219,modalite_non_renseignee|pays_deduit
2016-464d37b1-1,2016,loi78,loi 78,non_renseignee,,PN DATA,PN DATA,MARCQ EN BAROEUL,59,59,FR,,commerce,commerce,Commerce,8491f743__OpenCNIL_liste_controles_2016.csv,220,modalite_non_renseignee|pays_deduit
2016-9aa7cbc8-1,2016,loi78,loi 78,non_renseignee,,MINISTERE DE L'ENVIRONNEMENT DE L'ENERGIE ET DE LA MER,MINISTERE DE L ENVIRONNEMENT DE L ENERGIE ET DE LA MER,PUTEAUX,92,92,FR,,commerce,commerce,Commerce,8491f743__OpenCNIL_liste_controles_2016.csv,221,modalite_non_renseignee|pays_deduit
2016-47d12f38-1,2016,loi78,loi 78,non_renseignee,,BRAND & CONSUMERS TECHNOLOGIES,BRAND CONSUMERS TECHNOLOGIES,ISSY LES MOULINEAUX,92,92,FR,,commerce,commerce,Commerce,8491f743__OpenCNIL_liste_controles_2016.csv,222,modalite_non_renseignee|pays_deduit
2016-2d24ab28-1,2016,loi78,loi 78,non_renseignee,,KANTAR WORLDPANEL FRANCE,KANTAR WORLDPANEL FRANCE,CHAMBOURCY,78,78,FR,,commerce,commerce,Commerce,8491f743__OpenCNIL_liste_controles_2016.csv,223,modalite_non_renseignee|pays_deduit
2016-68b68d9c-1,2016,loi78,loi 78,non_renseignee,,PRIMAIRES DE LA DROITE ET DU CENTRE,PRIMAIRES DE LA DROITE ET DU CENTRE,BAILLEUL,59,59,FR,,politique,politique,Politique,8491f743__OpenCNIL_liste_controles_2016.csv,224,modalite_non_renseignee|pays_deduit
2016-581a659d-1,2016,loi78,loi 78,non_renseignee,,KIABI EUROPE,KIABI EUROPE,HEM,59,59,FR,,commerce,commerce,Commerce,8491f743__OpenCNIL_liste_controles_2016.csv,225,modalite_non_renseignee|pays_deduit
2016-0d112189-1,2016,loi78,loi 78,non_renseignee,,44 GALERIES LAFAYETTE - 44 GL,44 GALERIES LAFAYETTE 44 GL,PARIS,75,75,FR,,commerce,commerce,Commerce,8491f743__OpenCNIL_liste_controles_2016.csv,226,modalite_non_renseignee|pays_deduit
2016-c7efb8d4-1,2016,loi78,loi 78,non_renseignee,,GROUPE LA POSTE,GROUPE LA POSTE,LIBOURNE,33,33,FR,,commerce,commerce,Commerce,8491f743__OpenCNIL_liste_controles_2016.csv,227,modalite_non_renseignee|pays_deduit
2016-4cc3ab95-1,2016,loi78,loi 78,non_renseignee,,INSTA MAIL MEDIA,INSTA MAIL MEDIA,PARIS,75,75,FR,,commerce,commerce,Commerce,8491f743__OpenCNIL_liste_controles_2016.csv,228,modalite_non_renseignee|pays_deduit
2016-bb8aaad7-1,2016,loi78,loi 78,non_renseignee,,FORD BYmyCAR Lyon Sud,FORD BYMYCAR LYON SUD,VENISSIEUX,69,69,FR,,commerce,commerce,Commerce,8491f743__OpenCNIL_liste_controles_2016.csv,229,modalite_non_renseignee|pays_deduit
2016-82c37199-1,2016,loi78,loi 78,non_renseignee,,NORAUTO VENISSIEUX,NORAUTO VENISSIEUX,VENISSIEUX,69,69,FR,,commerce,commerce,Commerce,8491f743__OpenCNIL_liste_controles_2016.csv,230,modalite_non_renseignee|pays_deduit
2016-c16355f5-1,2016,loi78,loi 78,non_renseignee,,FEU VERT,FEU VERT,VENISSIEUX,69,69,FR,,commerce,commerce,Commerce,8491f743__OpenCNIL_liste_controles_2016.csv,231,modalite_non_renseignee|pays_deduit
2016-dbe348a4-1,2016,loi78,loi 78,non_renseignee,,GAD,GAD,MONTREUIL,93,93,FR,,commerce,commerce,Commerce,8491f743__OpenCNIL_liste_controles_2016.csv,232,modalite_non_renseignee|pays_deduit
2016-caa3b3b1-1,2016,loi78,loi 78,non_renseignee,,3 SUISSES,3 SUISSES,CROIX,59,59,FR,,commerce,commerce,Commerce,8491f743__OpenCNIL_liste_controles_2016.csv,233,modalite_non_renseignee|pays_deduit
2016-caa3b3b1-2,2016,loi78,loi 78,non_renseignee,,3 SUISSES,3 SUISSES,CROIX,59,59,FR,,commerce,commerce,Commerce,8491f743__OpenCNIL_liste_controles_2016.csv,234,modalite_non_renseignee|pays_deduit|ligne_dupliquee
2016-b8b3d1ee-1,2016,loi78,loi 78,non_renseignee,,LAPRIMAIRE.ORG,LAPRIMAIRE ORG,PARIS,75,75,FR,,politique,politique,Politique,8491f743__OpenCNIL_liste_controles_2016.csv,235,modalite_non_renseignee|pays_deduit
2016-ce0aae87-1,2016,loi78,loi 78,non_renseignee,,AIR FRANCE,AIR FRANCE,TREMBLAY EN France,93,93,FR,,commerce,commerce,Commerce,8491f743__OpenCNIL_liste_controles_2016.csv,236,modalite_non_renseignee|pays_deduit
2016-328885fd-1,2016,loi78,loi 78,non_renseignee,,QAPA,QAPA,PARIS,75,75,FR,,commerce,commerce,Commerce,8491f743__OpenCNIL_liste_controles_2016.csv,237,modalite_non_renseignee|pays_deduit
2016-95ea1bf8-1,2016,loi78,loi 78,non_renseignee,,DAILYMOTION,DAILYMOTION,PARIS,75,75,FR,,commerce,commerce,Commerce,8491f743__OpenCNIL_liste_controles_2016.csv,238,modalite_non_renseignee|pays_deduit
2016-95dd1a06-1,2016,loi78,loi 78,non_renseignee,,COMMUNE DE LA GARENNE COLOMBES,COMMUNE DE LA GARENNE COLOMBES,LA GARENNE COLOMBES,92,92,FR,,collectivites_territoriales,collectivites_territoriales,Collectivités locales,8491f743__OpenCNIL_liste_controles_2016.csv,239,modalite_non_renseignee|pays_deduit
2016-e317848c-1,2016,videoprotection,vidéo,non_renseignee,,SPORT 33 - LE METROPOLE,SPORT 33 LE METROPOLE,BORDEAUX,33,33,FR,,commerce,commerce,Commerce,8491f743__OpenCNIL_liste_controles_2016.csv,240,modalite_non_renseignee|pays_deduit
2016-fde2d503-1,2016,videoprotection,vidéo,non_renseignee,,TENDANCE FASHION,TENDANCE FASHION,NANTERRE,92,92,FR,,commerce,commerce,Commerce,8491f743__OpenCNIL_liste_controles_2016.csv,241,modalite_non_renseignee|pays_deduit
2016-8d68ce85-1,2016,videoprotection,vidéo,non_renseignee,,TENDANCE FASHION,TENDANCE FASHION,PARIS,75,75,FR,,commerce,commerce,Commerce,8491f743__OpenCNIL_liste_controles_2016.csv,242,modalite_non_renseignee|pays_deduit
2016-0613d2a2-1,2016,videoprotection,vidéo,non_renseignee,,MUSEE DES CONFLUENCES,MUSEE DES CONFLUENCES,LYON,69,69,FR,,education_culture_sport,education_culture_sport,Education/culture/sport,8491f743__OpenCNIL_liste_controles_2016.csv,243,modalite_non_renseignee|pays_deduit
2016-04f1454b-1,2016,videoprotection,vidéo,non_renseignee,,COMMUNE DE SEVRES,COMMUNE DE SEVRES,SEVRES,92,92,FR,,collectivites_territoriales,collectivites_territoriales,Collectivités locales,8491f743__OpenCNIL_liste_controles_2016.csv,244,modalite_non_renseignee|pays_deduit
2016-2d9fec88-1,2016,videoprotection,vidéo,non_renseignee,,COMMUNE DE RAMBOUILLET,COMMUNE DE RAMBOUILLET,RAMBOUILLET,78,78,FR,,collectivites_territoriales,collectivites_territoriales,Collectivités locales,8491f743__OpenCNIL_liste_controles_2016.csv,245,modalite_non_renseignee|pays_deduit
2016-32f17087-1,2016,videoprotection,vidéo,non_renseignee,,SARL RUSSO,SARL RUSSO,SPICHEREN ET GROSBLIEDERSTROFF,57,57,FR,,commerce,commerce,Commerce,8491f743__OpenCNIL_liste_controles_2016.csv,246,modalite_non_renseignee|pays_deduit
2016-32f17087-2,2016,videoprotection,vidéo,non_renseignee,,SARL RUSSO,SARL RUSSO,SPICHEREN ET GROSBLIEDERSTROFF,57,57,FR,,commerce,commerce,Commerce,8491f743__OpenCNIL_liste_controles_2016.csv,247,modalite_non_renseignee|pays_deduit|ligne_dupliquee
2016-a178cbc3-1,2016,videoprotection,vidéo,non_renseignee,,COMMUNE DE FORBACH,COMMUNE DE FORBACH,FORBACH,57,57,FR,,collectivites_territoriales,collectivites_territoriales,Collectivités locales,8491f743__OpenCNIL_liste_controles_2016.csv,248,modalite_non_renseignee|pays_deduit
2016-6f0968eb-1,2016,videoprotection,vidéo,non_renseignee,,MUSEE NATIONAL DES ARTS ASIATIQUES GUIMET,MUSEE NATIONAL DES ARTS ASIATIQUES GUIMET,PARIS,75,75,FR,,education_culture_sport,education_culture_sport,Education/culture/sport,8491f743__OpenCNIL_liste_controles_2016.csv,249,modalite_non_renseignee|pays_deduit
2016-0017cd04-1,2016,videoprotection,vidéo,non_renseignee,,COMMUNE DE SALLANCHES,COMMUNE DE SALLANCHES,SALLANCHES,74,74,FR,,collectivites_territoriales,collectivites_territoriales,Collectivités locales,8491f743__OpenCNIL_liste_controles_2016.csv,250,modalite_non_renseignee|pays_deduit
2016-0dcdb719-1,2016,videoprotection,vidéo,non_renseignee,,COMMUNE DE BOBIGNY,COMMUNE DE BOBIGNY,BOBIGNY,93,93,FR,,collectivites_territoriales,collectivites_territoriales,Collectivités locales,8491f743__OpenCNIL_liste_controles_2016.csv,251,modalite_non_renseignee|pays_deduit
2016-b43698ba-1,2016,videoprotection,vidéo,non_renseignee,,COMMUNE DE PIERREFITTE SUR SEINE,COMMUNE DE PIERREFITTE SUR SEINE,PIERREFITTE SUR SEINE,93,93,FR,,collectivites_territoriales,collectivites_territoriales,Collectivités locales,8491f743__OpenCNIL_liste_controles_2016.csv,252,modalite_non_renseignee|pays_deduit
2016-9f50da38-1,2016,videoprotection,vidéo,non_renseignee,,COMMUNE DE MEUDON,COMMUNE DE MEUDON,MEUDON,92,92,FR,,collectivites_territoriales,collectivites_territoriales,Collectivités locales,8491f743__OpenCNIL_liste_controles_2016.csv,253,modalite_non_renseignee|pays_deduit
2016-9dff7214-1,2016,videoprotection,vidéo,non_renseignee,,LA POSTE,LA POSTE,AVIGNON,84,84,FR,,commerce,commerce,Commerce,8491f743__OpenCNIL_liste_controles_2016.csv,254,modalite_non_renseignee|pays_deduit
2016-f2847bab-1,2016,videoprotection,vidéo,non_renseignee,,LA POSTE,LA POSTE,GENNEVILLIERS,92,92,FR,,commerce,commerce,Commerce,8491f743__OpenCNIL_liste_controles_2016.csv,255,modalite_non_renseignee|pays_deduit
2016-bd8e0a99-1,2016,videoprotection,vidéo,non_renseignee,,LA POSTE,LA POSTE,FECAMP,76,76,FR,,commerce,commerce,Commerce,8491f743__OpenCNIL_liste_controles_2016.csv,256,modalite_non_renseignee|pays_deduit
2016-9de4540f-1,2016,videoprotection,vidéo,non_renseignee,,LA POSTE,LA POSTE,LA ROCHE SUR YON,85,85,FR,,commerce,commerce,Commerce,8491f743__OpenCNIL_liste_controles_2016.csv,257,modalite_non_renseignee|pays_deduit
2016-a7aacbb7-1,2016,videoprotection,vidéo,non_renseignee,,LA POSTE,LA POSTE,PUTEAUX,92,92,FR,,commerce,commerce,Commerce,8491f743__OpenCNIL_liste_controles_2016.csv,258,modalite_non_renseignee|pays_deduit
2016-1845c977-1,2016,videoprotection,vidéo,non_renseignee,,SERVICE DEPARTEMENTAL INCENDIE ET SECOURS DES PYRENEES ORIENTALES,SERVICE DEPARTEMENTAL INCENDIE ET SECOURS DES PYRENEES ORIENTALES,PERPIGNAN,66,66,FR,,police_justice_securite,etat_regalien,Police/justice/sécurité,8491f743__OpenCNIL_liste_controles_2016.csv,259,modalite_non_renseignee|pays_deduit
2016-45d3e3e6-1,2016,videoprotection,vidéo,non_renseignee,,COMMUNE DE SENS,COMMUNE DE SENS,SENS,89,89,FR,,collectivites_territoriales,collectivites_territoriales,Collectivités locales,8491f743__OpenCNIL_liste_controles_2016.csv,260,modalite_non_renseignee|pays_deduit
2016-27a5626f-1,2016,videoprotection,vidéo,non_renseignee,,COMMUNE DE PROVINS,COMMUNE DE PROVINS,PROVINS,77,77,FR,,collectivites_territoriales,collectivites_territoriales,Collectivités locales,8491f743__OpenCNIL_liste_controles_2016.csv,261,modalite_non_renseignee|pays_deduit
2016-4e38038f-1,2016,videoprotection,vidéo,non_renseignee,,COMMUNE DE GIEN,COMMUNE DE GIEN,GIEN,45,45,FR,,collectivites_territoriales,collectivites_territoriales,Collectivités locales,8491f743__OpenCNIL_liste_controles_2016.csv,262,modalite_non_renseignee|pays_deduit
2016-b1b5818f-1,2016,videoprotection,vidéo,non_renseignee,,COMMUNE D'AVIGNON,COMMUNE D AVIGNON,AVIGNON,84,84,FR,,collectivites_territoriales,collectivites_territoriales,Collectivités locales,8491f743__OpenCNIL_liste_controles_2016.csv,263,modalite_non_renseignee|pays_deduit
2016-898cdb43-1,2016,videoprotection,vidéo,non_renseignee,,COMMUNE DE CARPENTRAS,COMMUNE DE CARPENTRAS,CARPENTRAS,84,84,FR,,collectivites_territoriales,collectivites_territoriales,Collectivités locales,8491f743__OpenCNIL_liste_controles_2016.csv,264,modalite_non_renseignee|pays_deduit
2016-a480b92f-1,2016,videoprotection,vidéo,non_renseignee,,COMMUNE DU BLANC MESNIL,COMMUNE DU BLANC MESNIL,LE BLANC MESNIL,93,93,FR,,collectivites_territoriales,collectivites_territoriales,Collectivités locales,8491f743__OpenCNIL_liste_controles_2016.csv,265,modalite_non_renseignee|pays_deduit
2016-a480b92f-2,2016,videoprotection,vidéo,non_renseignee,,COMMUNE DU BLANC MESNIL,COMMUNE DU BLANC MESNIL,LE BLANC MESNIL,93,93,FR,,collectivites_territoriales,collectivites_territoriales,Collectivités locales,8491f743__OpenCNIL_liste_controles_2016.csv,266,modalite_non_renseignee|pays_deduit|ligne_dupliquee
2016-cbed59f2-1,2016,videoprotection,vidéo,non_renseignee,,FRENCH TROTTERS,FRENCH TROTTERS,PARIS,75,75,FR,,commerce,commerce,Commerce,8491f743__OpenCNIL_liste_controles_2016.csv,267,modalite_non_renseignee|pays_deduit
2016-7a28e9ba-1,2016,videoprotection,vidéo,non_renseignee,,COMMUNE DE DUGNY,COMMUNE DE DUGNY,DUGNY,93,93,FR,,collectivites_territoriales,collectivites_territoriales,Collectivités locales,8491f743__OpenCNIL_liste_controles_2016.csv,268,modalite_non_renseignee|pays_deduit
2016-6f0e823b-1,2016,videoprotection,vidéo,non_renseignee,,COMMUNE DE HENIN BEAUMONT,COMMUNE DE HENIN BEAUMONT,HENIN BEAUMONT,62,62,FR,,collectivites_territoriales,collectivites_territoriales,Collectivités locales,8491f743__OpenCNIL_liste_controles_2016.csv,269,modalite_non_renseignee|pays_deduit
2016-d6b726ec-1,2016,videoprotection,vidéo,non_renseignee,,COMMUNE DE NOISY LE GRAND,COMMUNE DE NOISY LE GRAND,NOISY LE GRAND,93,93,FR,,collectivites_territoriales,collectivites_territoriales,Collectivités locales,8491f743__OpenCNIL_liste_controles_2016.csv,270,modalite_non_renseignee|pays_deduit
2016-6ecc9e61-1,2016,videoprotection,vidéo,non_renseignee,,DELKO MARSEILLE,DELKO MARSEILLE,MARSEILLE,13,13,FR,,commerce,commerce,Commerce,8491f743__OpenCNIL_liste_controles_2016.csv,271,modalite_non_renseignee|pays_deduit
2016-75fe0ec7-1,2016,videoprotection,vidéo,non_renseignee,,INTERMARCHE SUPER,INTERMARCHE SUPER,MARSEILLE,13,13,FR,,commerce,commerce,Commerce,8491f743__OpenCNIL_liste_controles_2016.csv,272,modalite_non_renseignee|pays_deduit
2016-20fc27af-1,2016,videoprotection,vidéo,non_renseignee,,COMMUNE SULLY SUR LOIRE,COMMUNE SULLY SUR LOIRE,SULLY SUR LOIRE,45,45,FR,,collectivites_territoriales,collectivites_territoriales,Collectivités locales,8491f743__OpenCNIL_liste_controles_2016.csv,273,modalite_non_renseignee|pays_deduit
2016-d35358ba-1,2016,videoprotection,vidéo,non_renseignee,,COMMUNE DE SOISY SOUS MONTMORENCY,COMMUNE DE SOISY SOUS MONTMORENCY,SOISY SOUS MONTMORENCY,95,95,FR,,collectivites_territoriales,collectivites_territoriales,Collectivités locales,8491f743__OpenCNIL_liste_controles_2016.csv,274,modalite_non_renseignee|pays_deduit
2016-176da03b-1,2016,videoprotection,vidéo,non_renseignee,,COMMUNE BONNY SUR LOIRE,COMMUNE BONNY SUR LOIRE,BONNY SUR LOIRE,45,45,FR,,collectivites_territoriales,collectivites_territoriales,Collectivités locales,8491f743__OpenCNIL_liste_controles_2016.csv,275,modalite_non_renseignee|pays_deduit
2016-4c278d92-1,2016,videoprotection,vidéo,non_renseignee,,HELMANI - CINEMA MEGA CGR LE Français,HELMANI CINEMA MEGA CGR LE FRANCAIS,BORDEAUX,33,33,FR,,commerce,commerce,Commerce,8491f743__OpenCNIL_liste_controles_2016.csv,276,modalite_non_renseignee|pays_deduit
2016-ee6b24d4-1,2016,videoprotection,vidéo,non_renseignee,,COMMUNE DE VILLETANEUSE,COMMUNE DE VILLETANEUSE,VILLETANEUSE,93,93,FR,,collectivites_territoriales,collectivites_territoriales,Collectivités locales,8491f743__OpenCNIL_liste_controles_2016.csv,277,modalite_non_renseignee|pays_deduit
2016-4418db36-1,2016,videoprotection,vidéo,non_renseignee,,COMMUNE DE GENNEVILLIERS,COMMUNE DE GENNEVILLIERS,GENNEVILLIERS,92,92,FR,,collectivites_territoriales,collectivites_territoriales,Collectivités locales,8491f743__OpenCNIL_liste_controles_2016.csv,278,modalite_non_renseignee|pays_deduit
2016-9209fb1f-1,2016,videoprotection,vidéo,non_renseignee,,COMMUNE DE LIMOGES,COMMUNE DE LIMOGES,LIMOGES,87,87,FR,,collectivites_territoriales,collectivites_territoriales,Collectivités locales,8491f743__OpenCNIL_liste_controles_2016.csv,279,modalite_non_renseignee|pays_deduit
2016-0e070541-1,2016,videoprotection,vidéo,non_renseignee,,COMMUNE DE ROANNE,COMMUNE DE ROANNE,ROANNE,42,42,FR,,collectivites_territoriales,collectivites_territoriales,Collectivités locales,8491f743__OpenCNIL_liste_controles_2016.csv,280,modalite_non_renseignee|pays_deduit
2016-6547efa8-1,2016,videoprotection,vidéo,non_renseignee,,MERCURE ROYAL LIMOUSIN,MERCURE ROYAL LIMOUSIN,LIMOGES,87,87,FR,,commerce,commerce,Commerce,8491f743__OpenCNIL_liste_controles_2016.csv,281,modalite_non_renseignee|pays_deduit
2016-cd446948-1,2016,videoprotection,vidéo,non_renseignee,,MUSEE DES BEAUX ARTS DE LIMOGES,MUSEE DES BEAUX ARTS DE LIMOGES,LIMOGES,87,87,FR,,education_culture_sport,education_culture_sport,Education/culture/sport,8491f743__OpenCNIL_liste_controles_2016.csv,282,modalite_non_renseignee|pays_deduit
2016-506edbac-1,2016,videoprotection,vidéo,non_renseignee,,COMMUNE DE TARARE,COMMUNE DE TARARE,TARARE,69,69,FR,,collectivites_territoriales,collectivites_territoriales,Collectivités locales,8491f743__OpenCNIL_liste_controles_2016.csv,283,modalite_non_renseignee|pays_deduit
2016-411d7b0c-1,2016,videoprotection,vidéo,non_renseignee,,CAPC MUSEE D'ART CONTEMPORAIN DE BORDEAUX,CAPC MUSEE D ART CONTEMPORAIN DE BORDEAUX,BORDEAUX,33,33,FR,,education_culture_sport,education_culture_sport,Education/culture/sport,8491f743__OpenCNIL_liste_controles_2016.csv,284,modalite_non_renseignee|pays_deduit
2016-87d3a850-1,2016,videoprotection,vidéo,non_renseignee,,COMMUNE DE VAUCRESSON,COMMUNE DE VAUCRESSON,VAUCRESSON,92,92,FR,,collectivites_territoriales,collectivites_territoriales,Collectivités locales,8491f743__OpenCNIL_liste_controles_2016.csv,285,modalite_non_renseignee|pays_deduit
2016-611630eb-1,2016,videoprotection,vidéo,non_renseignee,,HOPITAL EUROPEEN,HOPITAL EUROPEEN,MARSEILLE,13,13,FR,,sante_social,sante_social,Santé/social,8491f743__OpenCNIL_liste_controles_2016.csv,286,modalite_non_renseignee|pays_deduit
2016-502af217-1,2016,videoprotection,vidéo,non_renseignee,,FALGAYRAS S.A.S,FALGAYRAS S A S,COLOMIERS,31,31,FR,,commerce,commerce,Commerce,8491f743__OpenCNIL_liste_controles_2016.csv,287,modalite_non_renseignee|pays_deduit
2016-cc863764-1,2016,videoprotection,vidéo,non_renseignee,,COMMUNE DE BOURG LA REINE,COMMUNE DE BOURG LA REINE,BOURG LA REINE,92,92,FR,,collectivites_territoriales,collectivites_territoriales,Collectivités locales,8491f743__OpenCNIL_liste_controles_2016.csv,288,modalite_non_renseignee|pays_deduit
2016-4bb5ce7e-1,2016,videoprotection,vidéo,non_renseignee,,COMMUNE DE REIMS,COMMUNE DE REIMS,REIMS,51,51,FR,,collectivites_territoriales,collectivites_territoriales,Collectivités locales,8491f743__OpenCNIL_liste_controles_2016.csv,289,modalite_non_renseignee|pays_deduit
2016-09a520ff-1,2016,videoprotection,vidéo,non_renseignee,,COMMUNE DES LILAS,COMMUNE DES LILAS,LES LILAS,93,93,FR,,collectivites_territoriales,collectivites_territoriales,Collectivités locales,8491f743__OpenCNIL_liste_controles_2016.csv,290,modalite_non_renseignee|pays_deduit
2016-e40dc888-1,2016,videoprotection,vidéo,non_renseignee,,COMMUNE DE CLICHY LA GARENNE,COMMUNE DE CLICHY LA GARENNE,CLICHY LA GARENNE,92,92,FR,,collectivites_territoriales,collectivites_territoriales,Collectivités locales,8491f743__OpenCNIL_liste_controles_2016.csv,291,modalite_non_renseignee|pays_deduit
2016-f485772e-1,2016,videoprotection,vidéo,non_renseignee,,COMMUNE LE PRE SAINT GERVAIS,COMMUNE LE PRE SAINT GERVAIS,LE PRE SAINT GERVAIS,93,93,FR,,collectivites_territoriales,collectivites_territoriales,Collectivités locales,8491f743__OpenCNIL_liste_controles_2016.csv,292,modalite_non_renseignee|pays_deduit
2016-6017325d-1,2016,videoprotection,vidéo,non_renseignee,,COMMUNE DE CHÂTEAU THIERRY,COMMUNE DE CHATEAU THIERRY,CHATEAU THIERRY,02,02,FR,,collectivites_territoriales,collectivites_territoriales,Collectivités locales,8491f743__OpenCNIL_liste_controles_2016.csv,293,modalite_non_renseignee|pays_deduit
2016-9c3bfe12-1,2016,videoprotection,vidéo,non_renseignee,,COMMUNE DE SAINT SAULVE,COMMUNE DE SAINT SAULVE,SAINT SAULVE,59,59,FR,,collectivites_territoriales,collectivites_territoriales,Collectivités locales,8491f743__OpenCNIL_liste_controles_2016.csv,294,modalite_non_renseignee|pays_deduit
2016-73830829-1,2016,videoprotection,vidéo,non_renseignee,,COMMUNE DE BELLOT,COMMUNE DE BELLOT,BELLOT,77,77,FR,,collectivites_territoriales,collectivites_territoriales,Collectivités locales,8491f743__OpenCNIL_liste_controles_2016.csv,295,modalite_non_renseignee|pays_deduit
2016-114bf217-1,2016,videoprotection,vidéo,non_renseignee,,COMMUNE DE BOURG DE PEAGE,COMMUNE DE BOURG DE PEAGE,BOURG DE PEAGE,26,26,FR,,collectivites_territoriales,collectivites_territoriales,Collectivités locales,8491f743__OpenCNIL_liste_controles_2016.csv,296,modalite_non_renseignee|pays_deduit
2016-3a675115-1,2016,videoprotection,vidéo,non_renseignee,,COMMUNE DE MOUY,COMMUNE DE MOUY,MOUY,60,60,FR,,collectivites_territoriales,collectivites_territoriales,Collectivités locales,8491f743__OpenCNIL_liste_controles_2016.csv,297,modalite_non_renseignee|pays_deduit
2016-21e4ef83-1,2016,videoprotection,vidéo,non_renseignee,,COMMUNE DE SAINT JUST EN CHAUSSEE,COMMUNE DE SAINT JUST EN CHAUSSEE,SAINT JUST EN CHAUSSEE,60,60,FR,,collectivites_territoriales,collectivites_territoriales,Collectivités locales,8491f743__OpenCNIL_liste_controles_2016.csv,298,modalite_non_renseignee|pays_deduit
2016-aceff3b1-1,2016,videoprotection,vidéo,non_renseignee,,COMMUNE DE BRETEUIL,COMMUNE DE BRETEUIL,BRETEUIL,60,60,FR,,collectivites_territoriales,collectivites_territoriales,Collectivités locales,8491f743__OpenCNIL_liste_controles_2016.csv,299,modalite_non_renseignee|pays_deduit
2016-2e905bac-1,2016,videoprotection,vidéo,non_renseignee,,COMMUNE DE RUEIL MALMAISON,COMMUNE DE RUEIL MALMAISON,RUEIL MALMAISON,92,92,FR,,collectivites_territoriales,collectivites_territoriales,Collectivités locales,8491f743__OpenCNIL_liste_controles_2016.csv,300,modalite_non_renseignee|pays_deduit
2016-ef33f8e1-1,2016,videoprotection,vidéo,non_renseignee,,CENTRE AQUATIQUE LE DOME DE VINCENNES,CENTRE AQUATIQUE LE DOME DE VINCENNES,VINCENNES,94,94,FR,,education_culture_sport,education_culture_sport,Education/culture/sport,8491f743__OpenCNIL_liste_controles_2016.csv,301,modalite_non_renseignee|pays_deduit
2016-a3d740e7-1,2016,videoprotection,vidéo,non_renseignee,,COMMUNE DE VERNON,COMMUNE DE VERNON,VERNON,27,27,FR,,collectivites_territoriales,collectivites_territoriales,Collectivités locales,8491f743__OpenCNIL_liste_controles_2016.csv,302,modalite_non_renseignee|pays_deduit
2016-4462bae6-1,2016,videoprotection,vidéo,non_renseignee,,COMMUNE DE ROMAINVILLE,COMMUNE DE ROMAINVILLE,ROMAINVILLE,93,93,FR,,collectivites_territoriales,collectivites_territoriales,Collectivités locales,8491f743__OpenCNIL_liste_controles_2016.csv,303,modalite_non_renseignee|pays_deduit
2016-9833e37d-1,2016,videoprotection,vidéo,non_renseignee,,MUSEE DES CIVILISATIONS DE L'EUROPE ET DE LA MEDITERRANEE (MUCEM),MUSEE DES CIVILISATIONS DE L EUROPE ET DE LA MEDITERRANEE MUCEM,MARSEILLE,13,13,FR,,education_culture_sport,education_culture_sport,Education/culture/sport,8491f743__OpenCNIL_liste_controles_2016.csv,304,modalite_non_renseignee|pays_deduit
2016-7b01dcc2-1,2016,videoprotection,vidéo,non_renseignee,,COMMUNE DE POISSY,COMMUNE DE POISSY,POISSY,78,78,FR,,collectivites_territoriales,collectivites_territoriales,Collectivités locales,8491f743__OpenCNIL_liste_controles_2016.csv,305,modalite_non_renseignee|pays_deduit
2016-ca01149a-1,2016,videoprotection,vidéo,non_renseignee,,PALAIS FESH-MUSEE DES BEAUX-ARTS,PALAIS FESH MUSEE DES BEAUX ARTS,AJACCIO,20,20,FR,,education_culture_sport,education_culture_sport,Education/culture/sport,8491f743__OpenCNIL_liste_controles_2016.csv,306,modalite_non_renseignee|departement_a_preciser|pays_deduit
2016-309aa8c2-1,2016,videoprotection,vidéo,non_renseignee,,COMMUNE D'AJACCIO,COMMUNE D AJACCIO,AJACCIO,20,20,FR,,collectivites_territoriales,collectivites_territoriales,Collectivités locales,8491f743__OpenCNIL_liste_controles_2016.csv,307,modalite_non_renseignee|departement_a_preciser|pays_deduit
2016-47dac32c-1,2016,videoprotection,vidéo,non_renseignee,,COMMUNE DU MANS,COMMUNE DU MANS,LE MANS,72,72,FR,,collectivites_territoriales,collectivites_territoriales,Collectivités locales,8491f743__OpenCNIL_liste_controles_2016.csv,308,modalite_non_renseignee|pays_deduit
2016-62c72910-1,2016,videoprotection,vidéo,non_renseignee,,COMMUNE DE FORGES LES EAUX,COMMUNE DE FORGES LES EAUX,FORGES LES EAUX,76,76,FR,,collectivites_territoriales,collectivites_territoriales,Collectivités locales,8491f743__OpenCNIL_liste_controles_2016.csv,309,modalite_non_renseignee|pays_deduit
2016-ce3ec331-1,2016,videoprotection,vidéo,non_renseignee,,COMMUNE DE GOURNAY EN BRAY,COMMUNE DE GOURNAY EN BRAY,GOURNAY EN BRAY,76,76,FR,,collectivites_territoriales,collectivites_territoriales,Collectivités locales,8491f743__OpenCNIL_liste_controles_2016.csv,310,modalite_non_renseignee|pays_deduit
2016-3abf0be9-1,2016,videoprotection,vidéo,non_renseignee,,COMMUNE DE SENLIS,COMMUNE DE SENLIS,SENLIS,60,60,FR,,collectivites_territoriales,collectivites_territoriales,Collectivités locales,8491f743__OpenCNIL_liste_controles_2016.csv,311,modalite_non_renseignee|pays_deduit
2016-651d405e-1,2016,videoprotection,vidéo,non_renseignee,,COMMUNE DE PONT SAINTE MAXENCE,COMMUNE DE PONT SAINTE MAXENCE,PONT SAINTE MAXENCE,60,60,FR,,collectivites_territoriales,collectivites_territoriales,Collectivités locales,8491f743__OpenCNIL_liste_controles_2016.csv,312,modalite_non_renseignee|pays_deduit
2016-097e375c-1,2016,videoprotection,vidéo,non_renseignee,,PREFECTURE DE POLICE DE PARIS,PREFECTURE DE POLICE DE PARIS,PARIS,75,75,FR,,police_justice_securite,etat_regalien,Police/justice/sécurité,8491f743__OpenCNIL_liste_controles_2016.csv,313,modalite_non_renseignee|pays_deduit
2016-097e375c-2,2016,videoprotection,vidéo,non_renseignee,,PREFECTURE DE POLICE DE PARIS,PREFECTURE DE POLICE DE PARIS,PARIS,75,75,FR,,police_justice_securite,etat_regalien,Police/justice/sécurité,8491f743__OpenCNIL_liste_controles_2016.csv,314,modalite_non_renseignee|pays_deduit|ligne_dupliquee
2016-e1f172a1-1,2016,videoprotection,vidéo,non_renseignee,,COMMUNE DE L'HAY LES ROSES,COMMUNE DE L HAY LES ROSES,L'HAY LES ROSES,94,94,FR,,collectivites_territoriales,collectivites_territoriales,Collectivités locales,8491f743__OpenCNIL_liste_controles_2016.csv,315,modalite_non_renseignee|pays_deduit
2016-20952cab-1,2016,videoprotection,vidéo,non_renseignee,,COMMUNE DE L'ISLE ADAM,COMMUNE DE L ISLE ADAM,L'ISLE ADAM,95,95,FR,,collectivites_territoriales,collectivites_territoriales,Collectivités locales,8491f743__OpenCNIL_liste_controles_2016.csv,316,modalite_non_renseignee|pays_deduit
2016-eafd5009-1,2016,videoprotection,vidéo,non_renseignee,,CENTRE POMPIDOU METZ,CENTRE POMPIDOU METZ,METZ,57,57,FR,,education_culture_sport,education_culture_sport,Education/culture/sport,8491f743__OpenCNIL_liste_controles_2016.csv,317,modalite_non_renseignee|pays_deduit
2016-d5a9b851-1,2016,videoprotection,vidéo,non_renseignee,,COMMUNE DE NOGENT SUR OISE,COMMUNE DE NOGENT SUR OISE,NOGENT SUR OISE,60,60,FR,,collectivites_territoriales,collectivites_territoriales,Collectivités locales,8491f743__OpenCNIL_liste_controles_2016.csv,318,modalite_non_renseignee|pays_deduit
2016-9af98f9a-1,2016,videoprotection,vidéo,non_renseignee,,MUSEE DES BEAUX ARTS DE LYON,MUSEE DES BEAUX ARTS DE LYON,LYON,69,69,FR,,education_culture_sport,education_culture_sport,Education/culture/sport,8491f743__OpenCNIL_liste_controles_2016.csv,319,modalite_non_renseignee|pays_deduit
2016-fb700042-1,2016,videoprotection,vidéo,non_renseignee,,MUSEE DU LOUVRE-LENS,MUSEE DU LOUVRE LENS,LENS,62,62,FR,,education_culture_sport,education_culture_sport,Education/culture/sport,8491f743__OpenCNIL_liste_controles_2016.csv,320,modalite_non_renseignee|pays_deduit
2016-a5bd96a6-1,2016,videoprotection,vidéo,non_renseignee,,MUSEE D'ART MODERNE ET CONTEMPORAIN,MUSEE D ART MODERNE ET CONTEMPORAIN,STRASBOURG,67,67,FR,,education_culture_sport,education_culture_sport,Education/culture/sport,8491f743__OpenCNIL_liste_controles_2016.csv,321,modalite_non_renseignee|pays_deduit
2016-dda99c32-1,2016,videoprotection,vidéo,non_renseignee,,PREFECTURE DE POLICE (COMMISSARIAT DU 18ème ARRONDISSEMENT DE PARIS),PREFECTURE DE POLICE COMMISSARIAT DU 18EME ARRONDISSEMENT DE PARIS,PARIS,75,75,FR,,police_justice_securite,etat_regalien,Police/justice/sécurité,8491f743__OpenCNIL_liste_controles_2016.csv,322,modalite_non_renseignee|organisme_multiligne|pays_deduit
2016-0a4e0e3f-1,2016,videoprotection,vidéo,non_renseignee,,PREFECTURE DE POLICE,PREFECTURE DE POLICE,PARIS,75,75,FR,,police_justice_securite,etat_regalien,Police/justice/sécurité,8491f743__OpenCNIL_liste_controles_2016.csv,324,modalite_non_renseignee|pays_deduit
2016-3ec3518e-1,2016,videoprotection,vidéo,non_renseignee,,PREFECTURE DE POLICE DE PARIS - MAIRIE DE PARIS,PREFECTURE DE POLICE DE PARIS MAIRIE DE PARIS,PARIS,75,75,FR,,police_justice_securite,etat_regalien,Police/justice/sécurité,8491f743__OpenCNIL_liste_controles_2016.csv,325,modalite_non_renseignee|pays_deduit
2016-e46b4e48-1,2016,videoprotection,vidéo,non_renseignee,,PREFECTURE DE POLICE DE PARIS - COMMISSARIAT DE VILLEPINTE,PREFECTURE DE POLICE DE PARIS COMMISSARIAT DE VILLEPINTE,VILLEPINTE,93,93,FR,,police_justice_securite,etat_regalien,Police/justice/sécurité,8491f743__OpenCNIL_liste_controles_2016.csv,326,modalite_non_renseignee|pays_deduit
2016-c4972726-1,2016,videoprotection,vidéo,non_renseignee,,PHILHARMONIE DE PARIS,PHILHARMONIE DE PARIS,PARIS,75,75,FR,,education_culture_sport,education_culture_sport,Education/culture/sport,8491f743__OpenCNIL_liste_controles_2016.csv,327,modalite_non_renseignee|pays_deduit
2016-cc5825ba-1,2016,videoprotection,vidéo,non_renseignee,,SALLE PLEYEL,SALLE PLEYEL,PARIS,75,75,FR,,education_culture_sport,education_culture_sport,Education/culture/sport,8491f743__OpenCNIL_liste_controles_2016.csv,328,modalite_non_renseignee|pays_deduit
2016-71774b0d-1,2016,videoprotection,vidéo,non_renseignee,,THEATRE EDOUARD VII,THEATRE EDOUARD VII,PARIS,75,75,FR,,education_culture_sport,education_culture_sport,Education/culture/sport,8491f743__OpenCNIL_liste_controles_2016.csv,329,modalite_non_renseignee|pays_deduit
2016-55e5d57b-1,2016,videoprotection,vidéo,non_renseignee,,INTERCONTINENTAL MARSEILLE - HOTEL DIEU,INTERCONTINENTAL MARSEILLE HOTEL DIEU,MARSEILLE,13,13,FR,,commerce,commerce,Commerce,8491f743__OpenCNIL_liste_controles_2016.csv,330,modalite_non_renseignee|pays_deduit
2016-a640435c-1,2016,videoprotection,vidéo,non_renseignee,,COMMUNE D'ENGHIEN LES BAINS,COMMUNE D ENGHIEN LES BAINS,ENGHIEN LES BAINS,95,95,FR,,collectivites_territoriales,collectivites_territoriales,Collectivités locales,8491f743__OpenCNIL_liste_controles_2016.csv,331,modalite_non_renseignee|pays_deduit
2016-8fbf89e1-1,2016,videoprotection,vidéo,non_renseignee,,COMMUNE DE CHAMBOURCY,COMMUNE DE CHAMBOURCY,CHAMBOURCY,78,78,FR,,collectivites_territoriales,collectivites_territoriales,Collectivités locales,8491f743__OpenCNIL_liste_controles_2016.csv,332,modalite_non_renseignee|pays_deduit
2016-979d54ce-1,2016,videoprotection,vidéo,non_renseignee,,SNCF (gare de Rosa Parks RER E),SNCF GARE DE ROSA PARKS RER E,PARIS,78,78,FR,,transports,transports,Transport,8491f743__OpenCNIL_liste_controles_2016.csv,333,modalite_non_renseignee|pays_deduit
2016-2711152e-1,2016,videoprotection,vidéo,non_renseignee,,SNCF,SNCF,PARIS,75,75,FR,,transports,transports,Transport,8491f743__OpenCNIL_liste_controles_2016.csv,334,modalite_non_renseignee|pays_deduit
2016-25902621-1,2016,loi78,contrôle en ligne,en_ligne,,EUROPE1.FR,EUROPE1 FR,PARIS,75,75,FR,,commerce,commerce,Commerce,8491f743__OpenCNIL_liste_controles_2016.csv,335,modalite_deduite_du_type|pays_deduit
2016-cba9dfd4-1,2016,loi78,contrôle en ligne,en_ligne,,LEXPRESS.FR,LEXPRESS FR,PARIS,75,75,FR,,commerce,commerce,Commerce,8491f743__OpenCNIL_liste_controles_2016.csv,336,modalite_deduite_du_type|pays_deduit
2016-23820c3d-1,2016,loi78,contrôle en ligne,en_ligne,,GLEEDEN.COM,GLEEDEN COM,PARIS,75,75,FR,,commerce,commerce,Commerce,8491f743__OpenCNIL_liste_controles_2016.csv,337,modalite_deduite_du_type|pays_deduit
2016-a74a15d7-1,2016,loi78,contrôle en ligne,en_ligne,,PUBLIC IDEES,PUBLIC IDEES,PARIS,75,75,FR,,commerce,commerce,Commerce,8491f743__OpenCNIL_liste_controles_2016.csv,338,modalite_deduite_du_type|pays_deduit
2016-27bc2ee3-1,2016,loi78,contrôle en ligne,en_ligne,,REGIE ORANGE,REGIE ORANGE,PARIS,75,75,FR,,commerce,commerce,Commerce,8491f743__OpenCNIL_liste_controles_2016.csv,339,modalite_deduite_du_type|pays_deduit
2016-55891a46-1,2016,loi78,contrôle en ligne,en_ligne,,THE RUBICON PROJECT,THE RUBICON PROJECT,PARIS,75,75,FR,,commerce,commerce,Commerce,8491f743__OpenCNIL_liste_controles_2016.csv,340,modalite_deduite_du_type|pays_deduit
2016-37d2ac44-1,2016,loi78,contrôle en ligne,en_ligne,,TELEPOINT.FR (#permis-ministère de l'intérieur),TELEPOINT FR PERMIS MINISTERE DE L INTERIEUR,PARIS,75,75,FR,,police_justice_securite,etat_regalien,Police/justice/sécurité,8491f743__OpenCNIL_liste_controles_2016.csv,341,modalite_deduite_du_type|organisme_multiligne|pays_deduit
2016-ac7826a7-1,2016,loi78,contrôle en ligne,en_ligne,,DEVRED.COM,DEVRED COM,PARIS,75,75,FR,,commerce,commerce,Commerce,8491f743__OpenCNIL_liste_controles_2016.csv,343,modalite_deduite_du_type|pays_deduit
2016-3b20bbbe-1,2016,loi78,contrôle en ligne,en_ligne,,NORAUTO.FR,NORAUTO FR,PARIS,75,75,FR,,commerce,commerce,Commerce,8491f743__OpenCNIL_liste_controles_2016.csv,344,modalite_deduite_du_type|pays_deduit
2016-5a91e60d-1,2016,loi78,contrôle en ligne,en_ligne,,JOUECLUB.FR,JOUECLUB FR,PARIS,75,75,FR,,commerce,commerce,Commerce,8491f743__OpenCNIL_liste_controles_2016.csv,345,modalite_deduite_du_type|pays_deduit
2016-48d9e6a0-1,2016,loi78,contrôle en ligne,en_ligne,,FEUVERT.FR,FEUVERT FR,PARIS,75,75,FR,,commerce,commerce,Commerce,8491f743__OpenCNIL_liste_controles_2016.csv,346,modalite_deduite_du_type|pays_deduit
2016-65a7cc8b-1,2016,loi78,contrôle en ligne,en_ligne,,LIVRAISON.SIMPLYMARKET.FR,LIVRAISON SIMPLYMARKET FR,PARIS,75,75,FR,,commerce,commerce,Commerce,8491f743__OpenCNIL_liste_controles_2016.csv,347,modalite_deduite_du_type|pays_deduit
2016-3f7371f1-1,2016,loi78,contrôle en ligne,en_ligne,,BOURSOWEB.FR,BOURSOWEB FR,PARIS,75,75,FR,,telecommunications,telecommunications,Télécommunications,8491f743__OpenCNIL_liste_controles_2016.csv,348,modalite_deduite_du_type|pays_deduit
2016-2dcbcbab-1,2016,loi78,contrôle en ligne,en_ligne,,LAGRANDERECRE.FR,LAGRANDERECRE FR,PARIS,75,75,FR,,commerce,commerce,Commerce,8491f743__OpenCNIL_liste_controles_2016.csv,349,modalite_deduite_du_type|pays_deduit
2016-9d2a84b7-1,2016,loi78,contrôle en ligne,en_ligne,,1AND1.FR,1AND1 FR,PARIS,75,75,FR,,telecommunications,telecommunications,Télécommunications,8491f743__OpenCNIL_liste_controles_2016.csv,350,modalite_deduite_du_type|pays_deduit
2016-f3a45cd7-1,2016,loi78,contrôle en ligne,en_ligne,,MADEINDESIGN.COM,MADEINDESIGN COM,PARIS,75,75,FR,,commerce,commerce,Commerce,8491f743__OpenCNIL_liste_controles_2016.csv,351,modalite_deduite_du_type|pays_deduit
2016-c37d5f2e-1,2016,loi78,contrôle en ligne,en_ligne,,PIECESAUTO.COM,PIECESAUTO COM,PARIS,75,75,FR,,commerce,commerce,Commerce,8491f743__OpenCNIL_liste_controles_2016.csv,352,modalite_deduite_du_type|pays_deduit
2016-25d403a1-1,2016,loi78,contrôle en ligne,en_ligne,,CDISCOUNT.COM,CDISCOUNT COM,PARIS,75,75,FR,,commerce,commerce,Commerce,8491f743__OpenCNIL_liste_controles_2016.csv,353,modalite_deduite_du_type|pays_deduit
2016-3474aa65-1,2016,loi78,contrôle en ligne,en_ligne,,CDISCOUNT,CDISCOUNT,PARIS,75,75,FR,,commerce,commerce,Commerce,8491f743__OpenCNIL_liste_controles_2016.csv,354,modalite_deduite_du_type|pays_deduit
2016-7126eee3-1,2016,loi78,contrôle en ligne,en_ligne,,HOURA.FR,HOURA FR,PARIS,75,75,FR,,commerce,commerce,Commerce,8491f743__OpenCNIL_liste_controles_2016.csv,355,modalite_deduite_du_type|pays_deduit
2016-583a8177-1,2016,loi78,contrôle en ligne,en_ligne,,TRUFFAUT.COM,TRUFFAUT COM,PARIS,75,75,FR,,commerce,commerce,Commerce,8491f743__OpenCNIL_liste_controles_2016.csv,356,modalite_deduite_du_type|pays_deduit
2016-86a8e191-1,2016,loi78,contrôle en ligne,en_ligne,,PICARD.FR,PICARD FR,PARIS,75,75,FR,,commerce,commerce,Commerce,8491f743__OpenCNIL_liste_controles_2016.csv,357,modalite_deduite_du_type|pays_deduit
2016-f0989176-1,2016,loi78,contrôle en ligne,en_ligne,,LEETCHI.COM,LEETCHI COM,PARIS,75,75,FR,,commerce,commerce,Commerce,8491f743__OpenCNIL_liste_controles_2016.csv,358,modalite_deduite_du_type|pays_deduit
2016-cac2c38b-1,2016,loi78,contrôle en ligne,en_ligne,,MAXIMO.FR,MAXIMO FR,PARIS,75,75,FR,,commerce,commerce,Commerce,8491f743__OpenCNIL_liste_controles_2016.csv,359,modalite_deduite_du_type|pays_deduit
2016-6814db49-1,2016,loi78,contrôle en ligne,en_ligne,,THIRIET.COM,THIRIET COM,PARIS,75,75,FR,,commerce,commerce,Commerce,8491f743__OpenCNIL_liste_controles_2016.csv,360,modalite_deduite_du_type|pays_deduit
2016-b62a1db1-1,2016,loi78,contrôle en ligne,en_ligne,,AIRBUS.COM,AIRBUS COM,PARIS,75,75,FR,,commerce,commerce,Commerce,8491f743__OpenCNIL_liste_controles_2016.csv,361,modalite_deduite_du_type|pays_deduit
2016-dd81f50f-1,2016,loi78,contrôle en ligne,en_ligne,,TOUPARGEL.FR,TOUPARGEL FR,PARIS,75,75,FR,,commerce,commerce,Commerce,8491f743__OpenCNIL_liste_controles_2016.csv,362,modalite_deduite_du_type|pays_deduit
2016-5e4869fc-1,2016,loi78,contrôle en ligne,en_ligne,,VILLAGE-JUSTICE.COM,VILLAGE JUSTICE COM,PARIS,75,75,FR,,commerce,commerce,Commerce,8491f743__OpenCNIL_liste_controles_2016.csv,363,modalite_deduite_du_type|pays_deduit
2016-90371a35-1,2016,loi78,contrôle en ligne,en_ligne,,RUEDESCADEAUX.COM,RUEDESCADEAUX COM,PARIS,75,75,FR,,commerce,commerce,Commerce,8491f743__OpenCNIL_liste_controles_2016.csv,364,modalite_deduite_du_type|pays_deduit
2016-a9df2ba5-1,2016,loi78,contrôle en ligne,en_ligne,,COLLEO.FR,COLLEO FR,PARIS,75,75,FR,,commerce,commerce,Commerce,8491f743__OpenCNIL_liste_controles_2016.csv,365,modalite_deduite_du_type|pays_deduit
2016-7a00d4b4-1,2016,loi78,contrôle en ligne,en_ligne,,CACHE-CACHE.FR,CACHE CACHE FR,PARIS,75,75,FR,,commerce,commerce,Commerce,8491f743__OpenCNIL_liste_controles_2016.csv,366,modalite_deduite_du_type|pays_deduit
2016-45eb949f-1,2016,loi78,contrôle en ligne,en_ligne,,SARENZA.COM,SARENZA COM,PARIS,75,75,FR,,commerce,commerce,Commerce,8491f743__OpenCNIL_liste_controles_2016.csv,367,modalite_deduite_du_type|pays_deduit
2016-f2cf923c-1,2016,loi78,contrôle en ligne,en_ligne,,LEPOTCOMMUN.FR,LEPOTCOMMUN FR,PARIS,75,75,FR,,commerce,commerce,Commerce,8491f743__OpenCNIL_liste_controles_2016.csv,368,modalite_deduite_du_type|pays_deduit
2016-0bd9514f-1,2016,loi78,contrôle en ligne,en_ligne,,PRINCESSTAMTAM.COM,PRINCESSTAMTAM COM,PARIS,75,75,FR,,commerce,commerce,Commerce,8491f743__OpenCNIL_liste_controles_2016.csv,369,modalite_deduite_du_type|pays_deduit
2016-2f387d1c-1,2016,loi78,contrôle en ligne,en_ligne,,TICKETAC.COM,TICKETAC COM,PARIS,75,75,FR,,commerce,commerce,Commerce,8491f743__OpenCNIL_liste_controles_2016.csv,370,modalite_deduite_du_type|pays_deduit
2016-8d3063ee-1,2016,loi78,contrôle en ligne,en_ligne,,TICKETMASTER.FR,TICKETMASTER FR,PARIS,75,75,FR,,commerce,commerce,Commerce,8491f743__OpenCNIL_liste_controles_2016.csv,371,modalite_deduite_du_type|pays_deduit
2016-88de220c-1,2016,loi78,contrôle en ligne,en_ligne,,CARRIERES-JURIDIQUES.COM,CARRIERES JURIDIQUES COM,PARIS,75,75,FR,,commerce,commerce,Commerce,8491f743__OpenCNIL_liste_controles_2016.csv,372,modalite_deduite_du_type|pays_deduit
2016-113a27b4-1,2016,loi78,contrôle en ligne,en_ligne,,RECRULEX.COM,RECRULEX COM,PARIS,75,75,FR,,commerce,commerce,Commerce,8491f743__OpenCNIL_liste_controles_2016.csv,373,modalite_deduite_du_type|pays_deduit
2016-c124f6ff-1,2016,loi78,contrôle en ligne,en_ligne,,FRANCEBILLET.COM,FRANCEBILLET COM,PARIS,75,75,FR,,commerce,commerce,Commerce,8491f743__OpenCNIL_liste_controles_2016.csv,374,modalite_deduite_du_type|pays_deduit
2016-ecf4cd08-1,2016,loi78,contrôle en ligne,en_ligne,,VICTIME-RIPOU.COM,VICTIME RIPOU COM,PARIS,75,75,FR,,telecommunications,telecommunications,Télécommunications,8491f743__OpenCNIL_liste_controles_2016.csv,375,modalite_deduite_du_type|pays_deduit
2016-033bcadd-1,2016,loi78,contrôle en ligne,en_ligne,,JOBIJOBA.COM,JOBIJOBA COM,PARIS,75,75,FR,,commerce,commerce,Commerce,8491f743__OpenCNIL_liste_controles_2016.csv,376,modalite_deduite_du_type|pays_deduit
2016-3179c522-1,2016,loi78,contrôle en ligne,en_ligne,,DATANANAS.COM,DATANANAS COM,PARIS,75,75,FR,,commerce,commerce,Commerce,8491f743__OpenCNIL_liste_controles_2016.csv,377,modalite_deduite_du_type|pays_deduit
2016-82cfeef8-1,2016,loi78,contrôle en ligne,en_ligne,,GAMEKULT.COM,GAMEKULT COM,PARIS,75,75,FR,,commerce,commerce,Commerce,8491f743__OpenCNIL_liste_controles_2016.csv,378,modalite_deduite_du_type|pays_deduit
2016-bf9eb732-1,2016,loi78,contrôle en ligne,en_ligne,,JEUXVIDEO.COM,JEUXVIDEO COM,PARIS,75,75,FR,,commerce,commerce,Commerce,8491f743__OpenCNIL_liste_controles_2016.csv,379,modalite_deduite_du_type|pays_deduit
2016-2848d7be-1,2016,loi78,contrôle en ligne,en_ligne,,DIRECTEMPLOI.COM,DIRECTEMPLOI COM,PARIS,75,75,FR,,commerce,commerce,Commerce,8491f743__OpenCNIL_liste_controles_2016.csv,380,modalite_deduite_du_type|pays_deduit
2016-3af53f86-1,2016,loi78,contrôle en ligne,en_ligne,,TAXIG7.FR,TAXIG7 FR,PARIS,75,75,FR,,commerce,commerce,Commerce,8491f743__OpenCNIL_liste_controles_2016.csv,381,modalite_deduite_du_type|pays_deduit
2016-9976bc38-1,2016,loi78,contrôle en ligne,en_ligne,,UBER.COM,UBER COM,PARIS,75,75,FR,,commerce,commerce,Commerce,8491f743__OpenCNIL_liste_controles_2016.csv,382,modalite_deduite_du_type|pays_deduit
2016-29455a12-1,2016,loi78,contrôle en ligne,en_ligne,,MONSTER.FR,MONSTER FR,PARIS,75,75,FR,,commerce,commerce,Commerce,8491f743__OpenCNIL_liste_controles_2016.csv,383,modalite_deduite_du_type|pays_deduit
2016-0a00cee4-1,2016,loi78,contrôle en ligne,en_ligne,,LEADERDRIVE.FR,LEADERDRIVE FR,PARIS,75,75,FR,,commerce,commerce,Commerce,8491f743__OpenCNIL_liste_controles_2016.csv,384,modalite_deduite_du_type|pays_deduit
2016-a91cea8d-1,2016,loi78,contrôle en ligne,en_ligne,,HEETCH.COM,HEETCH COM,PARIS,75,75,FR,,commerce,commerce,Commerce,8491f743__OpenCNIL_liste_controles_2016.csv,385,modalite_deduite_du_type|pays_deduit
2016-724f0529-1,2016,loi78,contrôle en ligne,en_ligne,,APEC.FR,APEC FR,PARIS,75,75,FR,,commerce,commerce,Commerce,8491f743__OpenCNIL_liste_controles_2016.csv,386,modalite_deduite_du_type|pays_deduit
2016-724f0529-2,2016,loi78,contrôle en ligne,en_ligne,,APEC.FR,APEC FR,PARIS,75,75,FR,,commerce,commerce,Commerce,8491f743__OpenCNIL_liste_controles_2016.csv,387,modalite_deduite_du_type|pays_deduit|ligne_dupliquee
2016-3f6f5db1-1,2016,loi78,contrôle en ligne,en_ligne,,UNIVERSITE BRETAGNE LOIRE,UNIVERSITE BRETAGNE LOIRE,PARIS,75,75,FR,,education_culture_sport,education_culture_sport,Education/culture/sport,8491f743__OpenCNIL_liste_controles_2016.csv,388,modalite_deduite_du_type|pays_deduit
2016-a2dd35c3-1,2016,loi78,contrôle en ligne,en_ligne,,QAPA.FR,QAPA FR,PARIS,75,75,FR,,commerce,commerce,Commerce,8491f743__OpenCNIL_liste_controles_2016.csv,389,modalite_deduite_du_type|pays_deduit
2016-245810dd-1,2016,loi78,contrôle en ligne,en_ligne,,AIRBNB.COM,AIRBNB COM,PARIS,75,75,FR,,commerce,commerce,Commerce,8491f743__OpenCNIL_liste_controles_2016.csv,390,modalite_deduite_du_type|pays_deduit
2016-3e999bef-1,2016,loi78,contrôle en ligne,en_ligne,,MICROSOFT CORPORATION,MICROSOFT CORPORATION,PARIS,75,75,FR,,commerce,commerce,Commerce,8491f743__OpenCNIL_liste_controles_2016.csv,391,modalite_deduite_du_type|pays_deduit
2016-3e999bef-2,2016,loi78,contrôle en ligne,en_ligne,,MICROSOFT CORPORATION,MICROSOFT CORPORATION,PARIS,75,75,FR,,commerce,commerce,Commerce,8491f743__OpenCNIL_liste_controles_2016.csv,392,modalite_deduite_du_type|pays_deduit|ligne_dupliquee
2016-3e999bef-3,2016,loi78,contrôle en ligne,en_ligne,,MICROSOFT CORPORATION,MICROSOFT CORPORATION,PARIS,75,75,FR,,commerce,commerce,Commerce,8491f743__OpenCNIL_liste_controles_2016.csv,393,modalite_deduite_du_type|pays_deduit|ligne_dupliquee
2016-3e999bef-4,2016,loi78,contrôle en ligne,en_ligne,,MICROSOFT CORPORATION,MICROSOFT CORPORATION,PARIS,75,75,FR,,commerce,commerce,Commerce,8491f743__OpenCNIL_liste_controles_2016.csv,394,modalite_deduite_du_type|pays_deduit|ligne_dupliquee
2016-3e999bef-5,2016,loi78,contrôle en ligne,en_ligne,,MICROSOFT CORPORATION,MICROSOFT CORPORATION,PARIS,75,75,FR,,commerce,commerce,Commerce,8491f743__OpenCNIL_liste_controles_2016.csv,395,modalite_deduite_du_type|pays_deduit|ligne_dupliquee
2016-3e999bef-6,2016,loi78,contrôle en ligne,en_ligne,,MICROSOFT CORPORATION,MICROSOFT CORPORATION,PARIS,75,75,FR,,commerce,commerce,Commerce,8491f743__OpenCNIL_liste_controles_2016.csv,396,modalite_deduite_du_type|pays_deduit|ligne_dupliquee
2016-3e999bef-7,2016,loi78,contrôle en ligne,en_ligne,,MICROSOFT CORPORATION,MICROSOFT CORPORATION,PARIS,75,75,FR,,commerce,commerce,Commerce,8491f743__OpenCNIL_liste_controles_2016.csv,397,modalite_deduite_du_type|pays_deduit|ligne_dupliquee
2016-eb88d1c2-1,2016,loi78,contrôle en ligne,en_ligne,,FRANCE-ADOT.ORG,FRANCE ADOT ORG,PARIS,75,75,FR,,sante_social,sante_social,Santé/social,8491f743__OpenCNIL_liste_controles_2016.csv,398,modalite_deduite_du_type|pays_deduit
2016-832fff68-1,2016,loi78,contrôle en ligne,en_ligne,,AMPLEMENT,AMPLEMENT,PARIS,75,75,FR,,economie,autres,Economie,8491f743__OpenCNIL_liste_controles_2016.csv,399,modalite_deduite_du_type|pays_deduit
2016-fc308fdd-1,2016,loi78,contrôle en ligne,en_ligne,,STAROFSERVICE.COM,STAROFSERVICE COM,PARIS,75,75,FR,,commerce,commerce,Commerce,8491f743__OpenCNIL_liste_controles_2016.csv,400,modalite_deduite_du_type|pays_deduit
2016-d33cf65d-1,2016,loi78,contrôle en ligne,en_ligne,,PARTI-SOCIALISTE.FR,PARTI SOCIALISTE FR,PARIS,75,75,FR,,police_justice_securite,etat_regalien,Police/justice/sécurité,8491f743__OpenCNIL_liste_controles_2016.csv,401,modalite_deduite_du_type|pays_deduit
2016-8342bff4-1,2016,loi78,contrôle en ligne,en_ligne,,PETITS-FILS.COM,PETITS FILS COM,BOULOGNE BILLANCOURT,92,92,FR,,commerce,commerce,Commerce,8491f743__OpenCNIL_liste_controles_2016.csv,402,modalite_deduite_du_type|pays_deduit
2016-6e55c8ce-1,2016,loi78,contrôle en ligne,en_ligne,,MERCIPLUS.FR,MERCIPLUS FR,PARIS,75,75,FR,,commerce,commerce,Commerce,8491f743__OpenCNIL_liste_controles_2016.csv,403,modalite_deduite_du_type|pays_deduit
2016-6d71476f-1,2016,loi78,contrôle en ligne,en_ligne,,UNIV-BPCLERMONT.FR + INSTITUT DE CHIMIE DE CLERMONT FERRAND,UNIV BPCLERMONT FR INSTITUT DE CHIMIE DE CLERMONT FERRAND,PARIS,75,75,FR,,education_culture_sport,education_culture_sport,Education/culture/sport,8491f743__OpenCNIL_liste_controles_2016.csv,404,modalite_deduite_du_type|organisme_multiligne|pays_deduit
2016-6df8da07-1,2016,loi78,contrôle en ligne,en_ligne,,FREE-DOM.FR,FREE DOM FR,PARIS,75,75,FR,,commerce,commerce,Commerce,8491f743__OpenCNIL_liste_controles_2016.csv,406,modalite_deduite_du_type|pays_deduit
2016-7bc5c44d-1,2016,loi78,contrôle en ligne,en_ligne,,ALLIANCE CONNECTIC.FR,ALLIANCE CONNECTIC FR,PARIS,75,75,FR,,commerce,commerce,Commerce,8491f743__OpenCNIL_liste_controles_2016.csv,407,modalite_deduite_du_type|pays_deduit
2016-9482ed91-1,2016,loi78,contrôle en ligne,en_ligne,,TOOL-FITNESS.COM,TOOL FITNESS COM,PARIS,75,75,FR,,commerce,commerce,Commerce,8491f743__OpenCNIL_liste_controles_2016.csv,408,modalite_deduite_du_type|pays_deduit
2016-91b59b19-1,2016,loi78,contrôle en ligne,en_ligne,,ADOMVET.COM,ADOMVET COM,PARIS,75,75,FR,,commerce,commerce,Commerce,8491f743__OpenCNIL_liste_controles_2016.csv,409,modalite_deduite_du_type|pays_deduit
2016-b4c23392-1,2016,loi78,contrôle en ligne,en_ligne,,SERENI DOM,SERENI DOM,PARIS,75,75,FR,,commerce,commerce,Commerce,8491f743__OpenCNIL_liste_controles_2016.csv,410,modalite_deduite_du_type|pays_deduit
2016-a3fd3017-1,2016,loi78,contrôle en ligne,en_ligne,,MGAS.FR,MGAS FR,PARIS,75,75,FR,,commerce,commerce,Commerce,8491f743__OpenCNIL_liste_controles_2016.csv,411,modalite_deduite_du_type|pays_deduit
2016-0ef5266a-1,2016,loi78,contrôle en ligne,en_ligne,,MNPAF.FR,MNPAF FR,PARIS,75,75,FR,,assurance,assurance,Assurances,8491f743__OpenCNIL_liste_controles_2016.csv,412,modalite_deduite_du_type|pays_deduit
2016-b770d170-1,2016,loi78,contrôle en ligne,en_ligne,,GESLICO.FFPJP.COM FEDERATION FRANCAISE DE PETANQUE ET DE JEU PROVENCAL (FFPJP),GESLICO FFPJP COM FEDERATION FRANCAISE DE PETANQUE ET DE JEU PROVENCAL FFPJP,PARIS,75,75,FR,,commerce,commerce,Commerce,8491f743__OpenCNIL_liste_controles_2016.csv,413,modalite_deduite_du_type|organisme_multiligne|pays_deduit
2016-efddc0e0-1,2016,loi78,contrôle en ligne,en_ligne,,MUTAMI.FR,MUTAMI FR,PARIS,75,75,FR,,commerce,commerce,Commerce,8491f743__OpenCNIL_liste_controles_2016.csv,415,modalite_deduite_du_type|pays_deduit
2016-147f9f8f-1,2016,loi78,contrôle en ligne,en_ligne,,CARPS.FR,CARPS FR,PARIS,75,75,FR,,assurance,assurance,Assurances,8491f743__OpenCNIL_liste_controles_2016.csv,416,modalite_deduite_du_type|pays_deduit
2016-69b8973d-1,2016,loi78,contrôle en ligne,en_ligne,,OUICAR.FR,OUICAR FR,PARIS,75,75,FR,,commerce,commerce,Commerce,8491f743__OpenCNIL_liste_controles_2016.csv,417,modalite_deduite_du_type|pays_deduit
2016-01852325-1,2016,loi78,contrôle en ligne,en_ligne,,02 DEVELOPPEMENT,02 DEVELOPPEMENT,PARIS,75,75,FR,,commerce,commerce,Commerce,8491f743__OpenCNIL_liste_controles_2016.csv,418,modalite_deduite_du_type|pays_deduit
2016-885e5100-1,2016,loi78,contrôle en ligne,en_ligne,,OZZEO.FR,OZZEO FR,TOULOUSE,31,31,FR,,commerce,commerce,Commerce,8491f743__OpenCNIL_liste_controles_2016.csv,419,modalite_deduite_du_type|pays_deduit
2016-1a62bd56-1,2016,loi78,contrôle en ligne,en_ligne,,APPLICATION KNOCKIN,APPLICATION KNOCKIN,PARIS,75,75,FR,,commerce,commerce,Commerce,8491f743__OpenCNIL_liste_controles_2016.csv,420,modalite_deduite_du_type|pays_deduit
2016-1b3a3fa1-1,2016,loi78,contrôle en ligne,en_ligne,,BG NOVATION - LASER GAME,BG NOVATION LASER GAME,PARIS,75,75,FR,,commerce,commerce,Commerce,8491f743__OpenCNIL_liste_controles_2016.csv,421,modalite_deduite_du_type|pays_deduit
2016-86483888-1,2016,loi78,contrôle en ligne,en_ligne,,EXPOFRANCE2025.COM,EXPOFRANCE2025 COM,PARIS,75,75,FR,,commerce,commerce,Commerce,8491f743__OpenCNIL_liste_controles_2016.csv,422,modalite_deduite_du_type|pays_deduit
2016-935529f1-1,2016,loi78,contrôle en ligne,en_ligne,,YOURONLINECHOICES.COM,YOURONLINECHOICES COM,PARIS,75,75,FR,,commerce,commerce,Commerce,8491f743__OpenCNIL_liste_controles_2016.csv,423,modalite_deduite_du_type|pays_deduit
2016-6ceb2ca9-1,2016,loi78,contrôle en ligne,en_ligne,,MINISTERE DE L'INTERIEUR http://www.interieur.gouv.fr,MINISTERE DE L INTERIEUR HTTP WWW INTERIEUR GOUV FR,PARIS,75,75,FR,,police_justice_securite,etat_regalien,Police/justice/sécurité,8491f743__OpenCNIL_liste_controles_2016.csv,424,modalite_deduite_du_type|organisme_multiligne|pays_deduit
2016-70581d9c-1,2016,loi78,contrôle en ligne,en_ligne,,U-BORDEAUX1.FR,U BORDEAUX1 FR,PARIS,75,75,FR,,education_culture_sport,education_culture_sport,Education/culture/sport,8491f743__OpenCNIL_liste_controles_2016.csv,426,modalite_deduite_du_type|pays_deduit
2016-0385f7d4-1,2016,loi78,contrôle en ligne,en_ligne,,HTTPS://WWW.PRE-PLAINTE-EN-LIGNE.GOUV.FR,HTTPS WWW PRE PLAINTE EN LIGNE GOUV FR,PARIS,75,75,FR,,police_justice_securite,etat_regalien,Police/justice/sécurité,8491f743__OpenCNIL_liste_controles_2016.csv,427,modalite_deduite_du_type|pays_deduit
2016-9bb64367-1,2016,loi78,contrôle en ligne,en_ligne,,MON.SERVICE-PUBLIC.FR,MON SERVICE PUBLIC FR,PARIS,75,75,FR,,police_justice_securite,etat_regalien,Police/justice/sécurité,8491f743__OpenCNIL_liste_controles_2016.csv,428,modalite_deduite_du_type|pays_deduit
2016-1d4cb9ca-1,2016,loi78,contrôle en ligne,en_ligne,,WHATSAPP,WHATSAPP,PARIS,75,75,FR,,commerce,commerce,Commerce,8491f743__OpenCNIL_liste_controles_2016.csv,429,modalite_deduite_du_type|pays_deduit
2016-1d4cb9ca-2,2016,loi78,contrôle en ligne,en_ligne,,WHATSAPP,WHATSAPP,PARIS,75,75,FR,,commerce,commerce,Commerce,8491f743__OpenCNIL_liste_controles_2016.csv,430,modalite_deduite_du_type|pays_deduit|ligne_dupliquee
2016-98b4024f-1,2016,loi78,contrôle en ligne,en_ligne,,CARTEREDUCTION-HERTZ.COM,CARTEREDUCTION HERTZ COM,PARIS,75,75,FR,,commerce,commerce,Commerce,8491f743__OpenCNIL_liste_controles_2016.csv,431,modalite_deduite_du_type|pays_deduit
2016-99ac268f-1,2016,loi78,contrôle en ligne,en_ligne,,POLICE-NATIONALE.INTERIEUR.GOUV.FR,POLICE NATIONALE INTERIEUR GOUV FR,PARIS,75,75,FR,,police_justice_securite,etat_regalien,Police/justice/sécurité,8491f743__OpenCNIL_liste_controles_2016.csv,432,modalite_deduite_du_type|pays_deduit
2016-49564e21-1,2016,loi78,contrôle en ligne,en_ligne,,DOCTOLIB.FR,DOCTOLIB FR,PARIS,75,75,FR,,sante_social,sante_social,Santé/social,8491f743__OpenCNIL_liste_controles_2016.csv,433,modalite_deduite_du_type|pays_deduit
2016-ab14eb70-1,2016,loi78,contrôle en ligne,en_ligne,,ANTS.GOUV.FR,ANTS GOUV FR,PARIS,75,75,FR,,police_justice_securite,etat_regalien,Police/justice/sécurité,8491f743__OpenCNIL_liste_controles_2016.csv,434,modalite_deduite_du_type|pays_deduit
2016-22f05cd4-1,2016,loi78,contrôle en ligne,en_ligne,,FAMILY-SPHERE.COM,FAMILY SPHERE COM,PARIS,75,75,FR,,commerce,commerce,Commerce,8491f743__OpenCNIL_liste_controles_2016.csv,435,modalite_deduite_du_type|pays_deduit
2016-73927b78-1,2016,loi78,contrôle en ligne,en_ligne,,SAMSUNGSERVICES.COM,SAMSUNGSERVICES COM,PARIS,75,75,FR,,commerce,commerce,Commerce,8491f743__OpenCNIL_liste_controles_2016.csv,436,modalite_deduite_du_type|pays_deduit
2016-d6fe44da-1,2016,loi78,contrôle en ligne,en_ligne,,KYO-ASCENSEUR.FR,KYO ASCENSEUR FR,PARIS,75,75,FR,,commerce,commerce,Commerce,8491f743__OpenCNIL_liste_controles_2016.csv,437,modalite_deduite_du_type|pays_deduit
2016-d3dd89bc-1,2016,loi78,contrôle en ligne,en_ligne,,MOBILISATION.ALAINJUPPE2017.FR,MOBILISATION ALAINJUPPE2017 FR,PARIS,75,75,FR,,politique,politique,Politique,8491f743__OpenCNIL_liste_controles_2016.csv,438,modalite_deduite_du_type|pays_deduit
2016-c2a53644-1,2016,loi78,contrôle en ligne,en_ligne,,ASSOCIATION DEMOCRATECH,ASSOCIATION DEMOCRATECH,PARIS,75,75,FR,,police_justice_securite,etat_regalien,Police/justice/sécurité,8491f743__OpenCNIL_liste_controles_2016.csv,439,modalite_deduite_du_type|pays_deduit
2017-2ddb9c25-1,2017,loi78,LOI 78,sur_place,sur place,YATEDO,YATEDO,PARIS,75,75,FR,,commerce,commerce,Commerce,068c80f5__OpenCnil_liste_controles_2017.csv,2,annee_source_absente|pays_deduit
2017-2ddb9c25-2,2017,loi78,LOI 78,sur_place,sur place,YATEDO,YATEDO,PARIS,75,75,FR,,commerce,commerce,Commerce,068c80f5__OpenCnil_liste_controles_2017.csv,3,annee_source_absente|pays_deduit|ligne_dupliquee
2017-b80b086a-1,2017,loi78,LOI 78,sur_place,sur place,HOTEL SAINT LOUIS,HOTEL SAINT LOUIS,MARSEILLE,13,13,FR,,commerce,commerce,Commerce,068c80f5__OpenCnil_liste_controles_2017.csv,4,annee_source_absente|pays_deduit
2017-b80b086a-2,2017,loi78,LOI 78,sur_place,sur place,HOTEL SAINT LOUIS,HOTEL SAINT LOUIS,MARSEILLE,13,13,FR,,commerce,commerce,Commerce,068c80f5__OpenCnil_liste_controles_2017.csv,5,annee_source_absente|pays_deduit|ligne_dupliquee
2017-52960567-1,2017,loi78,LOI 78,sur_place,sur place,HOTEL LUTETIA,HOTEL LUTETIA,MARSEILLE,13,13,FR,,commerce,commerce,Commerce,068c80f5__OpenCnil_liste_controles_2017.csv,6,annee_source_absente|pays_deduit
2017-e38abd60-1,2017,loi78,LOI 78,sur_place,sur place,INSTITUT DE RECHERCHES INTERNATIONALES SERVIER IRIS,INSTITUT DE RECHERCHES INTERNATIONALES SERVIER IRIS,SURESNES,92,92,FR,,sante_social,sante_social,Santé/social,068c80f5__OpenCnil_liste_controles_2017.csv,7,annee_source_absente|pays_deduit
2017-49a0c601-1,2017,loi78,LOI 78,sur_audition,sur audition,AGENCE DEM,AGENCE DEM,PARIS,75,75,FR,,commerce,commerce,Commerce,068c80f5__OpenCnil_liste_controles_2017.csv,8,annee_source_absente|pays_deduit
2017-1d3b2548-1,2017,loi78,LOI 78,sur_place,sur place,DIRECTION DU RENSEIGNEMENT ET DE LA SECURITE DE LA DEFENSE (DRSD),DIRECTION DU RENSEIGNEMENT ET DE LA SECURITE DE LA DEFENSE DRSD,MALAKOFF,92,92,FR,,police_justice_securite,etat_regalien,Police/justice/sécurité,068c80f5__OpenCnil_liste_controles_2017.csv,9,annee_source_absente|pays_deduit
2017-a2b963ac-1,2017,loi78,LOI 78,sur_place,sur place,DIRECTION GENERALE DES DOUANES ET DES DROITS INDIRECTS - UNITE INFORMATION PASSAGERS,DIRECTION GENERALE DES DOUANES ET DES DROITS INDIRECTS UNITE INFORMATION PASSAGERS,ROISSY-EN-France,95,95,FR,,police_justice_securite,etat_regalien,Police/justice/sécurité,068c80f5__OpenCnil_liste_controles_2017.csv,10,annee_source_absente|pays_deduit
2017-98361c93-1,2017,loi78,LOI 78,sur_place,sur place,TRAITEMENT SYSTEME API-PNR FRANCE (DIRECTION INTERREGIONALE DES DOUANES DE ROISSY),TRAITEMENT SYSTEME API PNR FRANCE DIRECTION INTERREGIONALE DES DOUANES DE ROISSY,ROISSY CDG,95,95,FR,,police_justice_securite,etat_regalien,Police/justice/sécurité,068c80f5__OpenCnil_liste_controles_2017.csv,11,annee_source_absente|organisme_multiligne|pays_deduit
2017-89b517e2-1,2017,loi78,LOI 78,sur_place,sur place,TRAITEMENT SYSTEME API-PNR FRANCE (DIRECTION DE LA POLICE AUX FRONTIERES-ORLY),TRAITEMENT SYSTEME API PNR FRANCE DIRECTION DE LA POLICE AUX FRONTIERES ORLY,ORLY,94,94,FR,,police_justice_securite,etat_regalien,Police/justice/sécurité,068c80f5__OpenCnil_liste_controles_2017.csv,13,annee_source_absente|organisme_multiligne|pays_deduit
2017-2a24bee1-1,2017,loi78,LOI 78,sur_place,sur place,TRAITEMENT SYSTEME API-PNR FRANCE (DIRECTION GENERALE DES DOUANES ET DES DROITS INDIRECTS - UNITE INFORMATION PASSAGERS),TRAITEMENT SYSTEME API PNR FRANCE DIRECTION GENERALE DES DOUANES ET DES DROITS INDIRECTS UNITE INFORMATION PASSAGERS,ROISSY-EN-France,95,95,FR,,police_justice_securite,etat_regalien,Police/justice/sécurité,068c80f5__OpenCnil_liste_controles_2017.csv,15,annee_source_absente|organisme_multiligne|pays_deduit
2017-2a24bee1-2,2017,loi78,LOI 78,sur_place,sur place,TRAITEMENT SYSTEME API-PNR FRANCE (DIRECTION GENERALE DES DOUANES ET DES DROITS INDIRECTS - UNITE INFORMATION PASSAGERS),TRAITEMENT SYSTEME API PNR FRANCE DIRECTION GENERALE DES DOUANES ET DES DROITS INDIRECTS UNITE INFORMATION PASSAGERS,ROISSY-EN-France,95,95,FR,,police_justice_securite,etat_regalien,Police/justice/sécurité,068c80f5__OpenCnil_liste_controles_2017.csv,17,annee_source_absente|organisme_multiligne|pays_deduit|ligne_dupliquee
2017-cd5b412b-1,2017,loi78,LOI 78,sur_place,sur place,ITEMA,ITEMA,ANDERNOS-LES-BAINS,33,33,FR,,commerce,commerce,Commerce,068c80f5__OpenCnil_liste_controles_2017.csv,19,annee_source_absente|pays_deduit
2017-cd5b412b-2,2017,loi78,LOI 78,sur_place,sur place,ITEMA,ITEMA,ANDERNOS-LES-BAINS,33,33,FR,,commerce,commerce,Commerce,068c80f5__OpenCnil_liste_controles_2017.csv,20,annee_source_absente|pays_deduit|ligne_dupliquee
2017-7703a87e-1,2017,loi78,LOI 78,sur_place,sur place,CAISSE PRIMAIRE D'ASSURANCE MALADIE DE LOIRE-ATLANTIQUE (CPAM) -SNIIRAM,CAISSE PRIMAIRE D ASSURANCE MALADIE DE LOIRE ATLANTIQUE CPAM SNIIRAM,NANTES,44,44,FR,,sante_social,sante_social,Santé/social,068c80f5__OpenCnil_liste_controles_2017.csv,21,annee_source_absente|pays_deduit
2017-22b2ac4c-1,2017,loi78,LOI 78,sur_place,sur place,SOPRA STERIA (SNIIRAM),SOPRA STERIA SNIIRAM,SAINT-HERBLAIN,44,44,FR,,sante_social,sante_social,Santé/social,068c80f5__OpenCnil_liste_controles_2017.csv,22,annee_source_absente|pays_deduit
2017-a0690266-1,2017,loi78,LOI 78,sur_place,sur place,AH PRODUCTION,AH PRODUCTION,BOULOGNE-BILLANCOURT,92,92,FR,,commerce,commerce,Commerce,068c80f5__OpenCnil_liste_controles_2017.csv,23,annee_source_absente|pays_deduit
2017-df74c960-1,2017,loi78,LOI 78,sur_place,sur place,MINISTERE DU LOGEMENT (PRESTATAIRE ACCES INFORMATIQUES),MINISTERE DU LOGEMENT PRESTATAIRE ACCES INFORMATIQUES,AVON,77,77,FR,,sante_social,sante_social,Santé/social,068c80f5__OpenCnil_liste_controles_2017.csv,24,annee_source_absente|organisme_multiligne|pays_deduit
2017-e3dadab2-1,2017,loi78,LOI 78,sur_place,sur place,DOCTOLIB,DOCTOLIB,PARIS,75,75,FR,,sante_social,sante_social,Santé/social,068c80f5__OpenCnil_liste_controles_2017.csv,26,annee_source_absente|pays_deduit
2017-c95e02f4-1,2017,loi78,LOI 78,sur_place,sur place,EUROPE ECOLOGIE LES VERTS,EUROPE ECOLOGIE LES VERTS,MONTREUIL,93,93,FR,,police_justice_securite,etat_regalien,Police/justice/sécurité,068c80f5__OpenCnil_liste_controles_2017.csv,27,annee_source_absente|pays_deduit
2017-6a5d56ed-1,2017,loi78,LOI 78,sur_place,sur place,EUROPE ECOLOGIE LES VERTS,EUROPE ECOLOGIE LES VERTS,LA COURNEUVE,93,93,FR,,police_justice_securite,etat_regalien,Police/justice/sécurité,068c80f5__OpenCnil_liste_controles_2017.csv,28,annee_source_absente|pays_deduit
2017-4b54ea85-1,2017,loi78,LOI 78,sur_place,sur place,G.L.C. FITNESS,G L C FITNESS,LYON,69,69,FR,,commerce,commerce,Commerce,068c80f5__OpenCnil_liste_controles_2017.csv,29,annee_source_absente|pays_deduit
2017-d3609213-1,2017,loi78,LOI 78,sur_place,sur place,SAMSUNG ELECTRONICS FRANCE,SAMSUNG ELECTRONICS FRANCE,SAINT-OUEN,93,93,FR,,commerce,commerce,Commerce,068c80f5__OpenCnil_liste_controles_2017.csv,30,annee_source_absente|pays_deduit
2017-fe7b8687-1,2017,loi78,LOI 78,sur_place,sur place,KYO-ASCENSEUR.FR,KYO ASCENSEUR FR,VILLIERS-LE-BEL,95,95,FR,,commerce,commerce,Commerce,068c80f5__OpenCnil_liste_controles_2017.csv,31,annee_source_absente|pays_deduit
2017-88d07221-1,2017,loi78,LOI 78,sur_place,sur place,CENTRE DES IMPOTS DE LYON,CENTRE DES IMPOTS DE LYON,LYON,69,69,FR,,economie,autres,Economie,068c80f5__OpenCnil_liste_controles_2017.csv,32,annee_source_absente|pays_deduit
2017-9eb47467-1,2017,loi78,LOI 78,sur_place,sur place,SECURITE GESTION CONSEIL,SECURITE GESTION CONSEIL,PANTIN,93,93,FR,,commerce,commerce,Commerce,068c80f5__OpenCnil_liste_controles_2017.csv,33,annee_source_absente|pays_deduit
2017-dbec73b4-1,2017,loi78,LOI 78,sur_place,sur place,ORANGE APPLICATIONS FOR BUSINESS,ORANGE APPLICATIONS FOR BUSINESS,BELFORT,90,90,FR,,commerce,commerce,Commerce,068c80f5__OpenCnil_liste_controles_2017.csv,34,annee_source_absente|pays_deduit
2017-8dedff81-1,2017,loi78,LOI 78,sur_place,sur place,FOYER DE CACHAN,FOYER DE CACHAN,CACHAN,94,94,FR,,education_culture_sport,education_culture_sport,Education/culture/sport,068c80f5__OpenCnil_liste_controles_2017.csv,35,annee_source_absente|pays_deduit
2017-5effac6a-1,2017,loi78,LOI 78,sur_place,sur place,BANQUE POPULAIRE ALSACE LORRAINE CHAMPAGNE,BANQUE POPULAIRE ALSACE LORRAINE CHAMPAGNE,METZ,57,57,FR,,banque,banque,Banques,068c80f5__OpenCnil_liste_controles_2017.csv,36,annee_source_absente|pays_deduit
2017-6df5e2cf-1,2017,loi78,LOI 78,sur_place,sur place,PRIMAIRES PARTI SOCIALISTE (prestataire PAPREC),PRIMAIRES PARTI SOCIALISTE PRESTATAIRE PAPREC,VILLENEUVE-LE-ROI,94,94,FR,,politique,politique,Politique,068c80f5__OpenCnil_liste_controles_2017.csv,37,annee_source_absente|organisme_multiligne|pays_deduit
2017-15362bdf-1,2017,loi78,LOI 78,sur_pieces,sur pièces,PRIMAIRES PARTI SOCIALISTE,PRIMAIRES PARTI SOCIALISTE,PARIS,75,75,FR,,politique,politique,Politique,068c80f5__OpenCnil_liste_controles_2017.csv,39,annee_source_absente|pays_deduit
2017-04f88c28-1,2017,loi78,LOI 78,sur_place,sur place,CEWE,CEWE,ASNIERES-SUR-SEINE,92,92,FR,,commerce,commerce,Commerce,068c80f5__OpenCnil_liste_controles_2017.csv,40,annee_source_absente|pays_deduit
2017-cf42ed0a-1,2017,loi78,LOI 78,sur_place,sur place,GROUPE PRENANT,GROUPE PRENANT,LISSES,91,91,FR,,commerce,commerce,Commerce,068c80f5__OpenCnil_liste_controles_2017.csv,41,annee_source_absente|pays_deduit
2017-45c4afa8-1,2017,loi78,LOI 78,sur_place,sur place,SANTE PUBLIQUE FRANCE,SANTE PUBLIQUE FRANCE,SAINT-MAURICE,94,94,FR,,sante_social,sante_social,Santé/social,068c80f5__OpenCnil_liste_controles_2017.csv,42,annee_source_absente|pays_deduit
2017-ff44dac1-1,2017,loi78,LOI 78,sur_place,sur place,LA REDOUTE,LA REDOUTE,ROUBAIX,59,59,FR,,commerce,commerce,Commerce,068c80f5__OpenCnil_liste_controles_2017.csv,43,annee_source_absente|pays_deduit
2017-bb45d678-1,2017,loi78,LOI 78,sur_place,sur place,SENDINBLUE,SENDINBLUE,PARIS,75,75,FR,,commerce,commerce,Commerce,068c80f5__OpenCnil_liste_controles_2017.csv,44,annee_source_absente|pays_deduit
2017-f4028b89-1,2017,loi78,LOI 78,sur_audition,sur audition,NO EGGS,NO EGGS,PARIS,75,75,FR,,commerce,commerce,Commerce,068c80f5__OpenCnil_liste_controles_2017.csv,45,annee_source_absente|pays_deduit
2017-5b2311b3-1,2017,loi78,LOI 78,sur_place,sur place,CADEAUX NAISSANCE,CADEAUX NAISSANCE,COLOMBES,92,92,FR,,commerce,commerce,Commerce,068c80f5__OpenCnil_liste_controles_2017.csv,46,annee_source_absente|pays_deduit
2017-7482ebe2-1,2017,loi78,LOI 78,sur_place,sur place,COMMUNE DE BERNAY,COMMUNE DE BERNAY,BERNAY,21,21,FR,,collectivites_territoriales,collectivites_territoriales,Collectivités locales,068c80f5__OpenCnil_liste_controles_2017.csv,47,annee_source_absente|pays_deduit
2017-0aa07bd1-1,2017,loi78,LOI 78,sur_place,sur place,CROIX ROUGE FRANCAISE,CROIX ROUGE FRANCAISE,PARIS,75,75,FR,,sante_social,sante_social,Santé/social,068c80f5__OpenCnil_liste_controles_2017.csv,48,annee_source_absente|pays_deduit
2017-98bae435-1,2017,loi78,LOI 78,sur_place,sur place,ITM LOGISTIQUE ALIMENTAIRE INTERNATIONAL,ITM LOGISTIQUE ALIMENTAIRE INTERNATIONAL,CHAULNES,80,80,FR,,commerce,commerce,Commerce,068c80f5__OpenCnil_liste_controles_2017.csv,49,annee_source_absente|pays_deduit
2017-fd49621b-1,2017,loi78,LOI 78,sur_place,sur place,GROUPE ATOS,GROUPE ATOS,BEZONS,95,95,FR,,commerce,commerce,Commerce,068c80f5__OpenCnil_liste_controles_2017.csv,50,annee_source_absente|pays_deduit
2017-7eb631a0-1,2017,loi78,LOI 78,sur_place,sur place,CAISSE PRIMAIRE D'ASSURANCE MALADIE (CPAM) DE LA MANCHE,CAISSE PRIMAIRE D ASSURANCE MALADIE CPAM DE LA MANCHE,SAINT-LO,50,50,FR,,sante_social,sante_social,Santé/social,068c80f5__OpenCnil_liste_controles_2017.csv,51,annee_source_absente|pays_deduit
2017-13396dd5-1,2017,loi78,LOI 78,sur_pieces,sur pièces,MY FRIEND CAYLA (société TOYQUEST LIMITED),MY FRIEND CAYLA SOCIETE TOYQUEST LIMITED,PARIS,75,75,FR,,commerce,commerce,Commerce,068c80f5__OpenCnil_liste_controles_2017.csv,52,annee_source_absente|pays_deduit
2017-d61048e0-1,2017,loi78,LOI 78,sur_place,sur place,MINISTERE DE L'INTERIEUR - SERVICE DE L'ASILE (DGEF),MINISTERE DE L INTERIEUR SERVICE DE L ASILE DGEF,PARIS,75,75,FR,,police_justice_securite,etat_regalien,Police/justice/sécurité,068c80f5__OpenCnil_liste_controles_2017.csv,53,annee_source_absente|organisme_multiligne|pays_deduit
2017-d61048e0-2,2017,loi78,LOI 78,sur_place,sur place,MINISTERE DE L'INTERIEUR - SERVICE DE L'ASILE (DGEF),MINISTERE DE L INTERIEUR SERVICE DE L ASILE DGEF,PARIS,75,75,FR,,police_justice_securite,etat_regalien,Police/justice/sécurité,068c80f5__OpenCnil_liste_controles_2017.csv,56,annee_source_absente|organisme_multiligne|pays_deduit|ligne_dupliquee
2017-92782120-1,2017,loi78,LOI 78,sur_place,sur place,WEB EDITIONS,WEB EDITIONS,PARIS,75,75,FR,,commerce,commerce,Commerce,068c80f5__OpenCnil_liste_controles_2017.csv,59,annee_source_absente|pays_deduit
2017-186e9ba3-1,2017,loi78,LOI 78,sur_place,sur place,PROSERVIA,PROSERVIA,CARQUEFOU,44,44,FR,,commerce,commerce,Commerce,068c80f5__OpenCnil_liste_controles_2017.csv,60,annee_source_absente|pays_deduit
2017-20cca4d6-1,2017,loi78,LOI 78,sur_place,sur place,TRANSOPCO FRANCE,TRANSOPCO FRANCE,PARIS,75,75,FR,,commerce,commerce,Commerce,068c80f5__OpenCnil_liste_controles_2017.csv,61,annee_source_absente|pays_deduit
2017-58e985c5-1,2017,loi78,LOI 78,sur_place,sur place,VOXTUR,VOXTUR,PARIS,75,75,FR,,commerce,commerce,Commerce,068c80f5__OpenCnil_liste_controles_2017.csv,62,annee_source_absente|pays_deduit
2017-5111f2d7-1,2017,loi78,LOI 78,sur_place,sur place,CONSEIL DEPARTEMENTAL DE GIRONDE,CONSEIL DEPARTEMENTAL DE GIRONDE,BORDEAUX,33,33,FR,,collectivites_territoriales,collectivites_territoriales,Collectivités locales,068c80f5__OpenCnil_liste_controles_2017.csv,63,annee_source_absente|pays_deduit
2017-76687076-1,2017,loi78,LOI 78,sur_place,sur place,LABORATOIRES STANDA,LABORATOIRES STANDA,CAEN,14,14,FR,,commerce,commerce,Commerce,068c80f5__OpenCnil_liste_controles_2017.csv,64,annee_source_absente|pays_deduit
2017-5e78d246-1,2017,loi78,LOI 78,sur_place,sur place,CODECHAMP,CODECHAMP,CHAMPAGNAT,23,23,FR,,commerce,commerce,Commerce,068c80f5__OpenCnil_liste_controles_2017.csv,65,annee_source_absente|pays_deduit
2017-c9705fb9-1,2017,loi78,LOI 78,sur_place,sur place,THOM ET THOM EUROPE,THOM ET THOM EUROPE,PARIS,75,75,FR,,commerce,commerce,Commerce,068c80f5__OpenCnil_liste_controles_2017.csv,66,annee_source_absente|pays_deduit
2017-fc6b17c9-1,2017,loi78,LOI 78,sur_place,sur place,GROUPE BRANDT,GROUPE BRANDT,RUEIL-MALMAISON,92,92,FR,,commerce,commerce,Commerce,068c80f5__OpenCnil_liste_controles_2017.csv,67,annee_source_absente|pays_deduit
2017-21fe624d-1,2017,loi78,LOI 78,sur_place,sur place,COMETE INFORMATIQUE,COMETE INFORMATIQUE,BRUZ,35,35,FR,,commerce,commerce,Commerce,068c80f5__OpenCnil_liste_controles_2017.csv,68,annee_source_absente|pays_deduit
2017-4a1d704e-1,2017,loi78,LOI 78,sur_place,sur place,"MYBESTPRO (le domaine ""wengo.fr"")",MYBESTPRO LE DOMAINE WENGO FR,PARIS,75,75,FR,,commerce,commerce,Commerce,068c80f5__OpenCnil_liste_controles_2017.csv,69,annee_source_absente|pays_deduit
2017-4c87b6b7-1,2017,loi78,LOI 78,sur_place,sur place,TRAITEMENTS DARTY,TRAITEMENTS DARTY,BAGNOLET,93,93,FR,,commerce,commerce,Commerce,068c80f5__OpenCnil_liste_controles_2017.csv,70,annee_source_absente|pays_deduit
2017-925a7860-1,2017,loi78,LOI 78,sur_place,sur place,CONRAD,CONRAD,LOMME,59,59,FR,,commerce,commerce,Commerce,068c80f5__OpenCnil_liste_controles_2017.csv,71,annee_source_absente|pays_deduit
2017-39cd5fa5-1,2017,loi78,LOI 78,sur_place,sur place,CONFORAMA,CONFORAMA,LOGNES,77,77,FR,,commerce,commerce,Commerce,068c80f5__OpenCnil_liste_controles_2017.csv,72,annee_source_absente|pays_deduit
2017-1c3b58c7-1,2017,loi78,LOI 78,sur_place,sur place,INSTITUT NATIONAL POLYTECHNIQUE DE TOULOUSE,INSTITUT NATIONAL POLYTECHNIQUE DE TOULOUSE,TOULOUSE,31,31,FR,,education_culture_sport,education_culture_sport,Education/culture/sport,068c80f5__OpenCnil_liste_controles_2017.csv,73,annee_source_absente|pays_deduit
2017-1c3b58c7-2,2017,loi78,LOI 78,sur_place,sur place,INSTITUT NATIONAL POLYTECHNIQUE DE TOULOUSE,INSTITUT NATIONAL POLYTECHNIQUE DE TOULOUSE,TOULOUSE,31,31,FR,,education_culture_sport,education_culture_sport,Education/culture/sport,068c80f5__OpenCnil_liste_controles_2017.csv,74,annee_source_absente|pays_deduit|ligne_dupliquee
2017-7142e2e3-1,2017,loi78,LOI 78,sur_place,sur place,CHAMBRE DE COMMERCE ET D'INDUSTRIE DES DEUX-SEVRES,CHAMBRE DE COMMERCE ET D INDUSTRIE DES DEUX SEVRES,NIORT,79,79,FR,,commerce,commerce,Commerce,068c80f5__OpenCnil_liste_controles_2017.csv,75,annee_source_absente|pays_deduit
2017-1211df03-1,2017,loi78,LOI 78,sur_place,sur place,COMMISSARIAT DE POLICE DE MULHOUSE,COMMISSARIAT DE POLICE DE MULHOUSE,MULHOUSE,68,68,FR,,police_justice_securite,etat_regalien,Police/justice/sécurité,068c80f5__OpenCnil_liste_controles_2017.csv,76,annee_source_absente|pays_deduit
2017-9c8012a5-1,2017,loi78,LOI 78,sur_place,sur place,PRESTALEADS,PRESTALEADS,PARIS,75,75,FR,,commerce,commerce,Commerce,068c80f5__OpenCnil_liste_controles_2017.csv,77,annee_source_absente|pays_deduit
2017-a95922f0-1,2017,loi78,LOI 78,sur_place,sur place,BANQUE POPULAIRE RIVES DE PARIS,BANQUE POPULAIRE RIVES DE PARIS,PARIS,75,75,FR,,banque,banque,Banques,068c80f5__OpenCnil_liste_controles_2017.csv,78,annee_source_absente|pays_deduit
2017-854809cc-1,2017,loi78,LOI 78,sur_place,sur place,VU LOG,VU LOG,NICE,06,6,FR,,transports,transports,Transport,068c80f5__OpenCnil_liste_controles_2017.csv,79,annee_source_absente|departement_corrige|pays_deduit
2017-8c9362f4-1,2017,loi78,LOI 78,sur_place,sur place,VENAP,VENAP,NICE,06,6,FR,,commerce,commerce,Commerce,068c80f5__OpenCnil_liste_controles_2017.csv,80,annee_source_absente|departement_corrige|pays_deduit
2017-b0f1de95-1,2017,loi78,LOI 78,sur_place,sur place,CAISSE PRIMAIRE D'ASSURANCE MALADIE DE SAONE ET LOIRE (CPAM),CAISSE PRIMAIRE D ASSURANCE MALADIE DE SAONE ET LOIRE CPAM,MACON,71,71,FR,,sante_social,sante_social,Santé/social,068c80f5__OpenCnil_liste_controles_2017.csv,81,annee_source_absente|pays_deduit
2017-023ef28c-1,2017,loi78,LOI 78,sur_place,sur place,DIRECTION ZONALE DE POLICE AUX FRONTIERES,DIRECTION ZONALE DE POLICE AUX FRONTIERES,LYON,69,69,FR,,police_justice_securite,etat_regalien,Police/justice/sécurité,068c80f5__OpenCnil_liste_controles_2017.csv,82,annee_source_absente|pays_deduit
2017-2721b848-1,2017,loi78,LOI 78,sur_place,sur place,SNCF,SNCF,LYON,69,69,FR,,police_justice_securite,etat_regalien,Police/justice/sécurité,068c80f5__OpenCnil_liste_controles_2017.csv,83,annee_source_absente|pays_deduit
2017-1de32ab7-1,2017,loi78,LOI 78,sur_place,sur place,LOTOMATE,LOTOMATE,PARIS,75,75,FR,,commerce,commerce,Commerce,068c80f5__OpenCnil_liste_controles_2017.csv,84,annee_source_absente|pays_deduit
2017-3f808558-1,2017,loi78,LOI 78,sur_place,sur place,MICROMANIA GROUP,MICROMANIA GROUP,VALBONNE,06,6,FR,,commerce,commerce,Commerce,068c80f5__OpenCnil_liste_controles_2017.csv,85,annee_source_absente|departement_corrige|pays_deduit
2017-16e20002-1,2017,loi78,LOI 78,sur_place,sur place,PHARMACIE INTERNATIONALE SOUSSAN,PHARMACIE INTERNATIONALE SOUSSAN,BEAULIEU-SUR-MER,06,6,FR,,sante_social,sante_social,Santé/social,068c80f5__OpenCnil_liste_controles_2017.csv,86,annee_source_absente|departement_corrige|pays_deduit
2017-739329d1-1,2017,loi78,LOI 78,sur_place,sur place,PUMPKIN SAS,PUMPKIN SAS,LILLE,59,59,FR,,commerce,commerce,Commerce,068c80f5__OpenCnil_liste_controles_2017.csv,87,annee_source_absente|pays_deduit
2017-fa591383-1,2017,loi78,LOI 78,sur_place,sur place,CLIC AND WALK,CLIC AND WALK,ROUBAIX,59,59,FR,,commerce,commerce,Commerce,068c80f5__OpenCnil_liste_controles_2017.csv,88,annee_source_absente|pays_deduit
2017-b261dd73-1,2017,loi78,LOI 78,sur_place,sur place,ETABLISSEMENTS DARTY & FILS,ETABLISSEMENTS DARTY FILS,BAGNOLET,93,93,FR,,commerce,commerce,Commerce,068c80f5__OpenCnil_liste_controles_2017.csv,89,annee_source_absente|pays_deduit
2017-b261dd73-2,2017,loi78,LOI 78,sur_place,sur place,ETABLISSEMENTS DARTY & FILS,ETABLISSEMENTS DARTY FILS,BAGNOLET,93,93,FR,,commerce,commerce,Commerce,068c80f5__OpenCnil_liste_controles_2017.csv,90,annee_source_absente|pays_deduit|ligne_dupliquee
2017-7fe439e0-1,2017,loi78,LOI 78,sur_place,sur place,SOCIETE REHALTO,SOCIETE REHALTO,LA GARENNE-COLOMBES,92,92,FR,,sante_social,sante_social,Santé/social,068c80f5__OpenCnil_liste_controles_2017.csv,91,annee_source_absente|pays_deduit
2017-7fe439e0-2,2017,loi78,LOI 78,sur_place,sur place,SOCIETE REHALTO,SOCIETE REHALTO,LA GARENNE-COLOMBES,92,92,FR,,sante_social,sante_social,Santé/social,068c80f5__OpenCnil_liste_controles_2017.csv,92,annee_source_absente|pays_deduit|ligne_dupliquee
2017-a04b76f8-1,2017,loi78,LOI 78,sur_place,sur place,FNAC ET FNAC DIRECT,FNAC ET FNAC DIRECT,IVRY-SUR-SEINE,94,94,FR,,commerce,commerce,Commerce,068c80f5__OpenCnil_liste_controles_2017.csv,93,annee_source_absente|pays_deduit
2017-a04b76f8-2,2017,loi78,LOI 78,sur_place,sur place,FNAC ET FNAC DIRECT,FNAC ET FNAC DIRECT,IVRY-SUR-SEINE,94,94,FR,,commerce,commerce,Commerce,068c80f5__OpenCnil_liste_controles_2017.csv,94,annee_source_absente|pays_deduit|ligne_dupliquee
2017-2fd9b21e-1,2017,loi78,LOI 78,sur_place,sur place,BRASSERIE BAVARIA,BRASSERIE BAVARIA,MAREIL-MARLY,78,78,FR,,commerce,commerce,Commerce,068c80f5__OpenCnil_liste_controles_2017.csv,95,annee_source_absente|pays_deduit
2017-992e76a1-1,2017,loi78,LOI 78,sur_place,sur place,SOCIETES LENOVA & BLUE RADAR,SOCIETES LENOVA BLUE RADAR,NIORT,79,79,FR,,commerce,commerce,Commerce,068c80f5__OpenCnil_liste_controles_2017.csv,96,annee_source_absente|pays_deduit
2017-335b7723-1,2017,loi78,LOI 78,sur_place,sur place,BRICOMAN,BRICOMAN,PARIS,75,75,FR,,commerce,commerce,Commerce,068c80f5__OpenCnil_liste_controles_2017.csv,97,annee_source_absente|pays_deduit
2017-f35ae6a8-1,2017,loi78,LOI 78,sur_place,sur place,KELDOC,KELDOC,PARIS,75,75,FR,,sante_social,sante_social,Santé/social,068c80f5__OpenCnil_liste_controles_2017.csv,98,annee_source_absente|pays_deduit
2017-0c16fc5f-1,2017,loi78,LOI 78,sur_place,sur place,SIAO 38 (SERVICE INTEGRE D'ACCUEIL ET D'ORIENTATION),SIAO 38 SERVICE INTEGRE D ACCUEIL ET D ORIENTATION,ECHIROLLES,38,38,FR,,sante_social,sante_social,Santé/social,068c80f5__OpenCnil_liste_controles_2017.csv,99,annee_source_absente|pays_deduit
2017-1fdc481a-1,2017,loi78,LOI 78,sur_place,sur place,PRECIS MECANIC,PRECIS MECANIC,SASSENAGE,38,38,FR,,commerce,commerce,Commerce,068c80f5__OpenCnil_liste_controles_2017.csv,100,annee_source_absente|pays_deduit
2017-77112799-1,2017,loi78,LOI 78,sur_place,sur place,FILAE,FILAE,PARIS,75,75,FR,,collectivites_territoriales,collectivites_territoriales,Collectivités locales,068c80f5__OpenCnil_liste_controles_2017.csv,101,annee_source_absente|pays_deduit
2017-5db9e845-1,2017,loi78,LOI 78,sur_place,sur place,TGI DE PARIS - BUREAU DE L'AIDE JURIDICTIONNELLE,TGI DE PARIS BUREAU DE L AIDE JURIDICTIONNELLE,PARIS,75,75,FR,,police_justice_securite,etat_regalien,Police/justice/sécurité,068c80f5__OpenCnil_liste_controles_2017.csv,102,annee_source_absente|organisme_multiligne|pays_deduit
2017-aa5d76f9-1,2017,loi78,LOI 78,sur_place,sur place,TGI D'AVIGNON - BUREAU DE L'AIDE JURIDICTIONNELLE,TGI D AVIGNON BUREAU DE L AIDE JURIDICTIONNELLE,AVIGNON,84,84,FR,,police_justice_securite,etat_regalien,Police/justice/sécurité,068c80f5__OpenCnil_liste_controles_2017.csv,104,annee_source_absente|organisme_multiligne|pays_deduit
2017-1ba4e3e7-1,2017,loi78,LOI 78,sur_place,sur place,TGI DE TARASCON - BUREAU DE L'AIDE JURIDICTIONNELLE,TGI DE TARASCON BUREAU DE L AIDE JURIDICTIONNELLE,TARASCON,13,13,FR,,police_justice_securite,etat_regalien,Police/justice/sécurité,068c80f5__OpenCnil_liste_controles_2017.csv,106,annee_source_absente|organisme_multiligne|pays_deduit
2017-6cb7285d-1,2017,loi78,LOI 78,sur_place,sur place,TGI DE MULHOUSE - BUREAU DE L'AIDE JURIDICTIONNELLE,TGI DE MULHOUSE BUREAU DE L AIDE JURIDICTIONNELLE,MULHOUSE,68,68,FR,,police_justice_securite,etat_regalien,Police/justice/sécurité,068c80f5__OpenCnil_liste_controles_2017.csv,108,annee_source_absente|organisme_multiligne|pays_deduit
2017-ca4db11d-1,2017,loi78,LOI 78,sur_pieces,sur pièces,ORDRE DES AVOCATS AU BARREAU DE MULHOUSE -,ORDRE DES AVOCATS AU BARREAU DE MULHOUSE,MULHOUSE,68,68,FR,,police_justice_securite,etat_regalien,Police/justice/sécurité,068c80f5__OpenCnil_liste_controles_2017.csv,110,annee_source_absente|pays_deduit
2017-a2ffe6d9-1,2017,loi78,LOI 78,sur_place,sur place,FRICHTI SAS,FRICHTI SAS,NEUILLY-SUR-SEINE,92,92,FR,,commerce,commerce,Commerce,068c80f5__OpenCnil_liste_controles_2017.csv,111,annee_source_absente|pays_deduit
2017-ed556bac-1,2017,loi78,LOI 78,sur_place,sur place,BVA,BVA,BOULOGNE-BILLANCOURT,92,92,FR,,commerce,commerce,Commerce,068c80f5__OpenCnil_liste_controles_2017.csv,112,annee_source_absente|pays_deduit
2017-88f9f3bf-1,2017,loi78,LOI 78,sur_place,sur place,DELIVEROO FRANCE,DELIVEROO FRANCE,PARIS,75,75,FR,,commerce,commerce,Commerce,068c80f5__OpenCnil_liste_controles_2017.csv,113,annee_source_absente|pays_deduit
2017-88f9f3bf-2,2017,loi78,LOI 78,sur_place,sur place,DELIVEROO FRANCE,DELIVEROO FRANCE,PARIS,75,75,FR,,commerce,commerce,Commerce,068c80f5__OpenCnil_liste_controles_2017.csv,114,annee_source_absente|pays_deduit|ligne_dupliquee
2017-9406c227-1,2017,loi78,LOI 78,sur_place,sur place,DATABERRIES,DATABERRIES,PARIS,75,75,FR,,commerce,commerce,Commerce,068c80f5__OpenCnil_liste_controles_2017.csv,115,annee_source_absente|pays_deduit
2017-6d3226ab-1,2017,loi78,LOI 78,sur_place,sur place,COMMUNE DU 18ème ARRONDISSEMENT DE PARIS,COMMUNE DU 18EME ARRONDISSEMENT DE PARIS,PARIS,75,75,FR,,sante_social,sante_social,Santé/social,068c80f5__OpenCnil_liste_controles_2017.csv,116,annee_source_absente|pays_deduit
2017-8a1b40a0-1,2017,loi78,LOI 78,sur_place,sur place,FOODORA FRANCE,FOODORA FRANCE,PARIS,75,75,FR,,commerce,commerce,Commerce,068c80f5__OpenCnil_liste_controles_2017.csv,117,annee_source_absente|pays_deduit
2017-8a1b40a0-2,2017,loi78,LOI 78,sur_place,sur place,FOODORA FRANCE,FOODORA FRANCE,PARIS,75,75,FR,,commerce,commerce,Commerce,068c80f5__OpenCnil_liste_controles_2017.csv,118,annee_source_absente|pays_deduit|ligne_dupliquee
2017-7e67c6fc-1,2017,loi78,LOI 78,sur_place,sur place,ADP GSI FRANCE,ADP GSI FRANCE,NANTERRE,92,92,FR,,sante_social,sante_social,Santé/social,068c80f5__OpenCnil_liste_controles_2017.csv,119,annee_source_absente|pays_deduit
2017-26b6d7e5-1,2017,loi78,LOI 78,sur_place,sur place,OB INTERACTIVE,OB INTERACTIVE,PARIS,75,75,FR,,commerce,commerce,Commerce,068c80f5__OpenCnil_liste_controles_2017.csv,120,annee_source_absente|pays_deduit
2017-4cf0e77e-1,2017,loi78,LOI 78,sur_place,sur place,GROUPE AG2R LA MONDIALE,GROUPE AG2R LA MONDIALE,PARIS,75,75,FR,,commerce,commerce,Commerce,068c80f5__OpenCnil_liste_controles_2017.csv,121,annee_source_absente|pays_deduit
2017-69ba9d8c-1,2017,loi78,LOI 78,sur_place,sur place,GROUPE AG2R LA MONDIALE,GROUPE AG2R LA MONDIALE,LEVALLOIS-PERRET,92,92,FR,,commerce,commerce,Commerce,068c80f5__OpenCnil_liste_controles_2017.csv,122,annee_source_absente|pays_deduit
2017-fc74f441-1,2017,loi78,LOI 78,sur_place,sur place,COMMUNE DE BOULOGNE-BILLANCOURT,COMMUNE DE BOULOGNE BILLANCOURT,BOULOGNE-BILLANCOURT,92,92,FR,,sante_social,sante_social,Santé/social,068c80f5__OpenCnil_liste_controles_2017.csv,123,annee_source_absente|pays_deduit
2017-f6698b44-1,2017,loi78,LOI 78,sur_place,sur place,LEPETITJOURNAL.COM SARL,LEPETITJOURNAL COM SARL,PARIS,75,75,FR,,commerce,commerce,Commerce,068c80f5__OpenCnil_liste_controles_2017.csv,124,annee_source_absente|pays_deduit
2017-49d3dcea-1,2017,loi78,LOI 78,sur_place,sur place,MINISTERE DE LA JUSTICE - BUREAU DE LA NATIONALITE (DACS),MINISTERE DE LA JUSTICE BUREAU DE LA NATIONALITE DACS,PARIS,75,75,FR,,police_justice_securite,etat_regalien,Police/justice/sécurité,068c80f5__OpenCnil_liste_controles_2017.csv,125,annee_source_absente|pays_deduit
2017-e28d63b2-1,2017,loi78,LOI 78,sur_place,sur place,MAIRIE DU 1ER ARRONDISSEMENT DE PARIS,MAIRIE DU 1ER ARRONDISSEMENT DE PARIS,PARIS,75,75,FR,,sante_social,sante_social,Santé/social,068c80f5__OpenCnil_liste_controles_2017.csv,126,annee_source_absente|pays_deduit
2017-307a50a6-1,2017,loi78,LOI 78,sur_place,sur place,NETATMO,NETATMO,BOULOGNE-BILLANCOURT,92,92,FR,,commerce,commerce,Commerce,068c80f5__OpenCnil_liste_controles_2017.csv,127,annee_source_absente|pays_deduit
2017-1e39c668-1,2017,loi78,LOI 78,sur_place,sur place,LYDIA SOLUTIONS SAS,LYDIA SOLUTIONS SAS,PARIS,75,75,FR,,commerce,commerce,Commerce,068c80f5__OpenCnil_liste_controles_2017.csv,128,annee_source_absente|pays_deduit
2017-0210af71-1,2017,loi78,LOI 78,sur_place,sur place,MOBEYE,MOBEYE,PARIS,75,75,FR,,commerce,commerce,Commerce,068c80f5__OpenCnil_liste_controles_2017.csv,129,annee_source_absente|pays_deduit
2017-79b2dcf9-1,2017,loi78,LOI 78,sur_place,sur place,BEMYEYE FRANCE,BEMYEYE FRANCE,PARIS,75,75,FR,,economie,autres,Economie,068c80f5__OpenCnil_liste_controles_2017.csv,130,annee_source_absente|pays_deduit
2017-6f96251b-1,2017,loi78,LOI 78,sur_audition,sur audition,moncontrôletechniqueauto.fr,MONCONTROLETECHNIQUEAUTO FR,PARIS,75,75,FR,,commerce,commerce,Commerce,068c80f5__OpenCnil_liste_controles_2017.csv,131,annee_source_absente|pays_deduit
2017-749c2e8d-1,2017,loi78,LOI 78,sur_place,sur place,COMMUNE DE MONTREUIL,COMMUNE DE MONTREUIL,MONTREUIL,93,93,FR,,sante_social,sante_social,Santé/social,068c80f5__OpenCnil_liste_controles_2017.csv,132,annee_source_absente|pays_deduit
2017-d535c989-1,2017,loi78,LOI 78,sur_place,sur place,DSA,DSA,MASSY,91,91,FR,,commerce,commerce,Commerce,068c80f5__OpenCnil_liste_controles_2017.csv,133,annee_source_absente|pays_deduit
2017-6ea6ff3e-1,2017,loi78,LOI 78,sur_place,sur place,AIR FRANCE,AIR FRANCE,PARIS,75,75,FR,,police_justice_securite,etat_regalien,Police/justice/sécurité,068c80f5__OpenCnil_liste_controles_2017.csv,134,annee_source_absente|pays_deduit
2017-020efff7-1,2017,loi78,LOI 78,sur_place,sur place,IUT DE SCEAUX,IUT DE SCEAUX,SCEAUX,92,92,FR,,education_culture_sport,education_culture_sport,Education/culture/sport,068c80f5__OpenCnil_liste_controles_2017.csv,135,annee_source_absente|pays_deduit
2017-77785a6b-1,2017,loi78,LOI 78,sur_place,sur place,BOSE,BOSE,SAINT-GERMAIN-EN-LAYE,78,78,FR,,commerce,commerce,Commerce,068c80f5__OpenCnil_liste_controles_2017.csv,136,annee_source_absente|pays_deduit
2017-9dc69f8d-1,2017,loi78,LOI 78,sur_place,sur place,LYCEE POLYVALENT DIDEROT,LYCEE POLYVALENT DIDEROT,PARIS,75,75,FR,,education_culture_sport,education_culture_sport,Education/culture/sport,068c80f5__OpenCnil_liste_controles_2017.csv,137,annee_source_absente|pays_deduit
2017-1ae6e2d9-1,2017,loi78,LOI 78,sur_place,sur place,PREFECTURE DE LOIRE ATLANTIQUE,PREFECTURE DE LOIRE ATLANTIQUE,NANTES,44,44,FR,,collectivites_territoriales,collectivites_territoriales,Collectivités locales,068c80f5__OpenCnil_liste_controles_2017.csv,138,annee_source_absente|pays_deduit
2017-37492bc4-1,2017,loi78,LOI 78,sur_place,sur place,ARCHIVES DEPARTEMENTALES DE L'ISERE,ARCHIVES DEPARTEMENTALES DE L ISERE,GRENOBLE,38,38,FR,,collectivites_territoriales,collectivites_territoriales,Collectivités locales,068c80f5__OpenCnil_liste_controles_2017.csv,139,annee_source_absente|pays_deduit
2017-e6e5f98a-1,2017,loi78,LOI 78,sur_place,sur place,OSCARO.COM,OSCARO COM,PARIS,75,75,FR,,commerce,commerce,Commerce,068c80f5__OpenCnil_liste_controles_2017.csv,140,annee_source_absente|pays_deduit
2017-4dd4af2a-1,2017,loi78,LOI 78,sur_place,sur place,MISSION LOCALE ISERE RHODANIENNE,MISSION LOCALE ISERE RHODANIENNE,VIENNE,38,38,FR,,sante_social,sante_social,Santé/social,068c80f5__OpenCnil_liste_controles_2017.csv,141,annee_source_absente|pays_deduit
2017-0fa17187-1,2017,loi78,LOI 78,sur_pieces,sur pièces,FRANCE TELEVISIONS,FRANCE TELEVISIONS,PARIS,75,75,FR,,commerce,commerce,Commerce,068c80f5__OpenCnil_liste_controles_2017.csv,142,annee_source_absente|pays_deduit
2017-d6be27d4-1,2017,loi78,LOI 78,sur_place,sur place,ECODAIR,ECODAIR,PARIS,75,75,FR,,commerce,commerce,Commerce,068c80f5__OpenCnil_liste_controles_2017.csv,143,annee_source_absente|pays_deduit
2017-dc323883-1,2017,loi78,LOI 78,sur_place,sur place,INFORMATIQUE BANQUES POPULAIRES,INFORMATIQUE BANQUES POPULAIRES,MONTIGNY-LE-BRETONNEUX,78,78,FR,,banque,banque,Banques,068c80f5__OpenCnil_liste_controles_2017.csv,144,annee_source_absente|pays_deduit
2017-e6568d9a-1,2017,loi78,LOI 78,sur_place,sur place,TREND-CORNER.COM,TREND CORNER COM,BAGNOLET,93,93,FR,,commerce,commerce,Commerce,068c80f5__OpenCnil_liste_controles_2017.csv,145,annee_source_absente|pays_deduit
2017-05850132-1,2017,loi78,LOI 78,sur_place,sur place,LEGISLATIVES-CITOYENNES.FR,LEGISLATIVES CITOYENNES FR,PARIS,75,75,FR,,education_culture_sport,education_culture_sport,Education/culture/sport,068c80f5__OpenCnil_liste_controles_2017.csv,146,annee_source_absente|pays_deduit
2017-73b0efae-1,2017,loi78,LOI 78,sur_place,sur place,AIGLE AZUR,AIGLE AZUR,TREMBLAY EN France,93,93,FR,,transports,transports,Transport,068c80f5__OpenCnil_liste_controles_2017.csv,147,annee_source_absente|pays_deduit
2017-69ac7120-1,2017,loi78,LOI 78,sur_place,sur place,CHINA SOUTHERN AIRLINES LIMITED,CHINA SOUTHERN AIRLINES LIMITED,PARIS,75,75,FR,,police_justice_securite,etat_regalien,Police/justice/sécurité,068c80f5__OpenCnil_liste_controles_2017.csv,148,annee_source_absente|pays_deduit
2017-dd5f70e8-1,2017,loi78,LOI 78,sur_place,sur place,FDSEA51.FR,FDSEA51 FR,REIMS,51,51,FR,,commerce,commerce,Commerce,068c80f5__OpenCnil_liste_controles_2017.csv,149,annee_source_absente|pays_deduit
2017-357da827-1,2017,loi78,LOI 78,sur_place,sur place,ADEF,ADEF,IVRY-SUR-SEINE,94,94,FR,,immobilier,immobilier,Immobilier,068c80f5__OpenCnil_liste_controles_2017.csv,150,annee_source_absente|pays_deduit
2017-06ce8dc3-1,2017,loi78,LOI 78,sur_place,sur place,IMPRIMERIE DE COMPIEGNE,IMPRIMERIE DE COMPIEGNE,COMPIEGNE,60,60,FR,,commerce,commerce,Commerce,068c80f5__OpenCnil_liste_controles_2017.csv,151,annee_source_absente|pays_deduit
2017-92458fb3-1,2017,loi78,LOI 78,sur_place,sur place,DIRECTION DEPARTEMENTALE DE LA COHESION SOCIALE DE L'ISERE,DIRECTION DEPARTEMENTALE DE LA COHESION SOCIALE DE L ISERE,GRENOBLE,38,38,FR,,sante_social,sante_social,Santé/social,068c80f5__OpenCnil_liste_controles_2017.csv,152,annee_source_absente|pays_deduit
2017-8a538834-1,2017,loi78,LOI 78,sur_place,sur place,XL AIRWAYS FRANCE,XL AIRWAYS FRANCE,TREMBLAY EN FRANCE,93,93,FR,,transports,transports,Transport,068c80f5__OpenCnil_liste_controles_2017.csv,153,annee_source_absente|pays_deduit
2017-601f5b7e-1,2017,loi78,LOI 78,sur_place,sur place,BIBLIOTHEQUE RAOUL MILLE,BIBLIOTHEQUE RAOUL MILLE,NICE,06,6,FR,,education_culture_sport,education_culture_sport,Education/culture/sport,068c80f5__OpenCnil_liste_controles_2017.csv,154,annee_source_absente|departement_corrige|pays_deduit
2017-e7bc3817-1,2017,loi78,LOI 78,sur_place,sur place,COCOLIS,COCOLIS,PARIS,75,75,FR,,commerce,commerce,Commerce,068c80f5__OpenCnil_liste_controles_2017.csv,155,annee_source_absente|pays_deduit
2017-6062f277-1,2017,loi78,LOI 78,sur_place,sur place,PRO.ARCHIVES SYSTEMES,PRO ARCHIVES SYSTEMES,REIMS,51,51,FR,,commerce,commerce,Commerce,068c80f5__OpenCnil_liste_controles_2017.csv,156,annee_source_absente|pays_deduit
2017-b4505125-1,2017,loi78,LOI 78,sur_place,sur place,SOLUCIA PROTECTION JURIDIQUE,SOLUCIA PROTECTION JURIDIQUE,PARIS,75,75,FR,,assurance,assurance,Assurances,068c80f5__OpenCnil_liste_controles_2017.csv,157,annee_source_absente|pays_deduit
2017-6cba7029-1,2017,loi78,LOI 78,sur_place,sur place,TRANSAVIA FRANCE,TRANSAVIA FRANCE,PARAY-VIEILLE-POSTE,91,91,FR,,transports,transports,Transport,068c80f5__OpenCnil_liste_controles_2017.csv,158,annee_source_absente|pays_deduit
2017-704e4e24-1,2017,loi78,LOI 78,sur_place,sur place,ASSOCIATION DEPARTEMENTALE D'AIDE AUX VICTIMES ET DE MEDIATION DES LANDES (ADAVEM JP 40),ASSOCIATION DEPARTEMENTALE D AIDE AUX VICTIMES ET DE MEDIATION DES LANDES ADAVEM JP 40,MONT-DE-MARSAN,40,40,FR,,sante_social,sante_social,Santé/social,068c80f5__OpenCnil_liste_controles_2017.csv,159,annee_source_absente|organisme_multiligne|pays_deduit
2017-2c1b91e8-1,2017,loi78,LOI 78,sur_place,sur place,SOCIETE DOMIAL,SOCIETE DOMIAL,COLMAR,68,68,FR,,commerce,commerce,Commerce,068c80f5__OpenCnil_liste_controles_2017.csv,161,annee_source_absente|pays_deduit
2017-b7ed0664-1,2017,loi78,LOI 78,sur_place,sur place,DOMIAL,DOMIAL,COLMAR,68,68,FR,,immobilier,immobilier,Immobilier,068c80f5__OpenCnil_liste_controles_2017.csv,162,annee_source_absente|pays_deduit
2017-5cb3a0c6-1,2017,loi78,LOI 78,sur_place,sur place,E. MESSAGE WIRELESS INFORMATION SERVICES FRANCE,E MESSAGE WIRELESS INFORMATION SERVICES FRANCE,LE CHENAY,78,78,FR,,police_justice_securite,etat_regalien,Police/justice/sécurité,068c80f5__OpenCnil_liste_controles_2017.csv,163,annee_source_absente|pays_deduit
2017-bc717c96-1,2017,loi78,LOI 78,sur_place,sur place,MAAF (AGENCE),MAAF AGENCE,LYON,69,69,FR,,assurance,assurance,Assurances,068c80f5__OpenCnil_liste_controles_2017.csv,164,annee_source_absente|pays_deduit
2017-bc717c96-2,2017,loi78,LOI 78,sur_place,sur place,MAAF (AGENCE),MAAF AGENCE,LYON,69,69,FR,,assurance,assurance,Assurances,068c80f5__OpenCnil_liste_controles_2017.csv,165,annee_source_absente|pays_deduit|ligne_dupliquee
2017-42a041f6-1,2017,loi78,LOI 78,sur_place,sur place,AISH,AISH,SAINT-MARTIN-LE-VINOUX,38,38,FR,,commerce,commerce,Commerce,068c80f5__OpenCnil_liste_controles_2017.csv,166,annee_source_absente|pays_deduit
2017-8a82825d-1,2017,loi78,LOI 78,sur_place,sur place,COMBOIRE 2,COMBOIRE 2,ECHIROLLES,38,38,FR,,commerce,commerce,Commerce,068c80f5__OpenCnil_liste_controles_2017.csv,167,annee_source_absente|pays_deduit
2017-edb6e00f-1,2017,loi78,LOI 78,sur_place,sur place,DIRECTION GENERALE DE LA GENDARMERIE NATIONALE,DIRECTION GENERALE DE LA GENDARMERIE NATIONALE,ISSY LES MOULINEAUX,92,92,FR,,police_justice_securite,etat_regalien,Police/justice/sécurité,068c80f5__OpenCnil_liste_controles_2017.csv,168,annee_source_absente|pays_deduit
2017-730e3fd6-1,2017,loi78,LOI 78,sur_place,sur place,BRIGADE TERRITORIALE AUTONOME DE GAN (GIPASP),BRIGADE TERRITORIALE AUTONOME DE GAN GIPASP,GAN,64,64,FR,,police_justice_securite,etat_regalien,Police/justice/sécurité,068c80f5__OpenCnil_liste_controles_2017.csv,169,annee_source_absente|organisme_multiligne|pays_deduit
2017-285aaea8-1,2017,loi78,LOI 78,sur_place,sur place,GROUPEMENT DE GENDARMERIE NATIONALE DES PYRENEES ATLANTIQUES,GROUPEMENT DE GENDARMERIE NATIONALE DES PYRENEES ATLANTIQUES,PAU,64,64,FR,,police_justice_securite,etat_regalien,Police/justice/sécurité,068c80f5__OpenCnil_liste_controles_2017.csv,171,annee_source_absente|pays_deduit
2017-b6a4d7c5-1,2017,loi78,LOI 78,sur_place,sur place,GROUPEMENT DEPARTEMENTAL DE GENDARMERIE NATIONALE DE COLMAR (GIPASP),GROUPEMENT DEPARTEMENTAL DE GENDARMERIE NATIONALE DE COLMAR GIPASP,COLMAR,68,68,FR,,police_justice_securite,etat_regalien,Police/justice/sécurité,068c80f5__OpenCnil_liste_controles_2017.csv,172,annee_source_absente|organisme_multiligne|pays_deduit
2017-04c94e3a-1,2017,loi78,LOI 78,sur_place,sur place,BRIGADE DE GENDARMERIE TERRITORIALE AUTONOME DE GUEBWILLER (GIPASP),BRIGADE DE GENDARMERIE TERRITORIALE AUTONOME DE GUEBWILLER GIPASP,GUEBWILLER,68,68,FR,,police_justice_securite,etat_regalien,Police/justice/sécurité,068c80f5__OpenCnil_liste_controles_2017.csv,174,annee_source_absente|organisme_multiligne|pays_deduit
2017-101ec961-1,2017,loi78,LOI 78,sur_place,sur place,GROUPEMENT REGIONAL DE GENDARMERIE NATIONALE DE STRASBOURG (GIPASP),GROUPEMENT REGIONAL DE GENDARMERIE NATIONALE DE STRASBOURG GIPASP,STRASBOURG,68,68,FR,,police_justice_securite,etat_regalien,Police/justice/sécurité,068c80f5__OpenCnil_liste_controles_2017.csv,176,annee_source_absente|organisme_multiligne|pays_deduit
2017-edb6e00f-2,2017,loi78,LOI 78,sur_place,sur place,DIRECTION GENERALE DE LA GENDARMERIE NATIONALE,DIRECTION GENERALE DE LA GENDARMERIE NATIONALE,ISSY LES MOULINEAUX,92,92,FR,,police_justice_securite,etat_regalien,Police/justice/sécurité,068c80f5__OpenCnil_liste_controles_2017.csv,178,annee_source_absente|pays_deduit|ligne_dupliquee
2017-6f2a232f-1,2017,loi78,LOI 78,sur_pieces,sur pièces,DIRECTION GENERALE DE LA GENDARMERIE NATIONALE,DIRECTION GENERALE DE LA GENDARMERIE NATIONALE,PARIS,75,75,FR,,police_justice_securite,etat_regalien,Police/justice/sécurité,068c80f5__OpenCnil_liste_controles_2017.csv,179,annee_source_absente|pays_deduit
2017-ce95837d-1,2017,loi78,LOI 78,sur_place,sur place,SLH QUALI,SLH QUALI,MENNECY,91,91,FR,,commerce,commerce,Commerce,068c80f5__OpenCnil_liste_controles_2017.csv,180,annee_source_absente|pays_deduit
2017-dc49253f-1,2017,loi78,LOI 78,sur_place,sur place,DIRECTION CENTRALE DE LA SECURITE PUBLIQUE (SERVICE CENTRAL DU RENSEIGNEMENT TERRITORIAL),DIRECTION CENTRALE DE LA SECURITE PUBLIQUE SERVICE CENTRAL DU RENSEIGNEMENT TERRITORIAL,PARIS,75,75,FR,,police_justice_securite,etat_regalien,Police/justice/sécurité,068c80f5__OpenCnil_liste_controles_2017.csv,181,annee_source_absente|organisme_multiligne|pays_deduit
2017-dc49253f-2,2017,loi78,LOI 78,sur_place,sur place,DIRECTION CENTRALE DE LA SECURITE PUBLIQUE (SERVICE CENTRAL DU RENSEIGNEMENT TERRITORIAL),DIRECTION CENTRALE DE LA SECURITE PUBLIQUE SERVICE CENTRAL DU RENSEIGNEMENT TERRITORIAL,PARIS,75,75,FR,,police_justice_securite,etat_regalien,Police/justice/sécurité,068c80f5__OpenCnil_liste_controles_2017.csv,183,annee_source_absente|organisme_multiligne|pays_deduit|ligne_dupliquee
2017-60b296a3-1,2017,loi78,LOI 78,sur_place,sur place,DIRECTION DU RENSEIGNEMENT DE LA PREFECTURE DE POLICE,DIRECTION DU RENSEIGNEMENT DE LA PREFECTURE DE POLICE,PARIS,75,75,FR,,police_justice_securite,etat_regalien,Police/justice/sécurité,068c80f5__OpenCnil_liste_controles_2017.csv,185,annee_source_absente|pays_deduit
2017-3bfec50f-1,2017,loi78,LOI 78,sur_place,sur place,DIRECTION DEPARTEMENTALE DE SECURITE PUBLIQUE (SERVICE DEPARTEMENTAL DU RENSEIGNEMENT TERRITORIAL),DIRECTION DEPARTEMENTALE DE SECURITE PUBLIQUE SERVICE DEPARTEMENTAL DU RENSEIGNEMENT TERRITORIAL,MELUN,77,77,FR,,police_justice_securite,etat_regalien,Police/justice/sécurité,068c80f5__OpenCnil_liste_controles_2017.csv,186,annee_source_absente|organisme_multiligne|pays_deduit
2017-c3a31993-1,2017,loi78,LOI 78,sur_place,sur place,DIRECTION DEPARTEMENTALE DE SECURITE PUBLIQUE (SERVICE DEPARTEMENTAL DE RENSEIGNEMENT TERRITORIAL),DIRECTION DEPARTEMENTALE DE SECURITE PUBLIQUE SERVICE DEPARTEMENTAL DE RENSEIGNEMENT TERRITORIAL,CERGY-PONTOISE,95,95,FR,,police_justice_securite,etat_regalien,Police/justice/sécurité,068c80f5__OpenCnil_liste_controles_2017.csv,188,annee_source_absente|organisme_multiligne|pays_deduit
2017-7ca7908a-1,2017,loi78,LOI 78,sur_place,sur place,DIRECTION DEPARTEMENTALE DE SECURITE PUBLIQUE (SERVICE DEPARTEMENTAL DE RENSEIGNEMENT TERRITORIAL),DIRECTION DEPARTEMENTALE DE SECURITE PUBLIQUE SERVICE DEPARTEMENTAL DE RENSEIGNEMENT TERRITORIAL,RENNES,35,35,FR,,police_justice_securite,etat_regalien,Police/justice/sécurité,068c80f5__OpenCnil_liste_controles_2017.csv,190,annee_source_absente|organisme_multiligne|pays_deduit
2017-6a332e2c-1,2017,loi78,LOI 78,sur_place,sur place,SERVICE DEPARTEMENTAL DE LA DIRECTION DU RENSEIGNEMENT DU VAL-DE-MARNE,SERVICE DEPARTEMENTAL DE LA DIRECTION DU RENSEIGNEMENT DU VAL DE MARNE,CRETEIL,94,94,FR,,police_justice_securite,etat_regalien,Police/justice/sécurité,068c80f5__OpenCnil_liste_controles_2017.csv,192,annee_source_absente|pays_deduit
2017-754e3c04-1,2017,loi78,LOI 78,sur_place,sur place,SERVICES DES AEROPORTS DE LA DIRECTION DU RENSEIGNEMENT,SERVICES DES AEROPORTS DE LA DIRECTION DU RENSEIGNEMENT,TREMBLAY EN FRANCE,93,93,FR,,police_justice_securite,etat_regalien,Police/justice/sécurité,068c80f5__OpenCnil_liste_controles_2017.csv,193,annee_source_absente|pays_deduit
2017-b6ef3fe6-1,2017,loi78,LOI 78,sur_pieces,sur pièces,DIRECTION GENERALE DE LA POLICE NATIONALE,DIRECTION GENERALE DE LA POLICE NATIONALE,PARIS,75,75,FR,,police_justice_securite,etat_regalien,Police/justice/sécurité,068c80f5__OpenCnil_liste_controles_2017.csv,194,annee_source_absente|pays_deduit
2017-d3c17cad-1,2017,loi78,LOI 78,sur_place,sur place,VILLEPARISIS.FR,VILLEPARISIS FR,VILLEPARISIS,77,77,FR,,collectivites_territoriales,collectivites_territoriales,Collectivités locales,068c80f5__OpenCnil_liste_controles_2017.csv,195,annee_source_absente|pays_deduit
2017-6f9b3784-1,2017,loi78,LOI 78,sur_place,sur place,STEPHENSON ETUDES,STEPHENSON ETUDES,PARIS,75,75,FR,,economie,autres,Economie,068c80f5__OpenCnil_liste_controles_2017.csv,196,annee_source_absente|pays_deduit
2017-591670c2-1,2017,loi78,LOI 78,sur_place,sur place,OPTICAL CENTER,OPTICAL CENTER,PARIS,75,75,FR,,commerce,commerce,Commerce,068c80f5__OpenCnil_liste_controles_2017.csv,197,annee_source_absente|pays_deduit
2017-bf4f9682-1,2017,loi78,LOI 78,sur_place,sur place,FRANCE TELEVISIONS,FRANCE TELEVISIONS,PARIS,75,75,FR,,commerce,commerce,Commerce,068c80f5__OpenCnil_liste_controles_2017.csv,198,annee_source_absente|pays_deduit
2017-924e3fb5-1,2017,loi78,LOI 78,sur_place,sur place,FRANCE TELEVISIONS,FRANCE TELEVISIONS,ISSY LES MOULINEAUX,92,92,FR,,commerce,commerce,Commerce,068c80f5__OpenCnil_liste_controles_2017.csv,199,annee_source_absente|pays_deduit
2017-80297784-1,2017,loi78,LOI 78,sur_place,sur place,GROUPE CANAL+,GROUPE CANAL,ISSY LES MOULINEAUX,92,92,FR,,commerce,commerce,Commerce,068c80f5__OpenCnil_liste_controles_2017.csv,200,annee_source_absente|pays_deduit
2017-50f3cd9a-1,2017,loi78,LOI 78,sur_place,sur place,DEMANDER JUSTICE,DEMANDER JUSTICE,PARIS,75,75,FR,,commerce,commerce,Commerce,068c80f5__OpenCnil_liste_controles_2017.csv,201,annee_source_absente|pays_deduit
2017-d43d80dc-1,2017,loi78,LOI 78,sur_place,sur place,DEMANDER JUSTICE (Prestataire MOBILTRON),DEMANDER JUSTICE PRESTATAIRE MOBILTRON,ARGENTRE DU PLESSIS,35,35,FR,,commerce,commerce,Commerce,068c80f5__OpenCnil_liste_controles_2017.csv,202,annee_source_absente|organisme_multiligne|pays_deduit
2017-f6726fe0-1,2017,loi78,LOI 78,sur_place,sur place,ASSOCIATION VIES DE PARIS,ASSOCIATION VIES DE PARIS,PARIS,75,75,FR,,commerce,commerce,Commerce,068c80f5__OpenCnil_liste_controles_2017.csv,204,annee_source_absente|pays_deduit
2017-ff7e5d80-1,2017,loi78,LOI 78,sur_place,sur place,TF1,TF1,BOULOGNE-BILLANCOURT,92,92,FR,,commerce,commerce,Commerce,068c80f5__OpenCnil_liste_controles_2017.csv,205,annee_source_absente|pays_deduit
2017-f9ec0a31-1,2017,loi78,LOI 78,sur_place,sur place,M6 WEB,M6 WEB,NEUILLY-SUR-SEINE,92,92,FR,,commerce,commerce,Commerce,068c80f5__OpenCnil_liste_controles_2017.csv,206,annee_source_absente|pays_deduit
2017-902a5d30-1,2017,loi78,LOI 78,sur_place,sur place,MINISTERE DE LA TRANSITION ECOLOGIQUE ET SOLIDAIRE,MINISTERE DE LA TRANSITION ECOLOGIQUE ET SOLIDAIRE,PARIS,75,75,FR,,ministeres,etat_regalien,Ministères,068c80f5__OpenCnil_liste_controles_2017.csv,207,annee_source_absente|pays_deduit
2017-097827b8-1,2017,loi78,LOI 78,sur_place,sur place,UNIBAIL-RODAMCO,UNIBAIL RODAMCO,PARIS,75,75,FR,,commerce,commerce,Commerce,068c80f5__OpenCnil_liste_controles_2017.csv,208,annee_source_absente|pays_deduit
2017-a308cf41-1,2017,loi78,LOI 78,sur_place,sur place,FIDZUP,FIDZUP,CLICHY,92,92,FR,,commerce,commerce,Commerce,068c80f5__OpenCnil_liste_controles_2017.csv,209,annee_source_absente|pays_deduit
2017-4d08a718-1,2017,loi78,LOI 78,sur_place,sur place,HOP,HOP,RUNGIS,94,94,FR,,transports,transports,Transport,068c80f5__OpenCnil_liste_controles_2017.csv,210,annee_source_absente|pays_deduit
2017-6099d30b-1,2017,loi78,LOI 78,sur_place,sur place,MEILLEURTAUX,MEILLEURTAUX,PARIS,75,75,FR,,assurance,assurance,Assurances,068c80f5__OpenCnil_liste_controles_2017.csv,211,annee_source_absente|pays_deduit
2017-12a6725b-1,2017,loi78,LOI 78,sur_place,sur place,GROUPE ALLIANZ France (ALLIANZ FRANCE/ALLIANZ VIE/ALLIANZ IARD),GROUPE ALLIANZ FRANCE ALLIANZ FRANCE ALLIANZ VIE ALLIANZ IARD,STRASBOURG,67,67,FR,,assurance,assurance,Assurances,068c80f5__OpenCnil_liste_controles_2017.csv,212,annee_source_absente|pays_deduit
2017-a3683ee5-1,2017,loi78,LOI 78,sur_place,sur place,ALLIANZ France (ALLIANZ VIE/ ALLIANZ IARD/ALLIANZ VIE),ALLIANZ FRANCE ALLIANZ VIE ALLIANZ IARD ALLIANZ VIE,COURBEVOIE,92,92,FR,,assurance,assurance,Assurances,068c80f5__OpenCnil_liste_controles_2017.csv,213,annee_source_absente|organisme_multiligne|pays_deduit
2017-87f84758-1,2017,loi78,LOI 78,sur_place,sur place,GROUPE ALLIANZ,GROUPE ALLIANZ,STRASBOURG,67,67,FR,,assurance,assurance,Assurances,068c80f5__OpenCnil_liste_controles_2017.csv,215,annee_source_absente|pays_deduit
2017-bf519346-1,2017,loi78,LOI 78,sur_place,sur place,DATABERRIES,DATABERRIES,PARIS,75,75,FR,,economie,autres,Economie,068c80f5__OpenCnil_liste_controles_2017.csv,216,annee_source_absente|pays_deduit
2017-3a4bb1e9-1,2017,loi78,LOI 78,sur_place,sur place,OPENDOO,OPENDOO,MONTPELLIER,34,34,FR,,commerce,commerce,Commerce,068c80f5__OpenCnil_liste_controles_2017.csv,217,annee_source_absente|pays_deduit
2017-f0f79227-1,2017,loi78,LOI 78,sur_pieces,sur pièces,MONSIEUR LEFEBVRE DOMINIQUE,MONSIEUR LEFEBVRE DOMINIQUE,PARIS,75,75,FR,,commerce,commerce,Commerce,068c80f5__OpenCnil_liste_controles_2017.csv,218,annee_source_absente|pays_deduit
2017-34c76f1d-1,2017,loi78,LOI 78,sur_place,sur place,VILLE DE LAVAL,VILLE DE LAVAL,LAVAL,53,53,FR,,collectivites_territoriales,collectivites_territoriales,Collectivités locales,068c80f5__OpenCnil_liste_controles_2017.csv,219,annee_source_absente|pays_deduit
2017-f73524f8-1,2017,loi78,LOI 78,sur_place,sur place,AXA,AXA,NANTERRE,92,92,FR,,sante_social,sante_social,Santé/social,068c80f5__OpenCnil_liste_controles_2017.csv,220,annee_source_absente|pays_deduit
2017-1ef04869-1,2017,loi78,LOI 78,sur_place,sur place,AXA,AXA,FONTENAY-SOUS-BOIS,94,94,FR,,sante_social,sante_social,Santé/social,068c80f5__OpenCnil_liste_controles_2017.csv,221,annee_source_absente|pays_deduit
2017-05fd96cd-1,2017,loi78,LOI 78,sur_place,sur place,ASSOCIATION D'AIDE AUX VICTIMES - AVEDE ACJE,ASSOCIATION D AIDE AUX VICTIMES AVEDE ACJE,EVREUX,27,27,FR,,sante_social,sante_social,Santé/social,068c80f5__OpenCnil_liste_controles_2017.csv,222,annee_source_absente|pays_deduit
2017-3bc45163-1,2017,loi78,LOI 78,sur_place,sur place,GROUPE INTERVENTION INNOVATION GII,GROUPE INTERVENTION INNOVATION GII,PARIS,75,75,FR,,sante_social,sante_social,Santé/social,068c80f5__OpenCnil_liste_controles_2017.csv,223,annee_source_absente|pays_deduit
2017-3bc45163-2,2017,loi78,LOI 78,sur_place,sur place,GROUPE INTERVENTION INNOVATION GII,GROUPE INTERVENTION INNOVATION GII,PARIS,75,75,FR,,sante_social,sante_social,Santé/social,068c80f5__OpenCnil_liste_controles_2017.csv,224,annee_source_absente|pays_deduit|ligne_dupliquee
2017-cf7b8468-1,2017,loi78,LOI 78,sur_place,sur place,GRAND FRAIS GESTION,GRAND FRAIS GESTION,GIVORS,69,69,FR,,commerce,commerce,Commerce,068c80f5__OpenCnil_liste_controles_2017.csv,225,annee_source_absente|pays_deduit
2017-300afda8-1,2017,loi78,LOI 78,sur_place,sur place,COMMUNE DE CHARMES,COMMUNE DE CHARMES,CHARMES,88,88,FR,,police_justice_securite,etat_regalien,Police/justice/sécurité,068c80f5__OpenCnil_liste_controles_2017.csv,226,annee_source_absente|pays_deduit
2017-d61048e0-3,2017,loi78,LOI 78,sur_place,sur place,MINISTERE DE L'INTERIEUR - SERVICE DE L'ASILE (DGEF),MINISTERE DE L INTERIEUR SERVICE DE L ASILE DGEF,PARIS,75,75,FR,,police_justice_securite,etat_regalien,Police/justice/sécurité,068c80f5__OpenCnil_liste_controles_2017.csv,227,annee_source_absente|organisme_multiligne|pays_deduit|ligne_dupliquee
2017-1a7ceeb8-1,2017,loi78,LOI 78,sur_place,sur place,CD + FORMATION,CD FORMATION,PESSAC,33,33,FR,,sante_social,sante_social,Santé/social,068c80f5__OpenCnil_liste_controles_2017.csv,229,annee_source_absente|pays_deduit
2017-5e7efde6-1,2017,loi78,LOI 78,sur_place,sur place,REDMAN HOTELLERIE SUD OUEST,REDMAN HOTELLERIE SUD OUEST,BORDEAUX,33,33,FR,,sante_social,sante_social,Santé/social,068c80f5__OpenCnil_liste_controles_2017.csv,230,annee_source_absente|pays_deduit
2017-abe0eae1-1,2017,loi78,LOI 78,sur_pieces,sur pièces,ACCOR,ACCOR,ISSY LES MOULINEAUX,92,92,FR,,commerce,commerce,Commerce,068c80f5__OpenCnil_liste_controles_2017.csv,231,annee_source_absente|pays_deduit
2017-912f565c-1,2017,loi78,LOI 78,sur_place,sur place,RECOMMERCE SOLUTIONS,RECOMMERCE SOLUTIONS,GENTILLY,94,94,FR,,commerce,commerce,Commerce,068c80f5__OpenCnil_liste_controles_2017.csv,232,annee_source_absente|pays_deduit
2017-641a8f71-1,2017,loi78,LOI 78,sur_pieces,sur pièces,AIR CORSICA,AIR CORSICA,AJACCIO,20,20,FR,,transports,transports,Transport,068c80f5__OpenCnil_liste_controles_2017.csv,233,annee_source_absente|departement_a_preciser|pays_deduit
2017-873c5312-1,2017,loi78,LOI 78,sur_pieces,sur pièces,AMERICAN EXPRESS CARTE FRANCE,AMERICAN EXPRESS CARTE FRANCE,RUEIL-MALMAISON,95,95,FR,,commerce,commerce,Commerce,068c80f5__OpenCnil_liste_controles_2017.csv,234,annee_source_absente|pays_deduit
2017-62c69843-1,2017,loi78,LOI 78,sur_pieces,sur pièces,DEVIALLET,DEVIALLET,PARIS,75,75,FR,,commerce,commerce,Commerce,068c80f5__OpenCnil_liste_controles_2017.csv,235,annee_source_absente|pays_deduit
2017-f18302ac-1,2017,loi78,LOI 78,sur_pieces,sur pièces,FONDATION D'ENTREPRISE LOUIS VUITTON,FONDATION D ENTREPRISE LOUIS VUITTON,PARIS,75,75,FR,,education_culture_sport,education_culture_sport,Education/culture/sport,068c80f5__OpenCnil_liste_controles_2017.csv,236,annee_source_absente|pays_deduit
2017-90364f99-1,2017,loi78,LOI 78,sur_place,sur place,CENTRE NATIONAL DES ŒUVRES UNIVERSITAIRES ET SCOLAIRES,CENTRE NATIONAL DES UVRES UNIVERSITAIRES ET SCOLAIRES,VANVES,92,92,FR,,commerce,commerce,Commerce,068c80f5__OpenCnil_liste_controles_2017.csv,237,annee_source_absente|pays_deduit
2017-cedf8ff8-1,2017,loi78,LOI 78,sur_place,sur place,FREE SAS,FREE SAS,PARIS,75,75,FR,,commerce,commerce,Commerce,068c80f5__OpenCnil_liste_controles_2017.csv,238,annee_source_absente|pays_deduit
2017-cedf8ff8-2,2017,loi78,LOI 78,sur_place,sur place,FREE SAS,FREE SAS,PARIS,75,75,FR,,commerce,commerce,Commerce,068c80f5__OpenCnil_liste_controles_2017.csv,239,annee_source_absente|pays_deduit|ligne_dupliquee
2017-1c18cff9-1,2017,loi78,LOI 78,sur_pieces,sur pièces,AIR FRANCE,AIR FRANCE,TREMBLAY EN France,95,95,FR,,transports,transports,Transport,068c80f5__OpenCnil_liste_controles_2017.csv,240,annee_source_absente|pays_deduit
2017-f662cade-1,2017,loi78,LOI 78,sur_pieces,sur pièces,HOP!,HOP,RUNGIS,94,94,FR,,transports,transports,Transport,068c80f5__OpenCnil_liste_controles_2017.csv,241,annee_source_absente|pays_deduit
2017-87a98adb-1,2017,loi78,LOI 78,sur_pieces,sur pièces,TRANSAVIA FRANCE,TRANSAVIA FRANCE,PARAY-VIEILLE-POSTE,91,91,FR,,transports,transports,Transport,068c80f5__OpenCnil_liste_controles_2017.csv,242,annee_source_absente|pays_deduit
2017-ee9620aa-1,2017,loi78,LOI 78,sur_pieces,sur pièces,CHIRISTIAN DIOR COUTURE,CHIRISTIAN DIOR COUTURE,PARIS,75,75,FR,,commerce,commerce,Commerce,068c80f5__OpenCnil_liste_controles_2017.csv,243,annee_source_absente|pays_deduit
2017-1d0bdde9-1,2017,loi78,LOI 78,sur_place,sur place,NESTOR,NESTOR,LEVALLOIS-PERRET,92,92,FR,,commerce,commerce,Commerce,068c80f5__OpenCnil_liste_controles_2017.csv,244,annee_source_absente|pays_deduit
2017-b8bae229-1,2017,loi78,LOI 78,sur_place,sur place,LG ELECTRONICS FRANCE,LG ELECTRONICS FRANCE,VILLEPINTE,93,93,FR,,commerce,commerce,Commerce,068c80f5__OpenCnil_liste_controles_2017.csv,245,annee_source_absente|pays_deduit
2017-24927ed1-1,2017,loi78,LOI 78,sur_place,sur place,SNCF,SNCF,LYON,69,69,FR,,transports,transports,Transport,068c80f5__OpenCnil_liste_controles_2017.csv,246,annee_source_absente|pays_deduit
2017-66d601f2-1,2017,loi78,LOI 78,sur_place,sur place,MULTI-IMPACT (AXA FRANCE VIE & AXA FRANCE IARD -ALLIANZ VIE - GENERALI VIE - SPHERIA VIE),MULTI IMPACT AXA FRANCE VIE AXA FRANCE IARD ALLIANZ VIE GENERALI VIE SPHERIA VIE,REIMS,51,51,FR,,assurance,assurance,Assurances,068c80f5__OpenCnil_liste_controles_2017.csv,247,annee_source_absente|pays_deduit
2017-ce880d39-1,2017,loi78,LOI 78,sur_place,sur place,MULTI-IMPACT (AXA FRACE VIE & AXA FRACE IARD -ALLIANZ VIE - GENERALI VIE - SPHERIA VIE),MULTI IMPACT AXA FRACE VIE AXA FRACE IARD ALLIANZ VIE GENERALI VIE SPHERIA VIE,REIMS,51,51,FR,,assurance,assurance,Assurances,068c80f5__OpenCnil_liste_controles_2017.csv,248,annee_source_absente|pays_deduit
2017-26325f7f-1,2017,loi78,LOI 78,sur_place,sur place,MAUGUIO IMMOBILIER,MAUGUIO IMMOBILIER,MAUGUIO,34,34,FR,,immobilier,immobilier,Immobilier,068c80f5__OpenCnil_liste_controles_2017.csv,249,annee_source_absente|pays_deduit
2017-b2c709f4-1,2017,loi78,LOI 78,sur_place,sur place,GEFCO,GEFCO,COURBEVOIE,92,92,FR,,commerce,commerce,Commerce,068c80f5__OpenCnil_liste_controles_2017.csv,250,annee_source_absente|pays_deduit
2017-788feed8-1,2017,loi78,LOI 78,sur_place,sur place,BIP INFORMATION PROFESSIONNELLE,BIP INFORMATION PROFESSIONNELLE,SAINT-THIBERY,34,34,FR,,commerce,commerce,Commerce,068c80f5__OpenCnil_liste_controles_2017.csv,251,annee_source_absente|pays_deduit
2017-07071c97-1,2017,loi78,LOI 78,sur_place,sur place,SFR GROUP (Sécurité),SFR GROUP SECURITE,PARIS,75,75,FR,,commerce,commerce,Commerce,068c80f5__OpenCnil_liste_controles_2017.csv,252,annee_source_absente|pays_deduit
2017-47a63886-1,2017,loi78,LOI 78,sur_place,sur place,SFR GROUP (PA),SFR GROUP PA,PARIS,75,75,FR,,commerce,commerce,Commerce,068c80f5__OpenCnil_liste_controles_2017.csv,253,annee_source_absente|pays_deduit
2017-f745542b-1,2017,loi78,LOI 78,sur_audition,sur audition,FIREWORLD,FIREWORLD,PARIS,75,75,FR,,commerce,commerce,Commerce,068c80f5__OpenCnil_liste_controles_2017.csv,254,annee_source_absente|pays_deduit
2017-d3609213-2,2017,loi78,LOI 78,sur_place,sur place,SAMSUNG ELECTRONICS FRANCE,SAMSUNG ELECTRONICS FRANCE,SAINT-OUEN,93,93,FR,,commerce,commerce,Commerce,068c80f5__OpenCnil_liste_controles_2017.csv,255,annee_source_absente|pays_deduit|ligne_dupliquee
2017-7c1ab8f1-1,2017,loi78,LOI 78,sur_place,sur place,FIRST ABU DHABI BANK,FIRST ABU DHABI BANK,PARIS,75,75,FR,,banque,banque,Banques,068c80f5__OpenCnil_liste_controles_2017.csv,256,annee_source_absente|pays_deduit
2017-403c46c1-1,2017,loi78,LOI 78,sur_place,sur place,BOUYGUES TELECOM S.A,BOUYGUES TELECOM S A,MEUDON LA FORET,92,92,FR,,commerce,commerce,Commerce,068c80f5__OpenCnil_liste_controles_2017.csv,257,annee_source_absente|pays_deduit
2017-2f6ffb7d-1,2017,loi78,LOI 78,en_ligne,en ligne,DIGITICK,DIGITICK,PARIS,75,75,FR,,commerce,commerce,Commerce,068c80f5__OpenCnil_liste_controles_2017.csv,258,annee_source_absente|pays_deduit
2017-91b7ffa3-1,2017,loi78,LOI 78,en_ligne,en ligne,YATEDO.FR,YATEDO FR,PARIS,75,75,FR,,commerce,commerce,Commerce,068c80f5__OpenCnil_liste_controles_2017.csv,259,annee_source_absente|pays_deduit
2017-4b5286d5-1,2017,loi78,LOI 78,en_ligne,en ligne,HEETCH,HEETCH,PARIS,75,75,FR,,commerce,commerce,Commerce,068c80f5__OpenCnil_liste_controles_2017.csv,260,annee_source_absente|pays_deduit
2017-14868062-1,2017,loi78,LOI 78,en_ligne,en ligne,AMPLEMENT,AMPLEMENT,PARIS,75,75,FR,,commerce,commerce,Commerce,068c80f5__OpenCnil_liste_controles_2017.csv,261,annee_source_absente|pays_deduit
2017-bf346135-1,2017,loi78,LOI 78,en_ligne,en ligne,OUICAR,OUICAR,PARIS,75,75,FR,,commerce,commerce,Commerce,068c80f5__OpenCnil_liste_controles_2017.csv,262,annee_source_absente|pays_deduit
2017-09233df7-1,2017,loi78,LOI 78,en_ligne,en ligne,WHATSAPP,WHATSAPP,PARIS,75,75,FR,,commerce,commerce,Commerce,068c80f5__OpenCnil_liste_controles_2017.csv,263,annee_source_absente|pays_deduit
2017-684136c0-1,2017,loi78,LOI 78,en_ligne,en ligne,WEB EDITIONS,WEB EDITIONS,PARIS,75,75,FR,,commerce,commerce,Commerce,068c80f5__OpenCnil_liste_controles_2017.csv,264,annee_source_absente|pays_deduit
2017-684136c0-2,2017,loi78,LOI 78,en_ligne,en ligne,WEB EDITIONS,WEB EDITIONS,PARIS,75,75,FR,,commerce,commerce,Commerce,068c80f5__OpenCnil_liste_controles_2017.csv,265,annee_source_absente|pays_deduit|ligne_dupliquee
2017-684136c0-3,2017,loi78,LOI 78,en_ligne,en ligne,WEB EDITIONS,WEB EDITIONS,PARIS,75,75,FR,,commerce,commerce,Commerce,068c80f5__OpenCnil_liste_controles_2017.csv,266,annee_source_absente|pays_deduit|ligne_dupliquee
2017-684136c0-4,2017,loi78,LOI 78,en_ligne,en ligne,WEB EDITIONS,WEB EDITIONS,PARIS,75,75,FR,,commerce,commerce,Commerce,068c80f5__OpenCnil_liste_controles_2017.csv,267,annee_source_absente|pays_deduit|ligne_dupliquee
2017-684136c0-5,2017,loi78,LOI 78,en_ligne,en ligne,WEB EDITIONS,WEB EDITIONS,PARIS,75,75,FR,,commerce,commerce,Commerce,068c80f5__OpenCnil_liste_controles_2017.csv,268,annee_source_absente|pays_deduit|ligne_dupliquee
2017-2d2a0eda-1,2017,loi78,LOI 78,en_ligne,en ligne,http://www.contact.le-rsi.fr/microsocial.do,HTTP WWW CONTACT LE RSI FR MICROSOCIAL DO,PARIS,75,75,FR,,sante_social,sante_social,Santé/social,068c80f5__OpenCnil_liste_controles_2017.csv,269,annee_source_absente|pays_deduit
2017-767cbcb6-1,2017,loi78,LOI 78,en_ligne,en ligne,PREMIUM94.FR,PREMIUM94 FR,PARIS,75,75,FR,,commerce,commerce,Commerce,068c80f5__OpenCnil_liste_controles_2017.csv,270,annee_source_absente|pays_deduit
2017-0e67de88-1,2017,loi78,LOI 78,en_ligne,en ligne,I-QUE,I QUE,PARIS,75,75,FR,,commerce,commerce,Commerce,068c80f5__OpenCnil_liste_controles_2017.csv,271,annee_source_absente|pays_deduit
2017-0e67de88-2,2017,loi78,LOI 78,en_ligne,en ligne,I-QUE,I QUE,PARIS,75,75,FR,,commerce,commerce,Commerce,068c80f5__OpenCnil_liste_controles_2017.csv,272,annee_source_absente|pays_deduit|ligne_dupliquee
2017-f3307159-1,2017,loi78,LOI 78,en_ligne,en ligne,MY FRIEND CAYLA,MY FRIEND CAYLA,PARIS,75,75,FR,,commerce,commerce,Commerce,068c80f5__OpenCnil_liste_controles_2017.csv,273,annee_source_absente|pays_deduit
2017-f3307159-2,2017,loi78,LOI 78,en_ligne,en ligne,MY FRIEND CAYLA,MY FRIEND CAYLA,PARIS,75,75,FR,,commerce,commerce,Commerce,068c80f5__OpenCnil_liste_controles_2017.csv,274,annee_source_absente|pays_deduit|ligne_dupliquee
2017-bdfdbfa4-1,2017,loi78,LOI 78,en_ligne,en ligne,PERISCOWEB.FR,PERISCOWEB FR,PARIS,75,75,FR,,collectivites_territoriales,collectivites_territoriales,Collectivités locales,068c80f5__OpenCnil_liste_controles_2017.csv,275,annee_source_absente|pays_deduit
2017-628cf56f-1,2017,loi78,LOI 78,en_ligne,en ligne,VOXTUR,VOXTUR,PARIS,75,75,FR,,commerce,commerce,Commerce,068c80f5__OpenCnil_liste_controles_2017.csv,276,annee_source_absente|pays_deduit
2017-698f50e0-1,2017,loi78,LOI 78,en_ligne,en ligne,darty.epticahosting.com/selfdarty/register.do,DARTY EPTICAHOSTING COM SELFDARTY REGISTER DO,PARIS,75,75,FR,,commerce,commerce,Commerce,068c80f5__OpenCnil_liste_controles_2017.csv,277,annee_source_absente|pays_deduit
2017-9ea52ab4-1,2017,loi78,LOI 78,en_ligne,en ligne,conrad.epticahosting.com/selfconradhmcbtoc /register.do,CONRAD EPTICAHOSTING COM SELFCONRADHMCBTOC REGISTER DO,PARIS,75,75,FR,,commerce,commerce,Commerce,068c80f5__OpenCnil_liste_controles_2017.csv,278,annee_source_absente|organisme_multiligne|pays_deduit
2017-7a306774-1,2017,loi78,LOI 78,en_ligne,en ligne,BRICOMAN,BRICOMAN,PARIS,75,75,FR,,commerce,commerce,Commerce,068c80f5__OpenCnil_liste_controles_2017.csv,280,annee_source_absente|pays_deduit
2017-ad174ebe-1,2017,loi78,LOI 78,en_ligne,en ligne,KELDOC,KELDOC,PARIS,75,75,FR,,sante_social,sante_social,Santé/social,068c80f5__OpenCnil_liste_controles_2017.csv,281,annee_source_absente|pays_deduit
2017-cb985ce8-1,2017,loi78,LOI 78,en_ligne,en ligne,GPS SANTE,GPS SANTE,PARIS,75,75,FR,,sante_social,sante_social,Santé/social,068c80f5__OpenCnil_liste_controles_2017.csv,282,annee_source_absente|pays_deduit
2017-5aa04c55-1,2017,loi78,LOI 78,en_ligne,en ligne,FRICHTI SAS,FRICHTI SAS,PARIS,75,75,FR,,commerce,commerce,Commerce,068c80f5__OpenCnil_liste_controles_2017.csv,283,annee_source_absente|pays_deduit
2017-7b67cd69-1,2017,loi78,LOI 78,en_ligne,en ligne,GRAND PARC DU PUY DU FOU,GRAND PARC DU PUY DU FOU,PARIS,75,75,FR,,commerce,commerce,Commerce,068c80f5__OpenCnil_liste_controles_2017.csv,284,annee_source_absente|pays_deduit
2017-ef7649bc-1,2017,loi78,LOI 78,en_ligne,en ligne,"TRAITEMENTS ACCESSIBLES A PARTIR DES DOMAINES ""mlir38.org"" et ""mijir.org""",TRAITEMENTS ACCESSIBLES A PARTIR DES DOMAINES MLIR38 ORG ET MIJIR ORG,PARIS,75,75,FR,,sante_social,sante_social,Santé/social,068c80f5__OpenCnil_liste_controles_2017.csv,285,annee_source_absente|pays_deduit
2017-bdda7fd1-1,2017,loi78,LOI 78,en_ligne,en ligne,TREND-CORNER.COM,TREND CORNER COM,PARIS,75,75,FR,,commerce,commerce,Commerce,068c80f5__OpenCnil_liste_controles_2017.csv,286,annee_source_absente|pays_deduit
2017-a36eedcb-1,2017,loi78,LOI 78,en_ligne,en ligne,GOUVERNEMENT.FR,GOUVERNEMENT FR,PARIS,75,75,FR,,ministeres,etat_regalien,Ministères,068c80f5__OpenCnil_liste_controles_2017.csv,287,annee_source_absente|pays_deduit
2017-977f195d-1,2017,loi78,LOI 78,en_ligne,en ligne,DIGIPOSTE,DIGIPOSTE,PARIS,75,75,FR,,commerce,commerce,Commerce,068c80f5__OpenCnil_liste_controles_2017.csv,288,annee_source_absente|pays_deduit
2017-208095cc-1,2017,loi78,LOI 78,en_ligne,en ligne,VILLE DE CAYENNE,VILLE DE CAYENNE,PARIS,75,75,FR,,collectivites_territoriales,collectivites_territoriales,Collectivités locales,068c80f5__OpenCnil_liste_controles_2017.csv,289,annee_source_absente|pays_deduit
2017-4c524a7a-1,2017,loi78,LOI 78,en_ligne,en ligne,ADEF,ADEF,PARIS,75,75,FR,,immobilier,immobilier,Immobilier,068c80f5__OpenCnil_liste_controles_2017.csv,290,annee_source_absente|pays_deduit
2017-2779aadf-1,2017,loi78,LOI 78,en_ligne,en ligne,MESOIGNER.FR,MESOIGNER FR,PARIS,75,75,FR,,sante_social,sante_social,Santé/social,068c80f5__OpenCnil_liste_controles_2017.csv,291,annee_source_absente|pays_deduit
2017-d8d659d5-1,2017,loi78,LOI 78,en_ligne,en ligne,FÉDÉRATION EDE,FEDERATION EDE,PARIS,75,75,FR,,sante_social,sante_social,Santé/social,068c80f5__OpenCnil_liste_controles_2017.csv,292,annee_source_absente|pays_deduit
2017-ed12aa2b-1,2017,loi78,LOI 78,en_ligne,en ligne,LEGISLATIVES-CITOYENNES.FR,LEGISLATIVES CITOYENNES FR,PARIS,75,75,FR,,education_culture_sport,education_culture_sport,Education/culture/sport,068c80f5__OpenCnil_liste_controles_2017.csv,293,annee_source_absente|pays_deduit
2017-7cf5ea00-1,2017,loi78,LOI 78,en_ligne,en ligne,AIGLE AZUR,AIGLE AZUR,PARIS,75,75,FR,,transports,transports,Transport,068c80f5__OpenCnil_liste_controles_2017.csv,294,annee_source_absente|pays_deduit
2017-a3db7ac6-1,2017,loi78,LOI 78,en_ligne,en ligne,FDSEA51.FR,FDSEA51 FR,PARIS,75,75,FR,,commerce,commerce,Commerce,068c80f5__OpenCnil_liste_controles_2017.csv,295,annee_source_absente|pays_deduit
2017-4c388c87-1,2017,loi78,LOI 78,en_ligne,en ligne,DOMIAL.FR,DOMIAL FR,PARIS,75,75,FR,,commerce,commerce,Commerce,068c80f5__OpenCnil_liste_controles_2017.csv,296,annee_source_absente|pays_deduit
2017-586f97d4-1,2017,loi78,LOI 78,en_ligne,en ligne,http://82.127.201.246:86/CgiStart,HTTP 82 127 201 246 86 CGISTART,PARIS,07,7,FR,,commerce,commerce,Commerce,068c80f5__OpenCnil_liste_controles_2017.csv,297,annee_source_absente|departement_corrige|pays_deduit
2017-7d556fec-1,2017,loi78,LOI 78,en_ligne,en ligne,DEMANDERJUSTICE.COM,DEMANDERJUSTICE COM,PARIS,75,75,FR,,commerce,commerce,Commerce,068c80f5__OpenCnil_liste_controles_2017.csv,298,annee_source_absente|pays_deduit
2017-f52c30e7-1,2017,loi78,LOI 78,en_ligne,en ligne,LOGICIELCANTINE.FR,LOGICIELCANTINE FR,PARIS,75,75,FR,,collectivites_territoriales,collectivites_territoriales,Collectivités locales,068c80f5__OpenCnil_liste_controles_2017.csv,299,annee_source_absente|pays_deduit
2017-e6aa332d-1,2017,loi78,LOI 78,en_ligne,en ligne,GRANDFRAIS.COM,GRANDFRAIS COM,PARIS,75,75,FR,,commerce,commerce,Commerce,068c80f5__OpenCnil_liste_controles_2017.csv,300,annee_source_absente|pays_deduit
2017-4af34f40-1,2017,loi78,LOI 78,en_ligne,en ligne,E-RAG,E RAG,PARIS,75,75,FR,,commerce,commerce,Commerce,068c80f5__OpenCnil_liste_controles_2017.csv,301,annee_source_absente|pays_deduit
2017-dbdd052c-1,2017,loi78,LOI 78,en_ligne,en ligne,SPARTOO.COM,SPARTOO COM,PARIS,75,75,FR,,commerce,commerce,Commerce,068c80f5__OpenCnil_liste_controles_2017.csv,302,annee_source_absente|pays_deduit
2017-961bb72d-1,2017,loi78,LOI 78,en_ligne,en ligne,MAISON-ALFORT.FR,MAISON ALFORT FR,PARIS,75,75,FR,,collectivites_territoriales,collectivites_territoriales,Collectivités locales,068c80f5__OpenCnil_liste_controles_2017.csv,303,annee_source_absente|pays_deduit
2017-459b6f82-1,2017,loi78,LOI 78,en_ligne,en ligne,VILLEPARISIS.FR,VILLEPARISIS FR,PARIS,75,75,FR,,collectivites_territoriales,collectivites_territoriales,Collectivités locales,068c80f5__OpenCnil_liste_controles_2017.csv,304,annee_source_absente|pays_deduit
2017-055b8862-1,2017,loi78,LOI 78,en_ligne,en ligne,VILLE-LAMADELEINE.FR,VILLE LAMADELEINE FR,PARIS,75,75,FR,,collectivites_territoriales,collectivites_territoriales,Collectivités locales,068c80f5__OpenCnil_liste_controles_2017.csv,305,annee_source_absente|pays_deduit
2017-48299c15-1,2017,loi78,LOI 78,en_ligne,en ligne,CONSEIL-GENERAL.COM,CONSEIL GENERAL COM,PARIS,75,75,FR,,collectivites_territoriales,collectivites_territoriales,Collectivités locales,068c80f5__OpenCnil_liste_controles_2017.csv,306,annee_source_absente|pays_deduit
2017-f0fd8d50-1,2017,loi78,LOI 78,en_ligne,en ligne,OPTICAL CENTER,OPTICAL CENTER,PARIS,75,75,FR,,commerce,commerce,Commerce,068c80f5__OpenCnil_liste_controles_2017.csv,307,annee_source_absente|pays_deduit
2017-938ebc74-1,2017,loi78,LOI 78,en_ligne,en ligne,TCL.FR,TCL FR,PARIS,75,75,FR,,transports,transports,Transport,068c80f5__OpenCnil_liste_controles_2017.csv,308,annee_source_absente|pays_deduit
2017-c2eb8104-1,2017,loi78,LOI 78,en_ligne,en ligne,OUIGO.COM,OUIGO COM,PARIS,75,75,FR,,transports,transports,Transport,068c80f5__OpenCnil_liste_controles_2017.csv,309,annee_source_absente|pays_deduit
2017-5e5219c3-1,2017,loi78,LOI 78,en_ligne,en ligne,PFG.FR,PFG FR,PARIS,75,75,FR,,commerce,commerce,Commerce,068c80f5__OpenCnil_liste_controles_2017.csv,310,annee_source_absente|pays_deduit
2017-08b79f57-1,2017,loi78,LOI 78,en_ligne,en ligne,GROOMLIDAYS.COM,GROOMLIDAYS COM,PARIS,75,75,FR,,commerce,commerce,Commerce,068c80f5__OpenCnil_liste_controles_2017.csv,311,annee_source_absente|pays_deduit
2017-25646211-1,2017,loi78,LOI 78,en_ligne,en ligne,LISTEDENAISSANCE.FR,LISTEDENAISSANCE FR,PARIS,75,75,FR,,commerce,commerce,Commerce,068c80f5__OpenCnil_liste_controles_2017.csv,312,annee_source_absente|pays_deduit
2017-4dd939e5-1,2017,loi78,LOI 78,en_ligne,en ligne,FRANCE TELEVISIONS,FRANCE TELEVISIONS,PARIS,75,75,FR,,commerce,commerce,Commerce,068c80f5__OpenCnil_liste_controles_2017.csv,313,annee_source_absente|pays_deduit
2017-2e0d182c-1,2017,loi78,LOI 78,en_ligne,en ligne,CANAL +,CANAL,PARIS,75,75,FR,,commerce,commerce,Commerce,068c80f5__OpenCnil_liste_controles_2017.csv,314,annee_source_absente|pays_deduit
2017-2079210f-1,2017,loi78,LOI 78,en_ligne,en ligne,TF1,TF1,PARIS,75,75,FR,,commerce,commerce,Commerce,068c80f5__OpenCnil_liste_controles_2017.csv,315,annee_source_absente|pays_deduit
2017-646cc29f-1,2017,loi78,LOI 78,en_ligne,en ligne,COOPERATIVE U ENSEIGNE,COOPERATIVE U ENSEIGNE,PARIS,75,75,FR,,commerce,commerce,Commerce,068c80f5__OpenCnil_liste_controles_2017.csv,316,annee_source_absente|pays_deduit
2017-5f0ba3f8-1,2017,loi78,LOI 78,en_ligne,en ligne,M6,M6,PARIS,75,75,FR,,commerce,commerce,Commerce,068c80f5__OpenCnil_liste_controles_2017.csv,317,annee_source_absente|pays_deduit
2017-a551fa42-1,2017,loi78,LOI 78,en_ligne,en ligne,MONSIEUR LEFEBVRE DOMINIQUE,MONSIEUR LEFEBVRE DOMINIQUE,PARIS,75,75,FR,,commerce,commerce,Commerce,068c80f5__OpenCnil_liste_controles_2017.csv,318,annee_source_absente|pays_deduit
2017-1f086afd-1,2017,loi78,LOI 78,en_ligne,en ligne,COMMUNE DE LAVAL,COMMUNE DE LAVAL,PARIS,75,75,FR,,collectivites_territoriales,collectivites_territoriales,Collectivités locales,068c80f5__OpenCnil_liste_controles_2017.csv,319,annee_source_absente|pays_deduit
2017-7385da04-1,2017,loi78,LOI 78,en_ligne,en ligne,OKAIDI,OKAIDI,PARIS,75,75,FR,,commerce,commerce,Commerce,068c80f5__OpenCnil_liste_controles_2017.csv,320,annee_source_absente|pays_deduit
2017-76506db5-1,2017,loi78,LOI 78,en_ligne,en ligne,MEDIATHEQUE DEPARTEMENTALE DE LA DROME,MEDIATHEQUE DEPARTEMENTALE DE LA DROME,PARIS,75,75,FR,,education_culture_sport,education_culture_sport,Education/culture/sport,068c80f5__OpenCnil_liste_controles_2017.csv,321,annee_source_absente|pays_deduit
2017-72a64da0-1,2017,loi78,LOI 78,en_ligne,en ligne,GROSBILL,GROSBILL,PARIS,75,75,FR,,commerce,commerce,Commerce,068c80f5__OpenCnil_liste_controles_2017.csv,322,annee_source_absente|pays_deduit
2017-c838208a-1,2017,loi78,LOI 78,en_ligne,en ligne,ALLIANCEFR.ORG,ALLIANCEFR ORG,PARIS,75,75,FR,,education_culture_sport,education_culture_sport,Education/culture/sport,068c80f5__OpenCnil_liste_controles_2017.csv,323,annee_source_absente|pays_deduit
2017-545b488d-1,2017,videoprotection,VIDEOPROTECTION,sur_place,sur place,SOCIETE BOULANGERIE PATISSERIE RUSSO (SPICHEREN),SOCIETE BOULANGERIE PATISSERIE RUSSO SPICHEREN,SPICHEREN,57,57,FR,,commerce,commerce,Commerce,068c80f5__OpenCnil_liste_controles_2017.csv,324,annee_source_absente|pays_deduit
2017-c3bde25c-1,2017,videoprotection,VIDEOPROTECTION,sur_place,sur place,SOCIETE BOULANGERIE PATISSERIE RUSSO (GROSBLIEDERSTROFF),SOCIETE BOULANGERIE PATISSERIE RUSSO GROSBLIEDERSTROFF,GROSBLIEDERSTROFF,57,57,FR,,commerce,commerce,Commerce,068c80f5__OpenCnil_liste_controles_2017.csv,325,annee_source_absente|pays_deduit
2017-87ba96ea-1,2017,videoprotection,VIDEOPROTECTION,sur_place,sur place,COMMUNE DE DUNKERQUE,COMMUNE DE DUNKERQUE,DUNKERQUE,59,59,FR,,collectivites_territoriales,collectivites_territoriales,Collectivités locales,068c80f5__OpenCnil_liste_controles_2017.csv,326,annee_source_absente|pays_deduit
2017-3e32853a-1,2017,videoprotection,VIDEOPROTECTION,sur_place,sur place,PREFECTURE DE POLICE DE PARIS - IRIS PLAN VIDEOPROTECTION POUR PARIS,PREFECTURE DE POLICE DE PARIS IRIS PLAN VIDEOPROTECTION POUR PARIS,PUTEAUX,92,92,FR,,police_justice_securite,etat_regalien,Police/justice/sécurité,068c80f5__OpenCnil_liste_controles_2017.csv,327,annee_source_absente|pays_deduit
2017-1101cb5a-1,2017,videoprotection,VIDEOPROTECTION,sur_place,sur place,PREFECTURE DE POLICE DE PARIS - DIRECTION DE L'ORDRE PUBLIC ET DE LA CIRCULATION,PREFECTURE DE POLICE DE PARIS DIRECTION DE L ORDRE PUBLIC ET DE LA CIRCULATION,PARIS,75,75,FR,,police_justice_securite,etat_regalien,Police/justice/sécurité,068c80f5__OpenCnil_liste_controles_2017.csv,328,annee_source_absente|pays_deduit
2017-b1fd6b94-1,2017,videoprotection,VIDEOPROTECTION,sur_place,sur place,G.L.C. FITNESS,G L C FITNESS,VILLEURBANNE,69,69,FR,,commerce,commerce,Commerce,068c80f5__OpenCnil_liste_controles_2017.csv,329,annee_source_absente|pays_deduit
2017-c677706f-1,2017,videoprotection,VIDEOPROTECTION,sur_place,sur place,GC FITNESS LYON,GC FITNESS LYON,LYON,69,69,FR,,commerce,commerce,Commerce,068c80f5__OpenCnil_liste_controles_2017.csv,330,annee_source_absente|pays_deduit
2017-c677706f-2,2017,videoprotection,VIDEOPROTECTION,sur_place,sur place,GC FITNESS LYON,GC FITNESS LYON,LYON,69,69,FR,,commerce,commerce,Commerce,068c80f5__OpenCnil_liste_controles_2017.csv,331,annee_source_absente|pays_deduit|ligne_dupliquee
2017-8eb85f50-1,2017,videoprotection,VIDEOPROTECTION,sur_place,sur place,SNCF MOBILITIES (GARE SNCF DE POISSY),SNCF MOBILITIES GARE SNCF DE POISSY,POISSY,78,78,FR,,transports,transports,Transport,068c80f5__OpenCnil_liste_controles_2017.csv,332,annee_source_absente|organisme_multiligne|pays_deduit
2017-31a14b17-1,2017,videoprotection,VIDEOPROTECTION,sur_place,sur place,SNCF MOBILITIES (GARE SNCF SAINT-LAZARE),SNCF MOBILITIES GARE SNCF SAINT LAZARE,PARIS,75,75,FR,,transports,transports,Transport,068c80f5__OpenCnil_liste_controles_2017.csv,334,annee_source_absente|organisme_multiligne|pays_deduit
2017-222aeeca-1,2017,videoprotection,VIDEOPROTECTION,sur_place,sur place,SNCF MOBILITES (GARE SNCF DE ST-LAZARE - BOUTIQUE),SNCF MOBILITES GARE SNCF DE ST LAZARE BOUTIQUE,PARIS,75,75,FR,,transports,transports,Transport,068c80f5__OpenCnil_liste_controles_2017.csv,336,annee_source_absente|organisme_multiligne|pays_deduit
2017-a2e24d21-1,2017,videoprotection,VIDEOPROTECTION,sur_place,sur place,SNCF MOBILITES (GARE SNCF DE CHANTILLY-GOUVIEUX),SNCF MOBILITES GARE SNCF DE CHANTILLY GOUVIEUX,CHANTILLY,60,60,FR,,transports,transports,Transport,068c80f5__OpenCnil_liste_controles_2017.csv,338,annee_source_absente|organisme_multiligne|pays_deduit
2017-92835c1f-1,2017,videoprotection,VIDEOPROTECTION,sur_place,sur place,SNCF MOBILITES (GARE SNCF DE DUNKERQUE),SNCF MOBILITES GARE SNCF DE DUNKERQUE,DUNKERQUE,59,59,FR,,transports,transports,Transport,068c80f5__OpenCnil_liste_controles_2017.csv,340,annee_source_absente|organisme_multiligne|pays_deduit
2017-55a29978-1,2017,videoprotection,VIDEOPROTECTION,sur_place,sur place,SNCF MOBILITIES (GARE SNCF DE MASSY PALAISEAU GRANDE CEINTURE),SNCF MOBILITIES GARE SNCF DE MASSY PALAISEAU GRANDE CEINTURE,MASSY,91,91,FR,,transports,transports,Transport,068c80f5__OpenCnil_liste_controles_2017.csv,342,annee_source_absente|organisme_multiligne|pays_deduit
2017-ee325d99-1,2017,videoprotection,VIDEOPROTECTION,sur_place,sur place,DECATHLON,DECATHLON,PUTEAUX,92,92,FR,,commerce,commerce,Commerce,068c80f5__OpenCnil_liste_controles_2017.csv,344,annee_source_absente|pays_deduit
2017-6422af53-1,2017,videoprotection,VIDEOPROTECTION,sur_place,sur place,COMMUNE DE VITRY-LE-FRANCOIS,COMMUNE DE VITRY LE FRANCOIS,VITRY-LE-FRANCOIS,51,51,FR,,police_justice_securite,etat_regalien,Police/justice/sécurité,068c80f5__OpenCnil_liste_controles_2017.csv,345,annee_source_absente|pays_deduit
2017-0cb7b434-1,2017,videoprotection,VIDEOPROTECTION,sur_place,sur place,HOTEL MELIA,HOTEL MELIA,COURBEVOIE,92,92,FR,,commerce,commerce,Commerce,068c80f5__OpenCnil_liste_controles_2017.csv,346,annee_source_absente|pays_deduit
2017-7b52fef7-1,2017,videoprotection,VIDEOPROTECTION,sur_place,sur place,MUSEE CANTINI,MUSEE CANTINI,MARSEILLE,13,13,FR,,collectivites_territoriales,collectivites_territoriales,Collectivités locales,068c80f5__OpenCnil_liste_controles_2017.csv,347,annee_source_absente|pays_deduit
2017-ebf291dc-1,2017,videoprotection,VIDEOPROTECTION,sur_place,sur place,INSTITUT DU MONDE ARABE,INSTITUT DU MONDE ARABE,PARIS,75,75,FR,,education_culture_sport,education_culture_sport,Education/culture/sport,068c80f5__OpenCnil_liste_controles_2017.csv,348,annee_source_absente|pays_deduit
2017-80dedc5b-1,2017,videoprotection,VIDEOPROTECTION,sur_place,sur place,MUSEE DE LA COUR D'OR - METZ METROPOLE,MUSEE DE LA COUR D OR METZ METROPOLE,METZ,57,57,FR,,education_culture_sport,education_culture_sport,Education/culture/sport,068c80f5__OpenCnil_liste_controles_2017.csv,349,annee_source_absente|pays_deduit
2017-a09059c4-1,2017,videoprotection,VIDEOPROTECTION,sur_place,sur place,PALAIS DES BEAUX ARTS DE LILLE,PALAIS DES BEAUX ARTS DE LILLE,LILLE,59,59,FR,,collectivites_territoriales,collectivites_territoriales,Collectivités locales,068c80f5__OpenCnil_liste_controles_2017.csv,350,annee_source_absente|pays_deduit
2017-e0a33721-1,2017,videoprotection,VIDEOPROTECTION,sur_place,sur place,HOTEL PULLMAN PARIS CENTRE-BERCY,HOTEL PULLMAN PARIS CENTRE BERCY,PARIS,75,75,FR,,commerce,commerce,Commerce,068c80f5__OpenCnil_liste_controles_2017.csv,351,annee_source_absente|pays_deduit
2017-9e6aa9aa-1,2017,videoprotection,VIDEOPROTECTION,sur_place,sur place,SOFITEL PARIS LA DEFENSE,SOFITEL PARIS LA DEFENSE,PARIS LA DEFENSE,92,92,FR,,commerce,commerce,Commerce,068c80f5__OpenCnil_liste_controles_2017.csv,352,annee_source_absente|pays_deduit
2017-f17dda88-1,2017,videoprotection,VIDEOPROTECTION,sur_place,sur place,ZARA,ZARA,MARSEILLE,13,13,FR,,commerce,commerce,Commerce,068c80f5__OpenCnil_liste_controles_2017.csv,353,annee_source_absente|pays_deduit
2017-793bfcff-1,2017,videoprotection,VIDEOPROTECTION,sur_place,sur place,HOTEL PULLMAN MARSEILLE,HOTEL PULLMAN MARSEILLE,MARSEILLE,13,13,FR,,commerce,commerce,Commerce,068c80f5__OpenCnil_liste_controles_2017.csv,354,annee_source_absente|pays_deduit
2017-1fa9aecc-1,2017,videoprotection,VIDEOPROTECTION,sur_place,sur place,GALERIES LAFAYETTE MARSEILLE,GALERIES LAFAYETTE MARSEILLE,MARSEILLE,13,13,FR,,commerce,commerce,Commerce,068c80f5__OpenCnil_liste_controles_2017.csv,355,annee_source_absente|pays_deduit
2017-5e4bdea1-1,2017,videoprotection,VIDEOPROTECTION,sur_place,sur place,INTERMARCHE,INTERMARCHE,FELLETIN,23,23,FR,,commerce,commerce,Commerce,068c80f5__OpenCnil_liste_controles_2017.csv,356,annee_source_absente|pays_deduit
2017-16cdb2ab-1,2017,videoprotection,VIDEOPROTECTION,sur_place,sur place,COMMUNE DE NEUILLY SUR SEINE,COMMUNE DE NEUILLY SUR SEINE,NEUILLY-SUR-SEINE,92,92,FR,,collectivites_territoriales,collectivites_territoriales,Collectivités locales,068c80f5__OpenCnil_liste_controles_2017.csv,357,annee_source_absente|pays_deduit
2017-4d2b941e-1,2017,videoprotection,VIDEOPROTECTION,sur_place,sur place,COMMUNE DE CAEN,COMMUNE DE CAEN,CAEN,14,14,FR,,collectivites_territoriales,collectivites_territoriales,Collectivités locales,068c80f5__OpenCnil_liste_controles_2017.csv,358,annee_source_absente|pays_deduit
2017-a96f88db-1,2017,videoprotection,VIDEOPROTECTION,sur_place,sur place,LYCEE NOTRE DAME DU GRANDCHAMP,LYCEE NOTRE DAME DU GRANDCHAMP,VERSAILLES,78,78,FR,,education_culture_sport,education_culture_sport,Education/culture/sport,068c80f5__OpenCnil_liste_controles_2017.csv,359,annee_source_absente|pays_deduit
2017-f69bf07e-1,2017,videoprotection,VIDEOPROTECTION,sur_place,sur place,HOTEL TRIANON,HOTEL TRIANON,VERSAILLES,78,78,FR,,commerce,commerce,Commerce,068c80f5__OpenCnil_liste_controles_2017.csv,360,annee_source_absente|pays_deduit
2017-3e9cc6ea-1,2017,videoprotection,VIDEOPROTECTION,sur_place,sur place,COMMUNE DE MONTROND-LES-BAINS,COMMUNE DE MONTROND LES BAINS,MONTROND-LES-BAINS,42,42,FR,,collectivites_territoriales,collectivites_territoriales,Collectivités locales,068c80f5__OpenCnil_liste_controles_2017.csv,361,annee_source_absente|pays_deduit
2017-177f1c38-1,2017,videoprotection,VIDEOPROTECTION,sur_place,sur place,MUSEE D'ART MODERNE ET D'ART CONTEMPORAIN DE NICE,MUSEE D ART MODERNE ET D ART CONTEMPORAIN DE NICE,NICE,06,6,FR,,collectivites_territoriales,collectivites_territoriales,Collectivités locales,068c80f5__OpenCnil_liste_controles_2017.csv,362,annee_source_absente|departement_corrige|pays_deduit
2017-2ec9ae53-1,2017,videoprotection,VIDEOPROTECTION,sur_place,sur place,MUSEE D'HISTOIRE NATURELLE ET DE GEOLOGIE,MUSEE D HISTOIRE NATURELLE ET DE GEOLOGIE,LILLE,59,59,FR,,education_culture_sport,education_culture_sport,Education/culture/sport,068c80f5__OpenCnil_liste_controles_2017.csv,363,annee_source_absente|pays_deduit
2017-01790ba9-1,2017,videoprotection,VIDEOPROTECTION,sur_place,sur place,MAIRIE DE LILLE,MAIRIE DE LILLE,LILLE,59,59,FR,,collectivites_territoriales,collectivites_territoriales,Collectivités locales,068c80f5__OpenCnil_liste_controles_2017.csv,364,annee_source_absente|pays_deduit
2017-703210e4-1,2017,videoprotection,VIDEOPROTECTION,sur_place,sur place,E. LECLERC,E LECLERC,REZÉ,44,44,FR,,commerce,commerce,Commerce,068c80f5__OpenCnil_liste_controles_2017.csv,365,annee_source_absente|pays_deduit
2017-94126d9e-1,2017,videoprotection,VIDEOPROTECTION,sur_place,sur place,HOTEL MOLITOR PARIS -MGALLERY BY SOFITEL,HOTEL MOLITOR PARIS MGALLERY BY SOFITEL,PARIS,75,75,FR,,commerce,commerce,Commerce,068c80f5__OpenCnil_liste_controles_2017.csv,366,annee_source_absente|pays_deduit
2017-4c5a1bdd-1,2017,videoprotection,VIDEOPROTECTION,sur_place,sur place,HOTEL DE BELFORT,HOTEL DE BELFORT,PARIS,75,75,FR,,commerce,commerce,Commerce,068c80f5__OpenCnil_liste_controles_2017.csv,367,annee_source_absente|pays_deduit
2017-7370b6ac-1,2017,videoprotection,VIDEOPROTECTION,sur_place,sur place,OPERA NATIONAL DE PARIS,OPERA NATIONAL DE PARIS,PARIS,75,75,FR,,education_culture_sport,education_culture_sport,Education/culture/sport,068c80f5__OpenCnil_liste_controles_2017.csv,368,annee_source_absente|pays_deduit
2017-318d7c6c-1,2017,videoprotection,VIDEOPROTECTION,sur_place,sur place,MAISON DE LA CULTURE DU JAPON A PARIS,MAISON DE LA CULTURE DU JAPON A PARIS,PARIS,75,75,FR,,education_culture_sport,education_culture_sport,Education/culture/sport,068c80f5__OpenCnil_liste_controles_2017.csv,369,annee_source_absente|pays_deduit
2017-c7e239aa-1,2017,videoprotection,VIDEOPROTECTION,sur_place,sur place,CITE MUSICALE DE L'ILE SEGUIN (LA SEINE MUSICALE),CITE MUSICALE DE L ILE SEGUIN LA SEINE MUSICALE,BOULOGNE-BILLANCOURT,92,92,FR,,education_culture_sport,education_culture_sport,Education/culture/sport,068c80f5__OpenCnil_liste_controles_2017.csv,370,annee_source_absente|organisme_multiligne|pays_deduit
2017-0232d2ff-1,2017,videoprotection,VIDEOPROTECTION,sur_place,sur place,MAIRIE DE MONTESSON,MAIRIE DE MONTESSON,MONTESSON,78,78,FR,,collectivites_territoriales,collectivites_territoriales,Collectivités locales,068c80f5__OpenCnil_liste_controles_2017.csv,372,annee_source_absente|pays_deduit
2017-10a2fb3e-1,2017,videoprotection,VIDEOPROTECTION,sur_place,sur place,BRICORAMA,BRICORAMA,ORGEVAL,78,78,FR,,commerce,commerce,Commerce,068c80f5__OpenCnil_liste_controles_2017.csv,373,annee_source_absente|pays_deduit
2017-e3659228-1,2017,videoprotection,VIDEOPROTECTION,sur_place,sur place,OPERA NATIONAL DE PARIS,OPERA NATIONAL DE PARIS,PARIS,78,78,FR,,education_culture_sport,education_culture_sport,Education/culture/sport,068c80f5__OpenCnil_liste_controles_2017.csv,374,annee_source_absente|pays_deduit
2017-351f72a6-1,2017,videoprotection,VIDEOPROTECTION,sur_place,sur place,MOHGHOTEL (MANDARIN ORIENTAL PARIS),MOHGHOTEL MANDARIN ORIENTAL PARIS,PARIS,75,75,FR,,commerce,commerce,Commerce,068c80f5__OpenCnil_liste_controles_2017.csv,375,annee_source_absente|pays_deduit
2017-277c77e8-1,2017,videoprotection,VIDEOPROTECTION,sur_place,sur place,PARFUM (LE GRAND MUSEE DU PARFUM),PARFUM LE GRAND MUSEE DU PARFUM,PARIS,75,75,FR,,education_culture_sport,education_culture_sport,Education/culture/sport,068c80f5__OpenCnil_liste_controles_2017.csv,376,annee_source_absente|pays_deduit
2017-d12bf784-1,2017,videoprotection,VIDEOPROTECTION,sur_place,sur place,HIPPODROME DE VINCENNES,HIPPODROME DE VINCENNES,PARIS,75,75,FR,,commerce,commerce,Commerce,068c80f5__OpenCnil_liste_controles_2017.csv,377,annee_source_absente|pays_deduit
2018-aaeda7b9-1,2018,loi78,LOI 78,sur_place,sur place,ACTIVE ASSURANCES,ACTIVE ASSURANCES,PARIS,75,75,FR,,assurance,assurance,Assurances,4959b379__opencnil-liste-controles-2018.csv,3,annee_source_absente|pays_deduit
2018-ef5c1d04-1,2018,loi78,LOI 78,sur_place,sur place,ALFA,ALFA,PARIS,75,75,FR,,assurance,assurance,Assurances,4959b379__opencnil-liste-controles-2018.csv,4,annee_source_absente|pays_deduit
2018-ef5c1d04-2,2018,loi78,LOI 78,sur_place,sur place,ALFA,ALFA,PARIS,75,75,FR,,assurance,assurance,Assurances,4959b379__opencnil-liste-controles-2018.csv,5,annee_source_absente|pays_deduit|ligne_dupliquee
2018-ad357b9e-1,2018,loi78,LOI 78,sur_place,sur place,ALIENOR,ALIENOR,PAU,64,64,FR,,transports,transports,Transports,4959b379__opencnil-liste-controles-2018.csv,6,annee_source_absente|pays_deduit
2018-87205c7e-1,2018,loi78,LOI 78,sur_place,sur place,ALLIANCE FRANCAISE PARIS ILE-DE-FRANCE,ALLIANCE FRANCAISE PARIS ILE DE FRANCE,PARIS,75,75,FR,,education,education_culture_sport,Education,4959b379__opencnil-liste-controles-2018.csv,7,annee_source_absente|pays_deduit
2018-5463a3f8-1,2018,loi78,LOI 78,sur_place,sur place,APRR,APRR,SAINT-APPOLINAIRE,21,21,FR,,transports,transports,Transports,4959b379__opencnil-liste-controles-2018.csv,8,annee_source_absente|pays_deduit
2018-68d034e5-1,2018,loi78,LOI 78,sur_place,sur place,ARCA PATRIMONE,ARCA PATRIMONE,BOULOGNE-BILLANCOURT,92,92,FR,,banque,banque,Banques,4959b379__opencnil-liste-controles-2018.csv,9,annee_source_absente|pays_deduit
2018-bc46ae28-1,2018,loi78,LOI 78,sur_place,sur place,ASSISTANCE CENTRE D'APPEL,ASSISTANCE CENTRE D APPEL,GOUSSAINVILLE,95,95,FR,,commerce,commerce,Commerce,4959b379__opencnil-liste-controles-2018.csv,10,annee_source_absente|pays_deduit
2018-3698f0b5-1,2018,loi78,LOI 78,sur_place,sur place,ASSOCIATION AURORE,ASSOCIATION AURORE,PARIS,75,75,FR,,social,sante_social,Social,4959b379__opencnil-liste-controles-2018.csv,11,annee_source_absente|pays_deduit
2018-1f7100bc-1,2018,loi78,LOI 78,sur_place,sur place,AUTOROUTES DU SUD DE LA FRANCE,AUTOROUTES DU SUD DE LA FRANCE,RUEIL-MALMAISON,92,92,FR,,transports,transports,Transports,4959b379__opencnil-liste-controles-2018.csv,12,annee_source_absente|pays_deduit
2018-cbfb1151-1,2018,loi78,LOI 78,sur_place,sur place,BIM,BIM,PARIS,75,75,FR,,commerce,commerce,Commerce,4959b379__opencnil-liste-controles-2018.csv,13,annee_source_absente|pays_deduit
2018-588b1e4d-1,2018,loi78,LOI 78,sur_place,sur place,BOUYGUES TELECOM,BOUYGUES TELECOM,MEUDON,92,92,FR,,commerce,commerce,Commerce,4959b379__opencnil-liste-controles-2018.csv,14,annee_source_absente|pays_deduit
2018-de08f098-1,2018,loi78,LOI 78,sur_place,sur place,BRICO PRIVE,BRICO PRIVE,L'UNION,31,31,FR,,commerce,commerce,Commerce,4959b379__opencnil-liste-controles-2018.csv,15,annee_source_absente|pays_deduit
2018-9501172c-1,2018,loi78,LOI 78,sur_place,sur place,BUSINESS SUPPORT SERVICES - B2S,BUSINESS SUPPORT SERVICES B2S,GENNEVILLIERS,92,92,FR,,commerce,commerce,Commerce,4959b379__opencnil-liste-controles-2018.csv,16,annee_source_absente|pays_deduit
2018-c4e1b4d0-1,2018,loi78,LOI 78,sur_place,sur place,CABINET FREDELION,CABINET FREDELION,PARIS,75,75,FR,,immobilier,immobilier,Immobilier,4959b379__opencnil-liste-controles-2018.csv,17,annee_source_absente|pays_deduit
2018-24de76ae-1,2018,loi78,LOI 78,sur_place,sur place,CAISSE REGIONALE DU CREDIT AGRICOLE MUTUEL CHARENTE-MARITIME DEUX SEVRES,CAISSE REGIONALE DU CREDIT AGRICOLE MUTUEL CHARENTE MARITIME DEUX SEVRES,LAGORD,17,17,FR,,sante,sante_social,Santé,4959b379__opencnil-liste-controles-2018.csv,18,annee_source_absente|pays_deduit
2018-2ad1b6b1-1,2018,loi78,LOI 78,sur_place,sur place,CARPS INTERNATIONAL,CARPS INTERNATIONAL,PARIS,75,75,FR,,assurance,assurance,Assurances,4959b379__opencnil-liste-controles-2018.csv,19,annee_source_absente|pays_deduit
2018-0d72eceb-1,2018,loi78,LOI 78,sur_place,sur place,CBIEN,CBIEN,PARIS,75,75,FR,,commerce,commerce,Commerce,4959b379__opencnil-liste-controles-2018.csv,20,annee_source_absente|pays_deduit
2018-fa41a949-1,2018,loi78,LOI 78,sur_place,sur place,CENTRE D'APPUI POUR LA PREVENTION DES INFECTIONS ASSOCIEES AUX SOINS D'ILE-DE-FRANCE,CENTRE D APPUI POUR LA PREVENTION DES INFECTIONS ASSOCIEES AUX SOINS D ILE DE FRANCE,PARIS,75,75,FR,,sante_social,sante_social,Santé/social,4959b379__opencnil-liste-controles-2018.csv,21,annee_source_absente|pays_deduit
2018-8136c8b8-1,2018,loi78,LOI 78,sur_place,sur place,CHAUFFEUR PRIVE (TRANSCOVO),CHAUFFEUR PRIVE TRANSCOVO,LEVALLOIS-PERRET,92,92,FR,,transports,transports,Transports,4959b379__opencnil-liste-controles-2018.csv,22,annee_source_absente|pays_deduit
2018-b42e2468-1,2018,loi78,LOI 78,sur_place,sur place,COACHCLUB,COACHCLUB,PARIS,75,75,FR,,sport,education_culture_sport,Sport,4959b379__opencnil-liste-controles-2018.csv,23,annee_source_absente|pays_deduit
2018-1af4215e-1,2018,loi78,LOI 78,sur_place,sur place,COMMUNE DE MARSEILLE,COMMUNE DE MARSEILLE,MARSEILLE,13,13,FR,,collectivites_territoriales,collectivites_territoriales,Collectivités territoriales,4959b379__opencnil-liste-controles-2018.csv,24,annee_source_absente|pays_deduit
2018-75313abe-1,2018,loi78,LOI 78,sur_place,sur place,CONSEIL REGIONAL ILE DE FRANCE,CONSEIL REGIONAL ILE DE FRANCE,PARIS,75,75,FR,,collectivites_territoriales,collectivites_territoriales,Collectivités territoriales,4959b379__opencnil-liste-controles-2018.csv,25,annee_source_absente|pays_deduit
2018-4276bc86-1,2018,loi78,LOI 78,sur_place,sur place,CONTRAT FACILE,CONTRAT FACILE,GENTILLY,94,94,FR,,commerce,commerce,Commerce,4959b379__opencnil-liste-controles-2018.csv,26,annee_source_absente|pays_deduit
2018-aebb90c7-1,2018,loi78,LOI 78,sur_place,sur place,DEPARTEMENT DU VAL-DE-MARNE,DEPARTEMENT DU VAL DE MARNE,VITRY-SUR-SEINE,94,94,FR,,collectivites_territoriales,collectivites_territoriales,Collectivités territoriales,4959b379__opencnil-liste-controles-2018.csv,27,annee_source_absente|pays_deduit
2018-42a6a334-1,2018,loi78,LOI 78,sur_place,sur place,DIRECT ENERGIE,DIRECT ENERGIE,PARIS,75,75,FR,,energie,energie_environnement,Energie,4959b379__opencnil-liste-controles-2018.csv,28,annee_source_absente|pays_deduit
2018-ec6c0472-1,2018,loi78,LOI 78,sur_place,sur place,DIRECTION DEPARTEMENTALE DE LA SECURITE PUBLIQUE,DIRECTION DEPARTEMENTALE DE LA SECURITE PUBLIQUE,VIROFLAY,78,78,FR,,regalien,etat_regalien,Régalien,4959b379__opencnil-liste-controles-2018.csv,29,annee_source_absente|pays_deduit
2018-85743050-1,2018,loi78,LOI 78,sur_place,sur place,DISTRICOM SALES AND MARKETING,DISTRICOM SALES AND MARKETING,ASNIERES-SUR-SEINE,92,92,FR,,travail,travail,Travail,4959b379__opencnil-liste-controles-2018.csv,30,annee_source_absente|pays_deduit
2018-8ac74ba2-1,2018,loi78,LOI 78,sur_place,sur place,DOCTIPHARMA,DOCTIPHARMA,LEVALLOIS-PERRET,92,92,FR,,sante,sante_social,Santé,4959b379__opencnil-liste-controles-2018.csv,31,annee_source_absente|pays_deduit
2018-8ac74ba2-2,2018,loi78,LOI 78,sur_place,sur place,DOCTIPHARMA,DOCTIPHARMA,LEVALLOIS-PERRET,92,92,FR,,sante,sante_social,Santé,4959b379__opencnil-liste-controles-2018.csv,32,annee_source_absente|pays_deduit|ligne_dupliquee
2018-390dc236-1,2018,loi78,LOI 78,sur_place,sur place,ECOLE 42,ECOLE 42,PARIS,75,75,FR,,education,education_culture_sport,Education,4959b379__opencnil-liste-controles-2018.csv,33,annee_source_absente|pays_deduit
2018-390dc236-2,2018,loi78,LOI 78,sur_place,sur place,ECOLE 42,ECOLE 42,PARIS,75,75,FR,,education,education_culture_sport,Education,4959b379__opencnil-liste-controles-2018.csv,34,annee_source_absente|pays_deduit|ligne_dupliquee
2018-5ab5d35f-1,2018,loi78,LOI 78,sur_place,sur place,ECOLE ELEMENTAIRE PUBLIQUE JEHAN DE BRIE,ECOLE ELEMENTAIRE PUBLIQUE JEHAN DE BRIE,JOUARRE,77,77,FR,,education,education_culture_sport,Education,4959b379__opencnil-liste-controles-2018.csv,35,annee_source_absente|pays_deduit
2018-a57ac2f3-1,2018,loi78,LOI 78,sur_place,sur place,EQUANUM,EQUANUM,PARIS,75,75,FR,,commerce,commerce,Commerce,4959b379__opencnil-liste-controles-2018.csv,36,annee_source_absente|pays_deduit
2018-a57ac2f3-2,2018,loi78,LOI 78,sur_place,sur place,EQUANUM,EQUANUM,PARIS,75,75,FR,,commerce,commerce,Commerce,4959b379__opencnil-liste-controles-2018.csv,37,annee_source_absente|pays_deduit|ligne_dupliquee
2018-62363444-1,2018,loi78,LOI 78,sur_place,sur place,EVS AUTO-ECOLE,EVS AUTO ECOLE,PARIS,75,75,FR,,transports,transports,Transports,4959b379__opencnil-liste-controles-2018.csv,38,annee_source_absente|pays_deduit
2018-303687da-1,2018,loi78,LOI 78,sur_place,sur place,FIDZUP,FIDZUP,PARIS,75,75,FR,,commerce,commerce,Commerce,4959b379__opencnil-liste-controles-2018.csv,39,annee_source_absente|pays_deduit
2018-486a203c-1,2018,loi78,LOI 78,sur_place,sur place,FIGARO CLASSIFIEDS,FIGARO CLASSIFIEDS,PARIS,75,75,FR,,travail,travail,Travail,4959b379__opencnil-liste-controles-2018.csv,40,annee_source_absente|pays_deduit
2018-04c2516e-1,2018,loi78,LOI 78,sur_place,sur place,FITIZZY,FITIZZY,LILLE,59,59,FR,,commerce,commerce,Commerce,4959b379__opencnil-liste-controles-2018.csv,41,annee_source_absente|pays_deduit
2018-e39cdeec-1,2018,loi78,LOI 78,sur_place,sur place,FLASH CONTRACT,FLASH CONTRACT,PARIS,75,75,FR,,commerce,commerce,Commerce,4959b379__opencnil-liste-controles-2018.csv,42,annee_source_absente|pays_deduit
2018-7ce86f29-1,2018,loi78,LOI 78,sur_place,sur place,FOODVISOR,FOODVISOR,PARIS,75,75,FR,,commerce,commerce,Commerce,4959b379__opencnil-liste-controles-2018.csv,43,annee_source_absente|pays_deduit
2018-7ce86f29-2,2018,loi78,LOI 78,sur_place,sur place,FOODVISOR,FOODVISOR,PARIS,75,75,FR,,commerce,commerce,Commerce,4959b379__opencnil-liste-controles-2018.csv,44,annee_source_absente|pays_deduit|ligne_dupliquee
2018-859daee4-1,2018,loi78,LOI 78,sur_place,sur place,FREMANTLEMEDIA FRANCE,FREMANTLEMEDIA FRANCE,PARIS,75,75,FR,,commerce,commerce,Commerce,4959b379__opencnil-liste-controles-2018.csv,45,annee_source_absente|pays_deduit
2018-2368f944-1,2018,loi78,LOI 78,sur_place,sur place,FUTURA INTERNATIONAL,FUTURA INTERNATIONAL,BONNEUIL-SUR-MARNE,94,94,FR,,commerce,commerce,Commerce,4959b379__opencnil-liste-controles-2018.csv,46,annee_source_absente|pays_deduit
2018-99a1002a-1,2018,loi78,LOI 78,sur_place,sur place,GROUPE B2V,GROUPE B2V,COURBEVOIE,92,92,FR,,sante_social,sante_social,Santé/social,4959b379__opencnil-liste-controles-2018.csv,47,annee_source_absente|pays_deduit
2018-99a1002a-2,2018,loi78,LOI 78,sur_place,sur place,GROUPE B2V,GROUPE B2V,COURBEVOIE,92,92,FR,,sante_social,sante_social,Santé/social,4959b379__opencnil-liste-controles-2018.csv,48,annee_source_absente|pays_deduit|ligne_dupliquee
2018-c86fe5b4-1,2018,loi78,LOI 78,sur_place,sur place,GROUPE MALAKOFF MEDERIC,GROUPE MALAKOFF MEDERIC,PARIS,75,75,FR,,assurance,assurance,Assurances,4959b379__opencnil-liste-controles-2018.csv,49,annee_source_absente|pays_deduit
2018-52c0ad4f-1,2018,loi78,LOI 78,sur_place,sur place,GROUPE MEDICAL DES DENTELLIERES,GROUPE MEDICAL DES DENTELLIERES,VALENCIENNES,59,59,FR,,sante,sante_social,Santé,4959b379__opencnil-liste-controles-2018.csv,50,annee_source_absente|pays_deduit
2018-994ede45-1,2018,loi78,LOI 78,sur_place,sur place,GROUPE PRO BTP,GROUPE PRO BTP,PARIS,75,75,FR,,assurance,assurance,Assurances,4959b379__opencnil-liste-controles-2018.csv,51,annee_source_absente|pays_deduit
2018-0d3e2d7e-1,2018,loi78,LOI 78,sur_place,sur place,GROUPE SOLUTION ENERGIE,GROUPE SOLUTION ENERGIE,SAINT-OUEN,93,93,FR,,commerce,commerce,Commerce,4959b379__opencnil-liste-controles-2018.csv,52,annee_source_absente|pays_deduit
2018-0d3e2d7e-2,2018,loi78,LOI 78,sur_place,sur place,GROUPE SOLUTION ENERGIE,GROUPE SOLUTION ENERGIE,SAINT-OUEN,93,93,FR,,commerce,commerce,Commerce,4959b379__opencnil-liste-controles-2018.csv,53,annee_source_absente|pays_deduit|ligne_dupliquee
2018-89334c88-1,2018,loi78,LOI 78,sur_place,sur place,GUY HOQUET PARIS 18 OUEST,GUY HOQUET PARIS 18 OUEST,PARIS,75,75,FR,,immobilier,immobilier,Immobilier,4959b379__opencnil-liste-controles-2018.csv,54,annee_source_absente|pays_deduit
2018-9250b8b4-1,2018,loi78,LOI 78,sur_place,sur place,HELLO ASSO,HELLO ASSO,BORDEAUX,33,33,FR,,commerce,commerce,Commerce,4959b379__opencnil-liste-controles-2018.csv,55,annee_source_absente|pays_deduit
2018-9250b8b4-2,2018,loi78,LOI 78,sur_place,sur place,HELLO ASSO,HELLO ASSO,BORDEAUX,33,33,FR,,commerce,commerce,Commerce,4959b379__opencnil-liste-controles-2018.csv,56,annee_source_absente|pays_deduit|ligne_dupliquee
2018-a036939b-1,2018,loi78,LOI 78,sur_place,sur place,HOTEL SQUARE LOUVOIS,HOTEL SQUARE LOUVOIS,PARIS,75,75,FR,,commerce,commerce,Commerce,4959b379__opencnil-liste-controles-2018.csv,57,annee_source_absente|pays_deduit
2018-5637d09e-1,2018,loi78,LOI 78,sur_place,sur place,HUMANIS ASSURANCES,HUMANIS ASSURANCES,PARIS,75,75,FR,,assurance,assurance,Assurances,4959b379__opencnil-liste-controles-2018.csv,58,annee_source_absente|pays_deduit
2018-5962698d-1,2018,loi78,LOI 78,sur_place,sur place,IBIS BUDGET,IBIS BUDGET,COURCOURONNES,91,91,FR,,commerce,commerce,Commerce,4959b379__opencnil-liste-controles-2018.csv,59,annee_source_absente|pays_deduit
2018-ddb87861-1,2018,loi78,LOI 78,sur_place,sur place,IBIS BUDGET,IBIS BUDGET,VILLEMOMBLE,93,93,FR,,tourisme,commerce,Tourisme,4959b379__opencnil-liste-controles-2018.csv,60,annee_source_absente|pays_deduit
2018-239da361-1,2018,loi78,LOI 78,sur_place,sur place,INFOMIL,INFOMIL,TOULOUSE,31,31,FR,,commerce,commerce,Commerce,4959b379__opencnil-liste-controles-2018.csv,61,annee_source_absente|pays_deduit
2018-e0220f5e-1,2018,loi78,LOI 78,sur_place,sur place,INSTITUT DES TECHNIQUES INFORMATIQUES ET COMMERCIALES,INSTITUT DES TECHNIQUES INFORMATIQUES ET COMMERCIALES,PARIS,75,75,FR,,education,education_culture_sport,Education,4959b379__opencnil-liste-controles-2018.csv,62,annee_source_absente|pays_deduit
2018-4c44fc5e-1,2018,loi78,LOI 78,sur_place,sur place,KISSKISSBANKBANK,KISSKISSBANKBANK,PARIS,75,75,FR,,commerce,commerce,Commerce,4959b379__opencnil-liste-controles-2018.csv,63,annee_source_absente|pays_deduit
2018-8d3c486d-1,2018,loi78,LOI 78,sur_place,sur place,LA GROSSE EQUIPE,LA GROSSE EQUIPE,BOULOGNE-BILLANCOURT,92,92,FR,,commerce,commerce,Commerce,4959b379__opencnil-liste-controles-2018.csv,64,annee_source_absente|pays_deduit
2018-e5df340b-1,2018,loi78,LOI 78,sur_place,sur place,LAMADELEINE.FR,LAMADELEINE FR,LA MADELEINE,59,59,FR,,collectivites_territoriales,collectivites_territoriales,Collectivités territoriales,4959b379__opencnil-liste-controles-2018.csv,65,annee_source_absente|pays_deduit
2018-ac93ddfd-1,2018,loi78,LOI 78,sur_place,sur place,LES CERCLES DE LA FORME DEVELOPPEMENT ET GUERSANT SPORTS,LES CERCLES DE LA FORME DEVELOPPEMENT ET GUERSANT SPORTS,PARIS,75,75,FR,,commerce,commerce,Commerce,4959b379__opencnil-liste-controles-2018.csv,66,annee_source_absente|pays_deduit
2018-85cb0d70-1,2018,loi78,LOI 78,sur_place,sur place,LGHA AUTO,LGHA AUTO,PARIS,75,75,FR,,commerce,commerce,Commerce,4959b379__opencnil-liste-controles-2018.csv,67,annee_source_absente|pays_deduit
2018-ce8ccdb9-1,2018,loi78,LOI 78,sur_place,sur place,LOCAREVI,LOCAREVI,ESCAUDAIN,59,59,FR,,commerce,commerce,Commerce,4959b379__opencnil-liste-controles-2018.csv,68,annee_source_absente|pays_deduit
2018-bb5e888e-1,2018,loi78,LOI 78,sur_place,sur place,LYCEE ADOLPHE CHERIOUX,LYCEE ADOLPHE CHERIOUX,VITRY-SUR-SEINE,94,94,FR,,education,education_culture_sport,Education,4959b379__opencnil-liste-controles-2018.csv,69,annee_source_absente|pays_deduit
2018-4cca03ac-1,2018,loi78,LOI 78,sur_place,sur place,MAAF,MAAF,CHAUNAY,79,79,FR,,assurance,assurance,Assurances,4959b379__opencnil-liste-controles-2018.csv,70,annee_source_absente|pays_deduit
2018-38bacd90-1,2018,loi78,LOI 78,sur_place,sur place,MAIRIE DE CASTANET TOLOSAN,MAIRIE DE CASTANET TOLOSAN,CASTANET-TOLOSAN,31,31,FR,,collectivites_territoriales,collectivites_territoriales,Collectivités territoriales,4959b379__opencnil-liste-controles-2018.csv,71,annee_source_absente|pays_deduit
2018-da1f2c5b-1,2018,loi78,LOI 78,sur_place,sur place,MAIRIE DE MAISONS-ALFORT,MAIRIE DE MAISONS ALFORT,MAISONS-ALFORT,94,94,FR,,education,education_culture_sport,Education,4959b379__opencnil-liste-controles-2018.csv,72,annee_source_absente|pays_deduit
2018-90955038-1,2018,loi78,LOI 78,sur_place,sur place,MAIRIE DE PARIS,MAIRIE DE PARIS,PARIS,75,75,FR,,social,sante_social,Social,4959b379__opencnil-liste-controles-2018.csv,73,annee_source_absente|pays_deduit
2018-bd62ca14-1,2018,loi78,LOI 78,sur_place,sur place,MARIANNE FORMATION,MARIANNE FORMATION,PARIS,75,75,FR,,transports,transports,Transports,4959b379__opencnil-liste-controles-2018.csv,74,annee_source_absente|pays_deduit
2018-9b9d6639-1,2018,loi78,LOI 78,sur_place,sur place,MAYGNAN FERMETURES,MAYGNAN FERMETURES,BOUFFEMONT,95,95,FR,,commerce,commerce,Commerce,4959b379__opencnil-liste-controles-2018.csv,75,annee_source_absente|pays_deduit
2018-526f18e7-1,2018,loi78,LOI 78,sur_place,sur place,MERCURE FORMATION,MERCURE FORMATION,PARIS,75,75,FR,,transports,transports,Transports,4959b379__opencnil-liste-controles-2018.csv,76,annee_source_absente|pays_deduit
2018-686ac541-1,2018,loi78,LOI 78,sur_place,sur place,MINISTERE DE L'ECONOMIE - TRACFIN,MINISTERE DE L ECONOMIE TRACFIN,MONTREUIL,93,93,FR,,regalien,etat_regalien,Régalien,4959b379__opencnil-liste-controles-2018.csv,77,annee_source_absente|pays_deduit
2018-686ac541-2,2018,loi78,LOI 78,sur_place,sur place,MINISTERE DE L'ECONOMIE - TRACFIN,MINISTERE DE L ECONOMIE TRACFIN,MONTREUIL,93,93,FR,,regalien,etat_regalien,Régalien,4959b379__opencnil-liste-controles-2018.csv,78,annee_source_absente|pays_deduit|ligne_dupliquee
2018-0f98ba91-1,2018,loi78,LOI 78,sur_place,sur place,MINISTERE DE L'ECONOMIE - TRACFIN,MINISTERE DE L ECONOMIE TRACFIN,MONTREUIL,93,93,FR,,finances_publiques,etat_regalien,Finances publiques,4959b379__opencnil-liste-controles-2018.csv,79,annee_source_absente|pays_deduit
2018-0f98ba91-2,2018,loi78,LOI 78,sur_place,sur place,MINISTERE DE L'ECONOMIE - TRACFIN,MINISTERE DE L ECONOMIE TRACFIN,MONTREUIL,93,93,FR,,finances_publiques,etat_regalien,Finances publiques,4959b379__opencnil-liste-controles-2018.csv,80,annee_source_absente|pays_deduit|ligne_dupliquee
2018-686ac541-3,2018,loi78,LOI 78,sur_place,sur place,MINISTERE DE L'ECONOMIE - TRACFIN,MINISTERE DE L ECONOMIE TRACFIN,MONTREUIL,93,93,FR,,regalien,etat_regalien,Régalien,4959b379__opencnil-liste-controles-2018.csv,81,annee_source_absente|pays_deduit|ligne_dupliquee
2018-0f98ba91-3,2018,loi78,LOI 78,sur_place,sur place,MINISTERE DE L'ECONOMIE - TRACFIN,MINISTERE DE L ECONOMIE TRACFIN,MONTREUIL,93,93,FR,,finances_publiques,etat_regalien,Finances publiques,4959b379__opencnil-liste-controles-2018.csv,82,annee_source_absente|pays_deduit|ligne_dupliquee
2018-8ad61dce-1,2018,loi78,LOI 78,sur_place,sur place,MINISTERE DE L'ECONOMIE - TRACFIN,MINISTERE DE L ECONOMIE TRACFIN,LYON,69,69,FR,,regalien,etat_regalien,Régalien,4959b379__opencnil-liste-controles-2018.csv,83,annee_source_absente|pays_deduit
2018-e77bb43d-1,2018,loi78,LOI 78,sur_place,sur place,MINISTERE DE L'INTERIEUR,MINISTERE DE L INTERIEUR,PARIS,75,75,FR,,regalien,etat_regalien,Régalien,4959b379__opencnil-liste-controles-2018.csv,84,annee_source_absente|pays_deduit
2018-e77bb43d-2,2018,loi78,LOI 78,sur_place,sur place,MINISTERE DE L'INTERIEUR,MINISTERE DE L INTERIEUR,PARIS,75,75,FR,,regalien,etat_regalien,Régalien,4959b379__opencnil-liste-controles-2018.csv,85,annee_source_absente|pays_deduit|ligne_dupliquee
2018-63e8e231-1,2018,loi78,LOI 78,sur_place,sur place,MONOP',MONOP,TOULOUSE,31,31,FR,,commerce,commerce,Commerce,4959b379__opencnil-liste-controles-2018.csv,86,annee_source_absente|pays_deduit
2018-20939a80-1,2018,loi78,LOI 78,sur_place,sur place,MY MONEY TIME,MY MONEY TIME,BIARRITZ,64,64,FR,,commerce,commerce,Commerce,4959b379__opencnil-liste-controles-2018.csv,87,annee_source_absente|pays_deduit
2018-2e3b169b-1,2018,loi78,LOI 78,sur_place,sur place,NEXITY,NEXITY,PARIS,75,75,FR,,immobilier,immobilier,Immobilier,4959b379__opencnil-liste-controles-2018.csv,88,annee_source_absente|pays_deduit
2018-6ba86a99-1,2018,loi78,LOI 78,sur_place,sur place,NEXITY AIX MIRABEAU,NEXITY AIX MIRABEAU,AIX-EN-PROVENCE,13,13,FR,,immobilier,immobilier,Immobilier,4959b379__opencnil-liste-controles-2018.csv,89,annee_source_absente|pays_deduit
2018-b04e52f5-1,2018,loi78,LOI 78,sur_place,sur place,PANDACRAFT,PANDACRAFT,PARIS,75,75,FR,,commerce,commerce,Commerce,4959b379__opencnil-liste-controles-2018.csv,90,annee_source_absente|pays_deduit
2018-b04e52f5-2,2018,loi78,LOI 78,sur_place,sur place,PANDACRAFT,PANDACRAFT,PARIS,75,75,FR,,commerce,commerce,Commerce,4959b379__opencnil-liste-controles-2018.csv,91,annee_source_absente|pays_deduit|ligne_dupliquee
2018-65c9ef40-1,2018,loi78,LOI 78,sur_place,sur place,PHARMACIE LEONARD DE VINCI,PHARMACIE LEONARD DE VINCI,COURBEVOIE,92,92,FR,,sante,sante_social,Santé,4959b379__opencnil-liste-controles-2018.csv,92,annee_source_absente|pays_deduit
2018-77f47839-1,2018,loi78,LOI 78,sur_place,sur place,PHARMACIE SAINT BARTHELEMY,PHARMACIE SAINT BARTHELEMY,MARSEILLE,13,13,FR,,sante,sante_social,Santé,4959b379__opencnil-liste-controles-2018.csv,93,annee_source_absente|pays_deduit
2018-582ebad2-1,2018,loi78,LOI 78,sur_place,sur place,PRIMAVISTA,PRIMAVISTA,COLOMBES,92,92,FR,,commerce,commerce,Commerce,4959b379__opencnil-liste-controles-2018.csv,94,annee_source_absente|pays_deduit
2018-fdb2ddae-1,2018,loi78,LOI 78,sur_place,sur place,R&L,R L,LYON,69,69,FR,,transports,transports,Transports,4959b379__opencnil-liste-controles-2018.csv,95,annee_source_absente|pays_deduit
2018-3ed6c398-1,2018,loi78,LOI 78,sur_place,sur place,RATP,RATP,PARIS,75,75,FR,,sante_social,sante_social,Santé/social,4959b379__opencnil-liste-controles-2018.csv,96,annee_source_absente|pays_deduit
2018-7e2e98c9-1,2018,loi78,LOI 78,sur_place,sur place,ROGERVOICE,ROGERVOICE,PARIS,75,75,FR,,commerce,commerce,Commerce,4959b379__opencnil-liste-controles-2018.csv,97,annee_source_absente|pays_deduit
2018-a511c253-1,2018,loi78,LOI 78,sur_place,sur place,SAINT QUENTIN MOBILITES,SAINT QUENTIN MOBILITES,SAINT-QUENTIN,02,2,FR,,transports,transports,Transports,4959b379__opencnil-liste-controles-2018.csv,98,annee_source_absente|departement_corrige|pays_deduit
2018-9fdcb1c1-1,2018,loi78,LOI 78,sur_place,sur place,SAMASSUR,SAMASSUR,AIX-EN-PROVENCE,13,13,FR,,assurance,assurance,Assurances,4959b379__opencnil-liste-controles-2018.csv,99,annee_source_absente|pays_deduit
2018-3beebf94-1,2018,loi78,LOI 78,sur_place,sur place,SELECTOUR ENTREPRISE,SELECTOUR ENTREPRISE,TOULOUSE,31,31,FR,,tourisme,commerce,Tourisme,4959b379__opencnil-liste-controles-2018.csv,100,annee_source_absente|pays_deduit
2018-75cd3532-1,2018,loi78,LOI 78,sur_place,sur place,SERGIC,SERGIC,WASQUEHAL,59,59,FR,,immobilier,immobilier,Immobilier,4959b379__opencnil-liste-controles-2018.csv,101,annee_source_absente|pays_deduit
2018-bdd263de-1,2018,loi78,LOI 78,sur_place,sur place,SERVICE A COMPETENCE NATIONALE TRACFIN,SERVICE A COMPETENCE NATIONALE TRACFIN,MONTREUIL,93,93,FR,,finances_publiques,etat_regalien,Finances publiques,4959b379__opencnil-liste-controles-2018.csv,102,annee_source_absente|pays_deduit
2018-bdd263de-2,2018,loi78,LOI 78,sur_place,sur place,SERVICE A COMPETENCE NATIONALE TRACFIN,SERVICE A COMPETENCE NATIONALE TRACFIN,MONTREUIL,93,93,FR,,finances_publiques,etat_regalien,Finances publiques,4959b379__opencnil-liste-controles-2018.csv,103,annee_source_absente|pays_deduit|ligne_dupliquee
2018-ea398b4a-1,2018,loi78,LOI 78,sur_place,sur place,SESSAD E.C.L.A. DE ROUBAIX,SESSAD E C L A DE ROUBAIX,ROUBAIX,59,59,FR,,social,sante_social,Social,4959b379__opencnil-liste-controles-2018.csv,104,annee_source_absente|pays_deduit
2018-267810d0-1,2018,loi78,LOI 78,sur_place,sur place,SINGLESPOT,SINGLESPOT,PARIS,75,75,FR,,commerce,commerce,Commerce,4959b379__opencnil-liste-controles-2018.csv,105,annee_source_absente|pays_deduit
2018-dfbec2db-1,2018,loi78,LOI 78,sur_place,sur place,SMART AUTO STOP,SMART AUTO STOP,PALAISEAU,91,91,FR,,transports,transports,Transports,4959b379__opencnil-liste-controles-2018.csv,106,annee_source_absente|pays_deduit
2018-8eeadd60-1,2018,loi78,LOI 78,sur_place,sur place,SNCF,SNCF,PARIS,75,75,FR,,social,sante_social,Social,4959b379__opencnil-liste-controles-2018.csv,107,annee_source_absente|pays_deduit
2018-ad0eca64-1,2018,loi78,LOI 78,sur_place,sur place,SOCIETE ADTHINK MEDIA,SOCIETE ADTHINK MEDIA,TASSIN-LA-DEMI LUNE,69,69,FR,,commerce,commerce,Commerce,4959b379__opencnil-liste-controles-2018.csv,108,annee_source_absente|pays_deduit
2018-7cf7cee7-1,2018,loi78,LOI 78,sur_place,sur place,SOCIETE DES AUTOROUTES DU NORD ET DE L'EST DE LA FRANCE,SOCIETE DES AUTOROUTES DU NORD ET DE L EST DE LA FRANCE,ISSY-LES-MOULINEAUX,92,92,FR,,transports,transports,Transports,4959b379__opencnil-liste-controles-2018.csv,109,annee_source_absente|pays_deduit
2018-d8dafd5a-1,2018,loi78,LOI 78,sur_place,sur place,SPARTOO,SPARTOO,GRENOBLE,38,38,FR,,commerce,commerce,Commerce,4959b379__opencnil-liste-controles-2018.csv,110,annee_source_absente|pays_deduit
2018-d22405e3-1,2018,loi78,LOI 78,sur_place,sur place,STOOTIE,STOOTIE,PARIS,75,75,FR,,commerce,commerce,Commerce,4959b379__opencnil-liste-controles-2018.csv,111,annee_source_absente|pays_deduit
2018-2e22f7ba-1,2018,loi78,LOI 78,sur_place,sur place,TELEPERFORMANCE FRANCE,TELEPERFORMANCE FRANCE,ASNIERES-SUR-SEINE,92,92,FR,,commerce,commerce,Commerce,4959b379__opencnil-liste-controles-2018.csv,112,annee_source_absente|pays_deduit
2018-8c38ea59-1,2018,loi78,LOI 78,sur_place,sur place,TRAVELSPA,TRAVELSPA,AIX-EN-PROVENCE,13,13,FR,,tourisme,commerce,Tourisme,4959b379__opencnil-liste-controles-2018.csv,113,annee_source_absente|pays_deduit
2018-5db809f9-1,2018,loi78,LOI 78,sur_place,sur place,UNIONTRAD COMPANY,UNIONTRAD COMPANY,PARIS,75,75,FR,,commerce,commerce,Commerce,4959b379__opencnil-liste-controles-2018.csv,114,annee_source_absente|pays_deduit
2018-d7d5892e-1,2018,loi78,LOI 78,sur_place,sur place,VECTAURY,VECTAURY,PARIS,75,75,FR,,commerce,commerce,Commerce,4959b379__opencnil-liste-controles-2018.csv,115,annee_source_absente|pays_deduit
2018-d7d5892e-2,2018,loi78,LOI 78,sur_place,sur place,VECTAURY,VECTAURY,PARIS,75,75,FR,,commerce,commerce,Commerce,4959b379__opencnil-liste-controles-2018.csv,116,annee_source_absente|pays_deduit|ligne_dupliquee
2018-812a72f6-1,2018,loi78,LOI 78,sur_place,sur place,VENTE-UNIQUE.COM,VENTE UNIQUE COM,LE PRE SAINT GERVAIS,93,93,FR,,commerce,commerce,Commerce,4959b379__opencnil-liste-controles-2018.csv,117,annee_source_absente|pays_deduit
2018-812a72f6-2,2018,loi78,LOI 78,sur_place,sur place,VENTE-UNIQUE.COM,VENTE UNIQUE COM,LE PRE SAINT GERVAIS,93,93,FR,,commerce,commerce,Commerce,4959b379__opencnil-liste-controles-2018.csv,118,annee_source_absente|pays_deduit|ligne_dupliquee
2018-57730c92-1,2018,loi78,LOI 78,sur_place,sur place,VOXTUR,VOXTUR,PARIS,75,75,FR,,transports,transports,Transports,4959b379__opencnil-liste-controles-2018.csv,119,annee_source_absente|pays_deduit
2018-3e9dd7b4-1,2018,loi78,LOI 78,sur_place,sur place,WEBHELP,WEBHELP,PARIS,75,75,FR,,commerce,commerce,Commerce,4959b379__opencnil-liste-controles-2018.csv,120,annee_source_absente|pays_deduit
2018-0afd11fa-1,2018,loi78,LOI 78,sur_place,sur place,ZENCHEF,ZENCHEF,PARIS,75,75,FR,,commerce,commerce,Commerce,4959b379__opencnil-liste-controles-2018.csv,121,annee_source_absente|pays_deduit
2018-c92fa07b-1,2018,loi78,LOI 78,sur_pieces,sur pièces,BK CONSULTING FRANCE,BK CONSULTING FRANCE,NANTERRE,92,92,FR,,commerce,commerce,Commerce,4959b379__opencnil-liste-controles-2018.csv,122,annee_source_absente|pays_deduit
2018-9926c4b8-1,2018,loi78,LOI 78,sur_pieces,sur pièces,CAISSE NATIONALE DE L'ASSURANCE MALADIE DES TRAVAILLEURS (CNAMTS),CAISSE NATIONALE DE L ASSURANCE MALADIE DES TRAVAILLEURS CNAMTS,PARIS,75,75,FR,,sante_social,sante_social,Santé/social,4959b379__opencnil-liste-controles-2018.csv,123,annee_source_absente|pays_deduit
2018-18ed1607-1,2018,loi78,LOI 78,sur_pieces,sur pièces,CARREFOUR HYPERMARCHES,CARREFOUR HYPERMARCHES,EVRY,91,91,FR,,commerce,commerce,Commerce,4959b379__opencnil-liste-controles-2018.csv,124,annee_source_absente|pays_deduit
2018-ba0e68be-1,2018,loi78,LOI 78,sur_pieces,sur pièces,CLARANET OXALIDE,CLARANET OXALIDE,PARIS,75,75,FR,,commerce,commerce,Commerce,4959b379__opencnil-liste-controles-2018.csv,125,annee_source_absente|pays_deduit
2018-7d0c1d8d-1,2018,loi78,LOI 78,sur_pieces,sur pièces,COMPAGNIE INFORMATIQUE DE RECHERCHE ET DE CONSEIL EN ENVIRONNEMENT MULTI-TECHNOLOGIES,COMPAGNIE INFORMATIQUE DE RECHERCHE ET DE CONSEIL EN ENVIRONNEMENT MULTI TECHNOLOGIES,EGLY,91,91,FR,,commerce,commerce,Commerce,4959b379__opencnil-liste-controles-2018.csv,126,annee_source_absente|organisme_multiligne|pays_deduit
2018-b3407cac-1,2018,loi78,LOI 78,sur_pieces,sur pièces,CTS COMPUTERS AND TELECOMMUNICATIONS SYSTEMS,CTS COMPUTERS AND TELECOMMUNICATIONS SYSTEMS,MONTREUIL,93,93,FR,,commerce,commerce,Commerce,4959b379__opencnil-liste-controles-2018.csv,128,annee_source_absente|pays_deduit
2018-b6141922-1,2018,loi78,LOI 78,sur_pieces,sur pièces,DIRECTION DE LA SECURITE DE PROXIMITE DE L'AGGLOMERATION PARISIENNE,DIRECTION DE LA SECURITE DE PROXIMITE DE L AGGLOMERATION PARISIENNE,PARIS,75,75,FR,,regalien,etat_regalien,Régalien,4959b379__opencnil-liste-controles-2018.csv,129,annee_source_absente|pays_deduit
2018-22fef8cb-1,2018,loi78,LOI 78,sur_pieces,sur pièces,DIRECTION DEPARTEMENTALE DE LA SECURITE PUBLIQUE DE LA GIRONDE,DIRECTION DEPARTEMENTALE DE LA SECURITE PUBLIQUE DE LA GIRONDE,BORDEAUX,33,33,FR,,regalien,etat_regalien,Régalien,4959b379__opencnil-liste-controles-2018.csv,130,annee_source_absente|pays_deduit
2018-b512d508-1,2018,loi78,LOI 78,sur_pieces,sur pièces,DIRECTION DEPARTEMENTALE DE LA SECURITE PUBLIQUE DU RHONE,DIRECTION DEPARTEMENTALE DE LA SECURITE PUBLIQUE DU RHONE,LYON,69,69,FR,,regalien,etat_regalien,Régalien,4959b379__opencnil-liste-controles-2018.csv,131,annee_source_absente|pays_deduit
2018-0dcfaa49-1,2018,loi78,LOI 78,sur_pieces,sur pièces,EL-TECHNOLOGIES FRANCE,EL TECHNOLOGIES FRANCE,LEVALLOIS-PERRET,92,92,FR,,commerce,commerce,Commerce,4959b379__opencnil-liste-controles-2018.csv,132,annee_source_absente|pays_deduit
2018-0d016be6-1,2018,loi78,LOI 78,sur_pieces,sur pièces,GROUPE L'EXPRESS,GROUPE L EXPRESS,PARIS,75,75,FR,,presse,presse,Presse,4959b379__opencnil-liste-controles-2018.csv,133,annee_source_absente|pays_deduit
2018-d7755112-1,2018,loi78,LOI 78,sur_pieces,sur pièces,GROUPEMENT DE GENDARMERIE DEPARTEMENTALE DE L'OISE,GROUPEMENT DE GENDARMERIE DEPARTEMENTALE DE L OISE,BEAUVAIS,60,60,FR,,regalien,etat_regalien,Régalien,4959b379__opencnil-liste-controles-2018.csv,134,annee_source_absente|pays_deduit
2018-34373ced-1,2018,loi78,LOI 78,sur_pieces,sur pièces,GROUPEMENT DE GENDARMERIE DEPARTEMENTALE DES BOUCHES-DU-RHONE,GROUPEMENT DE GENDARMERIE DEPARTEMENTALE DES BOUCHES DU RHONE,MARSEILLE,13,13,FR,,regalien,etat_regalien,Régalien,4959b379__opencnil-liste-controles-2018.csv,135,annee_source_absente|pays_deduit
2018-b886a7ea-1,2018,loi78,LOI 78,sur_pieces,sur pièces,IKOULA,IKOULA,BOULOGNE-BILLANCOURT,92,92,FR,,commerce,commerce,Commerce,4959b379__opencnil-liste-controles-2018.csv,136,annee_source_absente|pays_deduit
2018-4613c81f-1,2018,loi78,LOI 78,sur_pieces,sur pièces,ITM ALIMENTAIRE INTERNATIONAL,ITM ALIMENTAIRE INTERNATIONAL,PARIS,75,75,FR,,commerce,commerce,Commerce,4959b379__opencnil-liste-controles-2018.csv,137,annee_source_absente|pays_deduit
2018-fb632403-1,2018,loi78,LOI 78,sur_pieces,sur pièces,LA FRANCAISE DES JEUX,LA FRANCAISE DES JEUX,PARIS,75,75,FR,,jeux,education_culture_sport,Jeux,4959b379__opencnil-liste-controles-2018.csv,138,annee_source_absente|pays_deduit
2018-4d157a39-1,2018,loi78,LOI 78,sur_pieces,sur pièces,MINISTERE DE L'INTERIEUR,MINISTERE DE L INTERIEUR,PARIS,75,75,FR,,regalien,etat_regalien,Régalien,4959b379__opencnil-liste-controles-2018.csv,139,annee_source_absente|pays_deduit
2018-5eb5eddf-1,2018,loi78,LOI 78,sur_pieces,sur pièces,MONOPRIX EXPLOITATION,MONOPRIX EXPLOITATION,CLICHY,92,92,FR,,commerce,commerce,Commerce,4959b379__opencnil-liste-controles-2018.csv,140,annee_source_absente|pays_deduit
2018-77ffee6c-1,2018,loi78,LOI 78,sur_pieces,sur pièces,NOVALINK,NOVALINK,VILLEURBANNE,69,69,FR,,commerce,commerce,Commerce,4959b379__opencnil-liste-controles-2018.csv,141,annee_source_absente|pays_deduit
2018-ddf45d21-1,2018,loi78,LOI 78,sur_pieces,sur pièces,OCTO TECHNOLOGY,OCTO TECHNOLOGY,PARIS,75,75,FR,,commerce,commerce,Commerce,4959b379__opencnil-liste-controles-2018.csv,142,annee_source_absente|pays_deduit
2018-610693c1-1,2018,loi78,LOI 78,sur_pieces,sur pièces,OPEN,OPEN,LEVALLOIS-PERRET,92,92,FR,,commerce,commerce,Commerce,4959b379__opencnil-liste-controles-2018.csv,144,annee_source_absente|pays_deduit
2018-b1c2f7f3-1,2018,loi78,LOI 78,sur_pieces,sur pièces,REGIE DES TRANSPORTS COMMUNAUTAIRES ROCHELAIS,REGIE DES TRANSPORTS COMMUNAUTAIRES ROCHELAIS,LAGORD,17,17,FR,,transports,transports,Transports,4959b379__opencnil-liste-controles-2018.csv,145,annee_source_absente|pays_deduit
2018-4dc68b36-1,2018,loi78,LOI 78,sur_pieces,sur pièces,REGION AUVERGNE-RHONE-ALPES,REGION AUVERGNE RHONE ALPES,PARIS,75,75,FR,,collectivites_territoriales,collectivites_territoriales,Collectivités territoriales,4959b379__opencnil-liste-controles-2018.csv,146,annee_source_absente|pays_deduit
2018-714bdb52-1,2018,loi78,LOI 78,sur_pieces,sur pièces,SAINT QUENTIN MOBILITES,SAINT QUENTIN MOBILITES,SAINT-QUENTIN,02,2,FR,,transports,transports,Transports,4959b379__opencnil-liste-controles-2018.csv,147,annee_source_absente|departement_corrige|pays_deduit
2018-d010bf63-1,2018,loi78,LOI 78,sur_pieces,sur pièces,SOCIETE GROUPEMENT D'ACHATS DES CENTRES E. LECLERC,SOCIETE GROUPEMENT D ACHATS DES CENTRES E LECLERC,IVRY-SUR-SEINE,94,94,FR,,commerce,commerce,Commerce,4959b379__opencnil-liste-controles-2018.csv,148,annee_source_absente|pays_deduit
2018-41958422-1,2018,loi78,LOI 78,sur_pieces,sur pièces,SOPRA STERIA GROUP,SOPRA STERIA GROUP,ANNECY,74,74,FR,,commerce,commerce,Commerce,4959b379__opencnil-liste-controles-2018.csv,149,annee_source_absente|pays_deduit
2018-e3c47b13-1,2018,loi78,LOI 78,sur_pieces,sur pièces,TRANSDEV NANCY,TRANSDEV NANCY,VANDOEUVRE,54,54,FR,,transports,transports,Transports,4959b379__opencnil-liste-controles-2018.csv,150,annee_source_absente|pays_deduit
2018-cd5b4163-1,2018,loi78,LOI 78,sur_pieces,sur pièces,TRANSDEV SAINT-DIZIER,TRANSDEV SAINT DIZIER,SAINT-DIZIER,52,52,FR,,transports,transports,Transports,4959b379__opencnil-liste-controles-2018.csv,151,annee_source_absente|pays_deduit
2018-a862948e-1,2018,loi78,LOI 78,sur_pieces,sur pièces,TRANSPORTS EN COMMUN DE L'AGGLOMERATION ROUENNAISE,TRANSPORTS EN COMMUN DE L AGGLOMERATION ROUENNAISE,ROUEN,76,76,FR,,transports,transports,Transports,4959b379__opencnil-liste-controles-2018.csv,152,annee_source_absente|pays_deduit
2018-7fd80a7c-1,2018,loi78,LOI 78,sur_pieces,sur pièces,WINNER,WINNER,PARIS,75,75,FR,,commerce,commerce,Commerce,4959b379__opencnil-liste-controles-2018.csv,153,annee_source_absente|pays_deduit
2018-cf1b2896-1,2018,loi78,LOI 78,sur_audition,sur audition,FIREWORLD,FIREWORLD,PARIS,75,75,FR,,commerce,commerce,Commerce,4959b379__opencnil-liste-controles-2018.csv,154,annee_source_absente|pays_deduit
2018-67d07fcb-1,2018,loi78,LOI 78,sur_audition,sur audition,FRANCE TELEVISIONS,FRANCE TELEVISIONS,PARIS,75,75,FR,,commerce,commerce,Commerce,4959b379__opencnil-liste-controles-2018.csv,155,annee_source_absente|pays_deduit
2018-e2c4d902-1,2018,loi78,LOI 78,sur_audition,sur audition,SMART AUTO STOP,SMART AUTO STOP,PARIS,75,75,FR,,transports,transports,Transports,4959b379__opencnil-liste-controles-2018.csv,156,annee_source_absente|pays_deduit
2018-c42f29e3-1,2018,loi78,LOI 78,en_ligne,en ligne,R&L,R L,PARIS,75,75,FR,,transports,transports,Transports,4959b379__opencnil-liste-controles-2018.csv,157,annee_source_absente|pays_deduit
2018-3bc1c7ed-1,2018,loi78,LOI 78,en_ligne,en ligne,ACTIVE ASSURANCES,ACTIVE ASSURANCES,PARIS,75,75,FR,,assurance,assurance,Assurances,4959b379__opencnil-liste-controles-2018.csv,158,annee_source_absente|pays_deduit
2018-fe71233a-1,2018,loi78,LOI 78,en_ligne,en ligne,ALGOSOURCE,ALGOSOURCE,PARIS,75,75,FR,,commerce,commerce,Commerce,4959b379__opencnil-liste-controles-2018.csv,159,annee_source_absente|pays_deduit
2018-8e179a42-1,2018,loi78,LOI 78,en_ligne,en ligne,ALLIANCEFR.ORG,ALLIANCEFR ORG,PARIS,75,75,FR,,education,education_culture_sport,Education,4959b379__opencnil-liste-controles-2018.csv,160,annee_source_absente|pays_deduit
2018-4edae1fb-1,2018,loi78,LOI 78,en_ligne,en ligne,CBIEN,CBIEN,PARIS,75,75,FR,,commerce,commerce,Commerce,4959b379__opencnil-liste-controles-2018.csv,161,annee_source_absente|pays_deduit
2018-a26c750e-1,2018,loi78,LOI 78,en_ligne,en ligne,CONTRAT FACILE,CONTRAT FACILE,PARIS,75,75,FR,,commerce,commerce,Commerce,4959b379__opencnil-liste-controles-2018.csv,162,annee_source_absente|pays_deduit
2018-2e444daf-1,2018,loi78,LOI 78,en_ligne,en ligne,DISTRICOM SALES AND MARKETING,DISTRICOM SALES AND MARKETING,PARIS,75,75,FR,,travail,travail,Travail,4959b379__opencnil-liste-controles-2018.csv,163,annee_source_absente|pays_deduit
2018-701172ea-1,2018,loi78,LOI 78,en_ligne,en ligne,EMERAUDE BUSINESS SOLUTIONS,EMERAUDE BUSINESS SOLUTIONS,PARIS,75,75,FR,,education,education_culture_sport,Education,4959b379__opencnil-liste-controles-2018.csv,164,annee_source_absente|pays_deduit
2018-5cdd8be8-1,2018,loi78,LOI 78,en_ligne,en ligne,EVS AUTO-ECOLE,EVS AUTO ECOLE,PARIS,75,75,FR,,transports,transports,Transports,4959b379__opencnil-liste-controles-2018.csv,165,annee_source_absente|pays_deduit
2018-6e003d73-1,2018,loi78,LOI 78,en_ligne,en ligne,FIGARO CLASSIFIEDS,FIGARO CLASSIFIEDS,PARIS,75,75,FR,,travail,travail,Travail,4959b379__opencnil-liste-controles-2018.csv,166,annee_source_absente|pays_deduit
2018-e6ffa027-1,2018,loi78,LOI 78,en_ligne,en ligne,GENESIS INDUSTRIES LIMITED,GENESIS INDUSTRIES LIMITED,PARIS,75,75,FR,,commerce,commerce,Commerce,4959b379__opencnil-liste-controles-2018.csv,167,annee_source_absente|pays_deduit
2018-e6ffa027-2,2018,loi78,LOI 78,en_ligne,en ligne,GENESIS INDUSTRIES LIMITED,GENESIS INDUSTRIES LIMITED,PARIS,75,75,FR,,commerce,commerce,Commerce,4959b379__opencnil-liste-controles-2018.csv,168,annee_source_absente|pays_deduit|ligne_dupliquee
2018-c1477e9d-1,2018,loi78,LOI 78,en_ligne,en ligne,GOOGLE,GOOGLE,PARIS,75,75,FR,,commerce,commerce,Commerce,4959b379__opencnil-liste-controles-2018.csv,169,annee_source_absente|pays_deduit
2018-013bdcda-1,2018,loi78,LOI 78,en_ligne,en ligne,GOOGLE LLC,GOOGLE LLC,PARIS,75,75,FR,,commerce,commerce,Commerce,4959b379__opencnil-liste-controles-2018.csv,170,annee_source_absente|pays_deduit
2018-013bdcda-2,2018,loi78,LOI 78,en_ligne,en ligne,GOOGLE LLC,GOOGLE LLC,PARIS,75,75,FR,,commerce,commerce,Commerce,4959b379__opencnil-liste-controles-2018.csv,171,annee_source_absente|pays_deduit|ligne_dupliquee
2018-e9ec29c4-1,2018,loi78,LOI 78,en_ligne,en ligne,HELLO ASSO,HELLO ASSO,PARIS,75,75,FR,,commerce,commerce,Commerce,4959b379__opencnil-liste-controles-2018.csv,172,annee_source_absente|pays_deduit
2018-370291fb-1,2018,loi78,LOI 78,en_ligne,en ligne,KISSKISSBANKBANK,KISSKISSBANKBANK,PARIS,75,75,FR,,commerce,commerce,Commerce,4959b379__opencnil-liste-controles-2018.csv,173,annee_source_absente|pays_deduit
2018-e5ee7b49-1,2018,loi78,LOI 78,en_ligne,en ligne,L-COMMERCE,L COMMERCE,PARIS,75,75,FR,,commerce,commerce,Commerce,4959b379__opencnil-liste-controles-2018.csv,174,annee_source_absente|pays_deduit
2018-e4139ced-1,2018,loi78,LOI 78,en_ligne,en ligne,LUSHA.CO,LUSHA CO,PARIS,75,75,FR,,commerce,commerce,Commerce,4959b379__opencnil-liste-controles-2018.csv,175,annee_source_absente|pays_deduit
2018-e4139ced-2,2018,loi78,LOI 78,en_ligne,en ligne,LUSHA.CO,LUSHA CO,PARIS,75,75,FR,,commerce,commerce,Commerce,4959b379__opencnil-liste-controles-2018.csv,176,annee_source_absente|pays_deduit|ligne_dupliquee
2018-e4139ced-3,2018,loi78,LOI 78,en_ligne,en ligne,LUSHA.CO,LUSHA CO,PARIS,75,75,FR,,commerce,commerce,Commerce,4959b379__opencnil-liste-controles-2018.csv,177,annee_source_absente|pays_deduit|ligne_dupliquee
2018-89ba426f-1,2018,loi78,LOI 78,en_ligne,en ligne,MARIANNE FORMATION,MARIANNE FORMATION,PARIS,75,75,FR,,transports,transports,Transports,4959b379__opencnil-liste-controles-2018.csv,178,annee_source_absente|pays_deduit
2018-6a475018-1,2018,loi78,LOI 78,en_ligne,en ligne,MERCURE FORMATION,MERCURE FORMATION,PARIS,75,75,FR,,transports,transports,Transports,4959b379__opencnil-liste-controles-2018.csv,179,annee_source_absente|pays_deduit
2018-81341882-1,2018,loi78,LOI 78,en_ligne,en ligne,MINISTERE DE L'INTERIEUR,MINISTERE DE L INTERIEUR,PARIS,75,75,FR,,regalien,etat_regalien,Régalien,4959b379__opencnil-liste-controles-2018.csv,180,annee_source_absente|pays_deduit
2018-cb6d9c01-1,2018,loi78,LOI 78,en_ligne,en ligne,MONCONTROLETECHNIQUEAUTO.FR,MONCONTROLETECHNIQUEAUTO FR,PARIS,75,75,FR,,commerce,commerce,Commerce,4959b379__opencnil-liste-controles-2018.csv,181,annee_source_absente|pays_deduit
2018-790e20eb-1,2018,loi78,LOI 78,en_ligne,en ligne,MY MAJOR COMPANY,MY MAJOR COMPANY,PARIS,75,75,FR,,commerce,commerce,Commerce,4959b379__opencnil-liste-controles-2018.csv,182,annee_source_absente|pays_deduit
2018-35da44cd-1,2018,loi78,LOI 78,en_ligne,en ligne,OBSEQUES-COMPARATEUR.COM,OBSEQUES COMPARATEUR COM,PARIS,75,75,FR,,commerce,commerce,Commerce,4959b379__opencnil-liste-controles-2018.csv,183,annee_source_absente|pays_deduit
2018-2c5ed9bd-1,2018,loi78,LOI 78,en_ligne,en ligne,OBSEQUES-INFOS.COM,OBSEQUES INFOS COM,PARIS,75,75,FR,,commerce,commerce,Commerce,4959b379__opencnil-liste-controles-2018.csv,184,annee_source_absente|pays_deduit
2018-dece81cf-1,2018,loi78,LOI 78,en_ligne,en ligne,ONG EU DisinfoLAB,ONG EU DISINFOLAB,PARIS,75,75,FR,,associatif,associatif,Associatif,4959b379__opencnil-liste-controles-2018.csv,185,annee_source_absente|pays_deduit
2018-1a853af3-1,2018,loi78,LOI 78,en_ligne,en ligne,PRIMAVISTA,PRIMAVISTA,PARIS,75,75,FR,,commerce,commerce,Commerce,4959b379__opencnil-liste-controles-2018.csv,186,annee_source_absente|pays_deduit
2018-fe8599d0-1,2018,loi78,LOI 78,en_ligne,en ligne,SACEM,SACEM,PARIS,75,75,FR,,culture,education_culture_sport,Culture,4959b379__opencnil-liste-controles-2018.csv,187,annee_source_absente|pays_deduit
2018-2e4a55c6-1,2018,loi78,LOI 78,en_ligne,en ligne,SELECTOUR ENTREPRISE,SELECTOUR ENTREPRISE,PARIS,75,75,FR,,tourisme,commerce,Tourisme,4959b379__opencnil-liste-controles-2018.csv,188,annee_source_absente|pays_deduit
2018-4a9dd98a-1,2018,loi78,LOI 78,en_ligne,en ligne,SERGIC,SERGIC,PARIS,75,75,FR,,immobilier,immobilier,Immobilier,4959b379__opencnil-liste-controles-2018.csv,189,annee_source_absente|pays_deduit
2018-788e6626-1,2018,loi78,LOI 78,en_ligne,en ligne,SERVICE D'INFORMATION DU GOUVERNEMENT,SERVICE D INFORMATION DU GOUVERNEMENT,PARIS,75,75,FR,,regalien,etat_regalien,Régalien,4959b379__opencnil-liste-controles-2018.csv,190,annee_source_absente|pays_deduit
2018-0f8bdcfe-1,2018,loi78,LOI 78,en_ligne,en ligne,STOOTIE,STOOTIE,PARIS,75,75,FR,,commerce,commerce,Commerce,4959b379__opencnil-liste-controles-2018.csv,191,annee_source_absente|pays_deduit
2018-0a864923-1,2018,loi78,LOI 78,en_ligne,en ligne,TOUCHUP,TOUCHUP,PARIS,75,75,FR,,commerce,commerce,Commerce,4959b379__opencnil-liste-controles-2018.csv,192,annee_source_absente|pays_deduit
2018-f3214155-1,2018,loi78,LOI 78,en_ligne,en ligne,ULULE,ULULE,PARIS,75,75,FR,,commerce,commerce,Commerce,4959b379__opencnil-liste-controles-2018.csv,193,annee_source_absente|pays_deduit
2018-2fec2ce3-1,2018,loi78,LOI 78,en_ligne,en ligne,VINCI AUTOROUTES,VINCI AUTOROUTES,PARIS,75,75,FR,,transports,transports,Transports,4959b379__opencnil-liste-controles-2018.csv,194,annee_source_absente|pays_deduit
2018-29d33c93-1,2018,rgpd_ou_directive,RGPD/ DIRECTIVE police justice,sur_place,sur place,2 AM ASSISTANCE AUDIOVISUEL ET MENAGER,2 AM ASSISTANCE AUDIOVISUEL ET MENAGER,MARSAC-SUR-L'ISLE,24,24,FR,,commerce,commerce,Commerce,4959b379__opencnil-liste-controles-2018.csv,195,annee_source_absente|pays_deduit
2018-cbe2e107-1,2018,rgpd_ou_directive,RGPD/ DIRECTIVE police justice,sur_place,sur place,AVAILPRO,AVAILPRO,PARIS,75,75,FR,,tourisme,commerce,Tourisme,4959b379__opencnil-liste-controles-2018.csv,197,annee_source_absente|pays_deduit
2018-6a1ea87f-1,2018,rgpd_ou_directive,RGPD/ DIRECTIVE police justice,sur_place,sur place,CIMM IMMOBILIER,CIMM IMMOBILIER,GRENOBLE,38,38,FR,,immobilier,immobilier,Immobilier,4959b379__opencnil-liste-controles-2018.csv,199,annee_source_absente|pays_deduit
2018-38cd2764-1,2018,rgpd_ou_directive,RGPD/ DIRECTIVE police justice,sur_place,sur place,CLUB MED SAS,CLUB MED SAS,PARIS,75,75,FR,,tourisme,commerce,Tourisme,4959b379__opencnil-liste-controles-2018.csv,201,annee_source_absente|pays_deduit
2018-2b660a0d-1,2018,rgpd_ou_directive,RGPD/ DIRECTIVE police justice,sur_place,sur place,DISTRIBUTION CASINO FRANCE,DISTRIBUTION CASINO FRANCE,NARBONNE,11,11,FR,,commerce,commerce,Commerce,4959b379__opencnil-liste-controles-2018.csv,203,annee_source_absente|pays_deduit
2018-ba5fef6e-1,2018,rgpd_ou_directive,RGPD/ DIRECTIVE police justice,sur_place,sur place,HOTEL DU MIDI,HOTEL DU MIDI,PARIS,75,75,FR,,commerce,commerce,Commerce,4959b379__opencnil-liste-controles-2018.csv,205,annee_source_absente|pays_deduit
2018-ca8d269e-1,2018,rgpd_ou_directive,RGPD/ DIRECTIVE police justice,sur_place,sur place,JB CONCEPT,JB CONCEPT,ECHIROLLES,38,38,FR,,commerce,commerce,Commerce,4959b379__opencnil-liste-controles-2018.csv,207,annee_source_absente|pays_deduit
2018-596e4ee1-1,2018,rgpd_ou_directive,RGPD/ DIRECTIVE police justice,sur_place,sur place,LAFORET IMMOBILIER BIARRITZ,LAFORET IMMOBILIER BIARRITZ,BIARRITZ,64,64,FR,,immobilier,immobilier,Immobilier,4959b379__opencnil-liste-controles-2018.csv,209,annee_source_absente|pays_deduit
2018-64124d66-1,2018,rgpd_ou_directive,RGPD/ DIRECTIVE police justice,sur_place,sur place,LDLC,LDLC,LIMONEST,69,69,FR,,commerce,commerce,Commerce,4959b379__opencnil-liste-controles-2018.csv,211,annee_source_absente|pays_deduit
2018-fc5460df-1,2018,rgpd_ou_directive,RGPD/ DIRECTIVE police justice,sur_place,sur place,LE BEC IMMOBILIER,LE BEC IMMOBILIER,LORIENT,56,56,FR,,immobilier,immobilier,Immobilier,4959b379__opencnil-liste-controles-2018.csv,213,annee_source_absente|pays_deduit
2018-6d29ca65-1,2018,rgpd_ou_directive,RGPD/ DIRECTIVE police justice,sur_place,sur place,ORANGE,ORANGE,ARCUEIL,94,94,FR,,telecommunications,telecommunications,Télécommunications,4959b379__opencnil-liste-controles-2018.csv,215,annee_source_absente|pays_deduit
2018-95c3f51f-1,2018,rgpd_ou_directive,RGPD/ DIRECTIVE police justice,sur_place,sur place,PARIS SEINE IMMOBILIER,PARIS SEINE IMMOBILIER,PARIS,75,75,FR,,immobilier,immobilier,Immobilier,4959b379__opencnil-liste-controles-2018.csv,217,annee_source_absente|pays_deduit
2018-17ce6958-1,2018,rgpd_ou_directive,RGPD/ DIRECTIVE police justice,sur_place,sur place,VISIBRAIN,VISIBRAIN,PARIS,75,75,FR,,commerce,commerce,Commerce,4959b379__opencnil-liste-controles-2018.csv,219,annee_source_absente|pays_deduit
2018-17ce6958-2,2018,rgpd_ou_directive,RGPD/ DIRECTIVE police justice,sur_place,sur place,VISIBRAIN,VISIBRAIN,PARIS,75,75,FR,,commerce,commerce,Commerce,4959b379__opencnil-liste-controles-2018.csv,221,annee_source_absente|pays_deduit|ligne_dupliquee
2018-5eb4fcf0-1,2018,rgpd_ou_directive,RGPD/ DIRECTIVE police justice,sur_pieces,sur pièces,CLERMONT FERRAND DISTRIBUTION,CLERMONT FERRAND DISTRIBUTION,CLERMONT-FERRAND,63,63,FR,,commerce,commerce,Commerce,4959b379__opencnil-liste-controles-2018.csv,223,annee_source_absente|pays_deduit
2018-cfedbab6-1,2018,rgpd_ou_directive,RGPD/ DIRECTIVE police justice,sur_pieces,sur pièces,GANDI,GANDI,PARIS,75,75,FR,,commerce,commerce,Commerce,4959b379__opencnil-liste-controles-2018.csv,225,annee_source_absente|pays_deduit
2018-52fa7c95-1,2018,rgpd_ou_directive,RGPD/ DIRECTIVE police justice,sur_pieces,sur pièces,NEURONES,NEURONES,NANTERRE,92,92,FR,,commerce,commerce,Commerce,4959b379__opencnil-liste-controles-2018.csv,227,annee_source_absente|pays_deduit
2018-e8372e0d-1,2018,rgpd_ou_directive,RGPD/ DIRECTIVE police justice,sur_pieces,sur pièces,OVH,OVH,ROUBAIX,59,59,FR,,commerce,commerce,Commerce,4959b379__opencnil-liste-controles-2018.csv,229,annee_source_absente|pays_deduit
2018-71d1ff9f-1,2018,rgpd_ou_directive,RGPD/ DIRECTIVE police justice,en_ligne,en ligne,IBERIMO.COM,IBERIMO COM,PARIS,75,75,FR,,tourisme,commerce,Tourisme,4959b379__opencnil-liste-controles-2018.csv,231,annee_source_absente|pays_deduit
2018-4359e816-1,2018,rgpd_ou_directive,RGPD/ DIRECTIVE police justice,en_ligne,en ligne,SOCIETE D'AMENAGEMENT TOURISTIQUE D'EXPLOITATION DE LA CLUSAZ,SOCIETE D AMENAGEMENT TOURISTIQUE D EXPLOITATION DE LA CLUSAZ,PARIS,75,75,FR,,commerce,commerce,Commerce,4959b379__opencnil-liste-controles-2018.csv,233,annee_source_absente|pays_deduit
2018-b6150fef-1,2018,rgpd_ou_directive,RGPD/ DIRECTIVE police justice,en_ligne,en ligne,SOCIETE D'EXPLOITATIOIN DES TELEPHERIQUES TARANTAISE-MAURIENNE,SOCIETE D EXPLOITATIOIN DES TELEPHERIQUES TARANTAISE MAURIENNE,PARIS,75,75,FR,,commerce,commerce,Commerce,4959b379__opencnil-liste-controles-2018.csv,235,annee_source_absente|pays_deduit
2018-7e7713e2-1,2018,rgpd_ou_directive,RGPD/ DIRECTIVE police justice,sur_place,sur place,ADS GROUP,ADS GROUP,VAULX MILIEU,38,38,FR,,travail,travail,Travail,4959b379__opencnil-liste-controles-2018.csv,237,annee_source_absente|pays_deduit
2018-a9c15276-1,2018,rgpd_ou_directive,RGPD/ DIRECTIVE police justice,sur_place,sur place,ADVERIS,ADVERIS,PARIS,75,75,FR,,commerce,commerce,Commerce,4959b379__opencnil-liste-controles-2018.csv,239,annee_source_absente|pays_deduit
2018-0e707f2f-1,2018,rgpd_ou_directive,RGPD/ DIRECTIVE police justice,sur_place,sur place,AFS2R,AFS2R,LYON,69,69,FR,,collectivites_territoriales,collectivites_territoriales,Collectivités territoriales,4959b379__opencnil-liste-controles-2018.csv,241,annee_source_absente|pays_deduit
2018-e7be115d-1,2018,rgpd_ou_directive,RGPD/ DIRECTIVE police justice,sur_place,sur place,AGENCE NATIONALE DE TRAITEMENT AUTOMATISE DES INFRACTIONS,AGENCE NATIONALE DE TRAITEMENT AUTOMATISE DES INFRACTIONS,RENNES,35,35,FR,,regalien,etat_regalien,Régalien,4959b379__opencnil-liste-controles-2018.csv,243,annee_source_absente|pays_deduit
2018-e7be115d-2,2018,rgpd_ou_directive,RGPD/ DIRECTIVE police justice,sur_place,sur place,AGENCE NATIONALE DE TRAITEMENT AUTOMATISE DES INFRACTIONS,AGENCE NATIONALE DE TRAITEMENT AUTOMATISE DES INFRACTIONS,RENNES,35,35,FR,,regalien,etat_regalien,Régalien,4959b379__opencnil-liste-controles-2018.csv,245,annee_source_absente|pays_deduit|ligne_dupliquee
2018-c5cb300b-1,2018,rgpd_ou_directive,RGPD/ DIRECTIVE police justice,sur_place,sur place,ASSESSFIRST,ASSESSFIRST,PARIS,75,75,FR,,travail,travail,Travail,4959b379__opencnil-liste-controles-2018.csv,247,annee_source_absente|pays_deduit
2018-3fd906d6-1,2018,rgpd_ou_directive,RGPD/ DIRECTIVE police justice,sur_place,sur place,ASSOCIATION ITHAQUE,ASSOCIATION ITHAQUE,MOLSHEIM,67,67,FR,,sante_social,sante_social,Santé/social,4959b379__opencnil-liste-controles-2018.csv,249,annee_source_absente|pays_deduit
2018-73d3007e-1,2018,rgpd_ou_directive,RGPD/ DIRECTIVE police justice,sur_place,sur place,ASSOCIATION ITHAQUE,ASSOCIATION ITHAQUE,STRASBOURG,67,67,FR,,sante_social,sante_social,Santé/social,4959b379__opencnil-liste-controles-2018.csv,251,annee_source_absente|pays_deduit
2018-906fd357-1,2018,rgpd_ou_directive,RGPD/ DIRECTIVE police justice,sur_place,sur place,ASSOCIATION NATIONALE DE PREVENTION EN ALCOOLOGIE ET ADDICTOLOGIE,ASSOCIATION NATIONALE DE PREVENTION EN ALCOOLOGIE ET ADDICTOLOGIE,MONTPELLIER,34,34,FR,,sante,sante_social,Santé,4959b379__opencnil-liste-controles-2018.csv,253,annee_source_absente|pays_deduit
2018-c626b770-1,2018,rgpd_ou_directive,RGPD/ DIRECTIVE police justice,sur_place,sur place,BARTHEL FRERES,BARTHEL FRERES,LE BAN-SAINT-MARTIN,57,57,FR,,commerce,commerce,Commerce,4959b379__opencnil-liste-controles-2018.csv,255,annee_source_absente|pays_deduit
2018-67d065c0-1,2018,rgpd_ou_directive,RGPD/ DIRECTIVE police justice,sur_place,sur place,BIEN A LA MAISON,BIEN A LA MAISON,BOULOGNE-BILLANCOURT,92,92,FR,,sante_social,sante_social,Santé/social,4959b379__opencnil-liste-controles-2018.csv,257,annee_source_absente|pays_deduit
2018-39d7e4b8-1,2018,rgpd_ou_directive,RGPD/ DIRECTIVE police justice,sur_place,sur place,BRIGADE TERRITORIALE AUTONOME D'OUISTREHAM,BRIGADE TERRITORIALE AUTONOME D OUISTREHAM,OUISTREHAM,14,14,FR,,police_justice_securite,etat_regalien,Police/justice/sécurité,4959b379__opencnil-liste-controles-2018.csv,259,annee_source_absente|pays_deduit
2018-49887b13-1,2018,rgpd_ou_directive,RGPD/ DIRECTIVE police justice,sur_place,sur place,BUREAU CENTRAL DU RENSEIGNEMENT PENITENTIAIRE,BUREAU CENTRAL DU RENSEIGNEMENT PENITENTIAIRE,PARIS,75,75,FR,,regalien,etat_regalien,Régalien,4959b379__opencnil-liste-controles-2018.csv,261,annee_source_absente|pays_deduit
2018-4e6403f6-1,2018,rgpd_ou_directive,RGPD/ DIRECTIVE police justice,sur_place,sur place,CAISSE D ALLOCATIONS FAMILIALES DE CHARENTE,CAISSE D ALLOCATIONS FAMILIALES DE CHARENTE,ANGOULEME,16,16,FR,,social,sante_social,Social,4959b379__opencnil-liste-controles-2018.csv,263,annee_source_absente|pays_deduit
2018-3f61f392-1,2018,rgpd_ou_directive,RGPD/ DIRECTIVE police justice,sur_place,sur place,CAISSE NATIONALE D ALLOCATIONS FAMILIALES,CAISSE NATIONALE D ALLOCATIONS FAMILIALES,PARIS,75,75,FR,,social,sante_social,Social,4959b379__opencnil-liste-controles-2018.csv,265,annee_source_absente|pays_deduit
2018-3f61f392-2,2018,rgpd_ou_directive,RGPD/ DIRECTIVE police justice,sur_place,sur place,CAISSE NATIONALE D ALLOCATIONS FAMILIALES,CAISSE NATIONALE D ALLOCATIONS FAMILIALES,PARIS,75,75,FR,,social,sante_social,Social,4959b379__opencnil-liste-controles-2018.csv,267,annee_source_absente|pays_deduit|ligne_dupliquee
2018-cc8c9060-1,2018,rgpd_ou_directive,RGPD/ DIRECTIVE police justice,sur_place,sur place,CENTRE NATIONAL DE TRAITEMENT,CENTRE NATIONAL DE TRAITEMENT,RENNES,35,35,FR,,regalien,etat_regalien,Régalien,4959b379__opencnil-liste-controles-2018.csv,269,annee_source_absente|pays_deduit
2018-c646c11c-1,2018,rgpd_ou_directive,RGPD/ DIRECTIVE police justice,sur_place,sur place,CLUSTREE,CLUSTREE,PARIS,75,75,FR,,travail,travail,Travail,4959b379__opencnil-liste-controles-2018.csv,271,annee_source_absente|pays_deduit
2018-e39ec52a-1,2018,rgpd_ou_directive,RGPD/ DIRECTIVE police justice,sur_place,sur place,COLLEGE SAINT JOSEPH,COLLEGE SAINT JOSEPH,ARRAS,62,62,FR,,education,education_culture_sport,Education,4959b379__opencnil-liste-controles-2018.csv,273,annee_source_absente|pays_deduit
2018-02391a39-1,2018,rgpd_ou_directive,RGPD/ DIRECTIVE police justice,sur_place,sur place,COMMUNE DE PAU,COMMUNE DE PAU,PAU,64,64,FR,,collectivites_territoriales,collectivites_territoriales,Collectivités territoriales,4959b379__opencnil-liste-controles-2018.csv,275,annee_source_absente|pays_deduit
2018-b2973dfb-1,2018,rgpd_ou_directive,RGPD/ DIRECTIVE police justice,sur_place,sur place,COMMUNE DE SAINT-DENIS,COMMUNE DE SAINT DENIS,SAINT-DENIS,93,93,FR,,collectivites_territoriales,collectivites_territoriales,Collectivités territoriales,4959b379__opencnil-liste-controles-2018.csv,277,annee_source_absente|pays_deduit
2018-96660a38-1,2018,rgpd_ou_directive,RGPD/ DIRECTIVE police justice,sur_place,sur place,COMMUNE DE SAINT-MAUR-DES-FOSSES,COMMUNE DE SAINT MAUR DES FOSSES,SAINT-MAUR-DES-FOSSES,94,94,FR,,collectivites_territoriales,collectivites_territoriales,Collectivités territoriales,4959b379__opencnil-liste-controles-2018.csv,279,annee_source_absente|pays_deduit
2018-aaf768ba-1,2018,rgpd_ou_directive,RGPD/ DIRECTIVE police justice,sur_place,sur place,DEVEDIS,DEVEDIS,BEZIERS,34,34,FR,,commerce,commerce,Commerce,4959b379__opencnil-liste-controles-2018.csv,281,annee_source_absente|pays_deduit
2018-bf977075-1,2018,rgpd_ou_directive,RGPD/ DIRECTIVE police justice,sur_place,sur place,DGSI,DGSI,LEVALLOIS-PERRET,92,92,FR,,regalien,etat_regalien,Régalien,4959b379__opencnil-liste-controles-2018.csv,283,annee_source_absente|pays_deduit
2018-21db1bfe-1,2018,rgpd_ou_directive,RGPD/ DIRECTIVE police justice,sur_place,sur place,DIRECTION DE LA SÉCURITÉ DE PROXIMITÉ DE L’AGGLOMÉRATION PARISIENNE,DIRECTION DE LA SECURITE DE PROXIMITE DE LAGGLOMERATION PARISIENNE,PARIS,75,75,FR,,regalien,etat_regalien,Régalien,4959b379__opencnil-liste-controles-2018.csv,285,annee_source_absente|pays_deduit
2018-34b7248d-1,2018,rgpd_ou_directive,RGPD/ DIRECTIVE police justice,sur_place,sur place,GROUPE SOS SOLIDARITE,GROUPE SOS SOLIDARITE,PARIS,75,75,FR,,social,sante_social,Social,4959b379__opencnil-liste-controles-2018.csv,287,annee_source_absente|pays_deduit
2018-2694d5ac-1,2018,rgpd_ou_directive,RGPD/ DIRECTIVE police justice,sur_place,sur place,KALHYGE,KALHYGE,PARIS,75,75,FR,,commerce,commerce,Commerce,4959b379__opencnil-liste-controles-2018.csv,289,annee_source_absente|pays_deduit
2018-38bc0a75-1,2018,rgpd_ou_directive,RGPD/ DIRECTIVE police justice,sur_place,sur place,LABORATOIRE EURABIO,LABORATOIRE EURABIO,LILLE,59,59,FR,,sante,sante_social,Santé,4959b379__opencnil-liste-controles-2018.csv,291,annee_source_absente|pays_deduit
2018-8f586f81-1,2018,rgpd_ou_directive,RGPD/ DIRECTIVE police justice,sur_place,sur place,MAIRIE DE CRETEIL,MAIRIE DE CRETEIL,CRETEIL,94,94,FR,,collectivites_territoriales,collectivites_territoriales,Collectivités territoriales,4959b379__opencnil-liste-controles-2018.csv,293,annee_source_absente|pays_deduit
2018-2620e148-1,2018,rgpd_ou_directive,RGPD/ DIRECTIVE police justice,sur_place,sur place,MAIRIE DE PARIS,MAIRIE DE PARIS,PARIS,75,75,FR,,collectivites_territoriales,collectivites_territoriales,Collectivités territoriales,4959b379__opencnil-liste-controles-2018.csv,295,annee_source_absente|pays_deduit
2018-8fee0dcf-1,2018,rgpd_ou_directive,RGPD/ DIRECTIVE police justice,sur_place,sur place,MAIRIE DE PUTEAUX,MAIRIE DE PUTEAUX,PUTEAUX,92,92,FR,,collectivites_territoriales,collectivites_territoriales,Collectivités territoriales,4959b379__opencnil-liste-controles-2018.csv,297,annee_source_absente|pays_deduit
2018-d76991e5-1,2018,rgpd_ou_directive,RGPD/ DIRECTIVE police justice,sur_place,sur place,MUTUELLE DE L'ARMEE DE L'AIR,MUTUELLE DE L ARMEE DE L AIR,MONTROUGE,92,92,FR,,assurance,assurance,Assurances,4959b379__opencnil-liste-controles-2018.csv,299,annee_source_absente|pays_deduit
2018-699d3c6a-1,2018,rgpd_ou_directive,RGPD/ DIRECTIVE police justice,sur_place,sur place,NORD BIOLOGIE,NORD BIOLOGIE,RONCHIN,59,59,FR,,sante_social,sante_social,Santé/social,4959b379__opencnil-liste-controles-2018.csv,301,annee_source_absente|pays_deduit
2018-cd69428d-1,2018,rgpd_ou_directive,RGPD/ DIRECTIVE police justice,sur_place,sur place,ORGANISATION FUNERAIRE JACQUES LEFEVRE,ORGANISATION FUNERAIRE JACQUES LEFEVRE,LAMBERSART,59,59,FR,,commerce,commerce,Commerce,4959b379__opencnil-liste-controles-2018.csv,303,annee_source_absente|pays_deduit
2018-ba2b26eb-1,2018,rgpd_ou_directive,RGPD/ DIRECTIVE police justice,sur_place,sur place,PISCINE KELLER,PISCINE KELLER,PARIS,75,75,FR,,sport,education_culture_sport,Sport,4959b379__opencnil-liste-controles-2018.csv,305,annee_source_absente|pays_deduit
2018-90ee8849-1,2018,rgpd_ou_directive,RGPD/ DIRECTIVE police justice,sur_place,sur place,PREFECTURE DE CRETEIL,PREFECTURE DE CRETEIL,CRETEIL,94,94,FR,,collectivites_territoriales,collectivites_territoriales,Collectivités territoriales,4959b379__opencnil-liste-controles-2018.csv,307,annee_source_absente|pays_deduit
2018-5bd52a20-1,2018,rgpd_ou_directive,RGPD/ DIRECTIVE police justice,sur_place,sur place,PREFECTURE DU NORD,PREFECTURE DU NORD,LILLE,59,59,FR,,regalien,etat_regalien,Régalien,4959b379__opencnil-liste-controles-2018.csv,309,annee_source_absente|pays_deduit
2018-9ef9c16d-1,2018,rgpd_ou_directive,RGPD/ DIRECTIVE police justice,sur_place,sur place,RATP,RATP,PARIS,75,75,FR,,sante_social,sante_social,Santé/social,4959b379__opencnil-liste-controles-2018.csv,311,annee_source_absente|pays_deduit
2018-561a8365-1,2018,rgpd_ou_directive,RGPD/ DIRECTIVE police justice,sur_place,sur place,SAINT LOUIS AMBULANCE,SAINT LOUIS AMBULANCE,PARIS,75,75,FR,,sante,sante_social,Santé,4959b379__opencnil-liste-controles-2018.csv,313,annee_source_absente|pays_deduit
2018-d5e5e72d-1,2018,rgpd_ou_directive,RGPD/ DIRECTIVE police justice,sur_place,sur place,SAMUSOCIAL,SAMUSOCIAL,PARIS,75,75,FR,,associatif,associatif,Associatif,4959b379__opencnil-liste-controles-2018.csv,315,annee_source_absente|pays_deduit
2018-a8859b51-1,2018,rgpd_ou_directive,RGPD/ DIRECTIVE police justice,sur_place,sur place,SCP GMBG,SCP GMBG,MARSEILLE,13,13,FR,,sante_social,sante_social,Santé/social,4959b379__opencnil-liste-controles-2018.csv,317,annee_source_absente|pays_deduit
2018-a56256ce-1,2018,rgpd_ou_directive,RGPD/ DIRECTIVE police justice,sur_place,sur place,SELARL N.S ET ASSOCIES,SELARL N S ET ASSOCIES,SERRIS,77,77,FR,,sante_social,sante_social,Santé/social,4959b379__opencnil-liste-controles-2018.csv,319,annee_source_absente|pays_deduit
2018-f829247d-1,2018,rgpd_ou_directive,RGPD/ DIRECTIVE police justice,sur_place,sur place,SNCF,SNCF,PARIS,75,75,FR,,transports,transports,Transports,4959b379__opencnil-liste-controles-2018.csv,321,annee_source_absente|pays_deduit
2018-c363239d-1,2018,rgpd_ou_directive,RGPD/ DIRECTIVE police justice,sur_place,sur place,SOCIETE ADREXO,SOCIETE ADREXO,AIX-EN-PROVENCE,13,13,FR,,travail,travail,Travail,4959b379__opencnil-liste-controles-2018.csv,323,annee_source_absente|pays_deduit
2018-7024a2f5-1,2018,rgpd_ou_directive,RGPD/ DIRECTIVE police justice,sur_place,sur place,SYNDICAT FORCE OUVRIERE,SYNDICAT FORCE OUVRIERE,PARIS,75,75,FR,,presse,presse,Presse,4959b379__opencnil-liste-controles-2018.csv,325,annee_source_absente|pays_deduit
2018-274ee0af-1,2018,rgpd_ou_directive,RGPD/ DIRECTIVE police justice,sur_place,sur place,TGI DE NICE,TGI DE NICE,NICE,06,6,FR,,regalien,etat_regalien,Régalien,4959b379__opencnil-liste-controles-2018.csv,327,annee_source_absente|departement_corrige|pays_deduit
2018-dbcd0e27-1,2018,rgpd_ou_directive,RGPD/ DIRECTIVE police justice,sur_place,sur place,TIDJAY,TIDJAY,LYON,69,69,FR,,travail,travail,Travail,4959b379__opencnil-liste-controles-2018.csv,329,annee_source_absente|pays_deduit
2018-429ac66f-1,2018,rgpd_ou_directive,RGPD/ DIRECTIVE police justice,sur_place,sur place,UNILEVER FRANCE,UNILEVER FRANCE,RUEIL-MALMAISON,92,92,FR,,travail,travail,Travail,4959b379__opencnil-liste-controles-2018.csv,331,annee_source_absente|pays_deduit
2018-429ac66f-2,2018,rgpd_ou_directive,RGPD/ DIRECTIVE police justice,sur_place,sur place,UNILEVER FRANCE,UNILEVER FRANCE,RUEIL-MALMAISON,92,92,FR,,travail,travail,Travail,4959b379__opencnil-liste-controles-2018.csv,333,annee_source_absente|pays_deduit|ligne_dupliquee
2018-0cc19bca-1,2018,rgpd_ou_directive,RGPD/ DIRECTIVE police justice,sur_place,sur place,UNIONTRAD COMPANY,UNIONTRAD COMPANY,PARIS,75,75,FR,,commerce,commerce,Commerce,4959b379__opencnil-liste-controles-2018.csv,335,annee_source_absente|pays_deduit
2018-4619aa42-1,2018,rgpd_ou_directive,RGPD/ DIRECTIVE police justice,sur_place,sur place,UNITE DE COORDINATION DE LA LUTTE ANTITERRORISTE,UNITE DE COORDINATION DE LA LUTTE ANTITERRORISTE,PARIS,75,75,FR,,regalien,etat_regalien,Régalien,4959b379__opencnil-liste-controles-2018.csv,337,annee_source_absente|pays_deduit
2018-4619aa42-2,2018,rgpd_ou_directive,RGPD/ DIRECTIVE police justice,sur_place,sur place,UNITE DE COORDINATION DE LA LUTTE ANTITERRORISTE,UNITE DE COORDINATION DE LA LUTTE ANTITERRORISTE,PARIS,75,75,FR,,regalien,etat_regalien,Régalien,4959b379__opencnil-liste-controles-2018.csv,339,annee_source_absente|pays_deduit|ligne_dupliquee
2018-0def6fe0-1,2018,rgpd_ou_directive,RGPD/ DIRECTIVE police justice,sur_pieces,sur pièces,3D OUEST,3D OUEST,LANNION,22,22,FR,,regalien,etat_regalien,Régalien,4959b379__opencnil-liste-controles-2018.csv,341,annee_source_absente|pays_deduit
2018-53bff56b-1,2018,rgpd_ou_directive,RGPD/ DIRECTIVE police justice,sur_pieces,sur pièces,ARPEGE,ARPEGE,SAINT-SEBASTIEN-SUR-LOIRE,44,44,FR,,regalien,etat_regalien,Régalien,4959b379__opencnil-liste-controles-2018.csv,343,annee_source_absente|pays_deduit
2018-050eed8e-1,2018,rgpd_ou_directive,RGPD/ DIRECTIVE police justice,sur_pieces,sur pièces,ASPERIENCE,ASPERIENCE,DAMIGNY,61,61,FR,,commerce,commerce,Commerce,4959b379__opencnil-liste-controles-2018.csv,345,annee_source_absente|pays_deduit
2018-6163f0bf-1,2018,rgpd_ou_directive,RGPD/ DIRECTIVE police justice,sur_pieces,sur pièces,DOCAPOST,DOCAPOST,CHARENTON-LE-PONT,94,94,FR,,commerce,commerce,Commerce,4959b379__opencnil-liste-controles-2018.csv,347,annee_source_absente|pays_deduit
2018-b542a944-1,2018,rgpd_ou_directive,RGPD/ DIRECTIVE police justice,sur_pieces,sur pièces,KLEE GROUP,KLEE GROUP,LE PLESSIS-ROBINSON,92,92,FR,,commerce,commerce,Commerce,4959b379__opencnil-liste-controles-2018.csv,349,annee_source_absente|pays_deduit
2018-13cbe141-1,2018,rgpd_ou_directive,RGPD/ DIRECTIVE police justice,sur_pieces,sur pièces,LABORATOIRE D'ANALYSES MEDICALES BIOPATH,LABORATOIRE D ANALYSES MEDICALES BIOPATH,PARIS,75,75,FR,,sante,sante_social,Santé,4959b379__opencnil-liste-controles-2018.csv,351,annee_source_absente|pays_deduit
2018-e9ee1a14-1,2018,rgpd_ou_directive,RGPD/ DIRECTIVE police justice,sur_pieces,sur pièces,LABORATOIRE DE BIOLOGIE MEDICALE - DIGUE CERBALLIANCE,LABORATOIRE DE BIOLOGIE MEDICALE DIGUE CERBALLIANCE,PARIS,75,75,FR,,sante,sante_social,Santé,4959b379__opencnil-liste-controles-2018.csv,353,annee_source_absente|pays_deduit
2018-448e1923-1,2018,rgpd_ou_directive,RGPD/ DIRECTIVE police justice,sur_pieces,sur pièces,LABORATOIRE DE FRANCE,LABORATOIRE DE FRANCE,PARIS,75,75,FR,,sante,sante_social,Santé,4959b379__opencnil-liste-controles-2018.csv,355,annee_source_absente|pays_deduit
2018-79d13d93-1,2018,rgpd_ou_directive,RGPD/ DIRECTIVE police justice,sur_pieces,sur pièces,LABORATOIRE EURABIO,LABORATOIRE EURABIO,PARIS,75,75,FR,,sante,sante_social,Santé,4959b379__opencnil-liste-controles-2018.csv,357,annee_source_absente|pays_deduit
2018-c6c7e54b-1,2018,rgpd_ou_directive,RGPD/ DIRECTIVE police justice,sur_pieces,sur pièces,NORD BIOLOGIE LILLE,NORD BIOLOGIE LILLE,LILLE,59,59,FR,,sante,sante_social,Santé,4959b379__opencnil-liste-controles-2018.csv,359,annee_source_absente|pays_deduit
2018-31e50a4c-1,2018,rgpd_ou_directive,RGPD/ DIRECTIVE police justice,sur_pieces,sur pièces,ONLINE,ONLINE,PARIS,75,75,FR,,commerce,commerce,Commerce,4959b379__opencnil-liste-controles-2018.csv,361,annee_source_absente|pays_deduit
2018-13d490fc-1,2018,rgpd_ou_directive,RGPD/ DIRECTIVE police justice,sur_pieces,sur pièces,ORANGE BUSINESS SERVICES,ORANGE BUSINESS SERVICES,SAINT-DENIS,93,93,FR,,commerce,commerce,Commerce,4959b379__opencnil-liste-controles-2018.csv,363,annee_source_absente|pays_deduit
2018-1df68d1d-1,2018,rgpd_ou_directive,RGPD/ DIRECTIVE police justice,sur_pieces,sur pièces,PEPPERBAY,PEPPERBAY,MULHOUSE,68,68,FR,,commerce,commerce,Commerce,4959b379__opencnil-liste-controles-2018.csv,365,annee_source_absente|pays_deduit
2018-1b8a5ad1-1,2018,rgpd_ou_directive,RGPD/ DIRECTIVE police justice,sur_pieces,sur pièces,SECURINFOR,SECURINFOR,RUNGIS,94,94,FR,,commerce,commerce,Commerce,4959b379__opencnil-liste-controles-2018.csv,367,annee_source_absente|pays_deduit
2018-30b27777-1,2018,rgpd_ou_directive,RGPD/ DIRECTIVE police justice,sur_pieces,sur pièces,SOFTWAY MEDICAL,SOFTWAY MEDICAL,MEYREUIL,13,13,FR,,sante,sante_social,Santé,4959b379__opencnil-liste-controles-2018.csv,369,annee_source_absente|pays_deduit
2018-bf409686-1,2018,rgpd_ou_directive,RGPD/ DIRECTIVE police justice,sur_pieces,sur pièces,START INFORMATIQUE,START INFORMATIQUE,PLOEMEUR,56,56,FR,,regalien,etat_regalien,Régalien,4959b379__opencnil-liste-controles-2018.csv,371,annee_source_absente|pays_deduit
2018-10ebe9d2-1,2018,rgpd_ou_directive,RGPD/ DIRECTIVE police justice,sur_audition,sur audition,ATIH,ATIH,PARIS,75,75,FR,,sante,sante_social,Santé,4959b379__opencnil-liste-controles-2018.csv,373,annee_source_absente|pays_deduit
2018-1ea7dc6a-1,2018,rgpd_ou_directive,RGPD/ DIRECTIVE police justice,en_ligne,en ligne,44 GALERIES LAFAYETTE,44 GALERIES LAFAYETTE,PARIS,75,75,FR,,commerce,commerce,Commerce,4959b379__opencnil-liste-controles-2018.csv,375,annee_source_absente|pays_deduit
2018-a48cdccb-1,2018,rgpd_ou_directive,RGPD/ DIRECTIVE police justice,en_ligne,en ligne,ATIH,ATIH,PARIS,75,75,FR,,sante,sante_social,Santé,4959b379__opencnil-liste-controles-2018.csv,377,annee_source_absente|pays_deduit
2018-e6a58cc5-1,2018,rgpd_ou_directive,RGPD/ DIRECTIVE police justice,en_ligne,en ligne,COMMON MINDS,COMMON MINDS,PARIS,75,75,FR,,travail,travail,Travail,4959b379__opencnil-liste-controles-2018.csv,379,annee_source_absente|pays_deduit
2018-2c1607c6-1,2018,rgpd_ou_directive,RGPD/ DIRECTIVE police justice,en_ligne,en ligne,DIGISCHOOL,DIGISCHOOL,PARIS,75,75,FR,,education,education_culture_sport,Education,4959b379__opencnil-liste-controles-2018.csv,381,annee_source_absente|pays_deduit
2018-2e1cb3d2-1,2018,rgpd_ou_directive,RGPD/ DIRECTIVE police justice,en_ligne,en ligne,FORPROF,FORPROF,PARIS,75,75,FR,,commerce,commerce,Commerce,4959b379__opencnil-liste-controles-2018.csv,383,annee_source_absente|pays_deduit
2018-7ac8c8d6-1,2018,rgpd_ou_directive,RGPD/ DIRECTIVE police justice,en_ligne,en ligne,MUTUELLE DE L'ARMEE DE L'AIR,MUTUELLE DE L ARMEE DE L AIR,PARIS,75,75,FR,,assurance,assurance,Assurances,4959b379__opencnil-liste-controles-2018.csv,385,annee_source_absente|pays_deduit
2018-09cde458-1,2018,rgpd_ou_directive,RGPD/ DIRECTIVE police justice,en_ligne,en ligne,NOTE2BE.COM,NOTE2BE COM,PARIS,75,75,FR,,education,education_culture_sport,Education,4959b379__opencnil-liste-controles-2018.csv,387,annee_source_absente|pays_deduit
2018-cb2fcdb8-1,2018,rgpd_ou_directive,RGPD/ DIRECTIVE police justice,en_ligne,en ligne,SAGES INFORMATIQUE,SAGES INFORMATIQUE,PARIS,75,75,FR,,commerce,commerce,Commerce,4959b379__opencnil-liste-controles-2018.csv,389,annee_source_absente|pays_deduit
2018-bfa10fae-1,2018,rgpd_ou_directive,RGPD/ DIRECTIVE police justice,en_ligne,en ligne,SAS NOMAD EDUCATION,SAS NOMAD EDUCATION,PARIS,75,75,FR,,education,education_culture_sport,Education,4959b379__opencnil-liste-controles-2018.csv,391,annee_source_absente|pays_deduit
2018-32b14836-1,2018,rgpd_ou_directive,RGPD/ DIRECTIVE police justice,en_ligne,en ligne,SCANSANTE.FR,SCANSANTE FR,PARIS,75,75,FR,,sante,sante_social,Santé,4959b379__opencnil-liste-controles-2018.csv,393,annee_source_absente|pays_deduit
2018-01754a1b-1,2018,videoprotection,VIDEOPROTECTION,sur_place,sur place,ACCOR HOTEL ARENA,ACCOR HOTEL ARENA,PARIS,75,75,FR,,culture,education_culture_sport,Culture,4959b379__opencnil-liste-controles-2018.csv,395,annee_source_absente|pays_deduit
2018-68ecf1c0-1,2018,videoprotection,VIDEOPROTECTION,sur_place,sur place,BRICO-DEPOT,BRICO DEPOT,FLINS-SUR-SEINE,78,78,FR,,commerce,commerce,Commerce,4959b379__opencnil-liste-controles-2018.csv,396,annee_source_absente|pays_deduit
2018-5af4f690-1,2018,videoprotection,VIDEOPROTECTION,sur_place,sur place,BUT INTERNATIONAL,BUT INTERNATIONAL,ORGEVAL,78,78,FR,,commerce,commerce,Commerce,4959b379__opencnil-liste-controles-2018.csv,397,annee_source_absente|pays_deduit
2018-2a75c798-1,2018,videoprotection,VIDEOPROTECTION,sur_place,sur place,CARREFOUR CHAMBOURCY,CARREFOUR CHAMBOURCY,CHAMBOURCY,78,78,FR,,commerce,commerce,Commerce,4959b379__opencnil-liste-controles-2018.csv,398,annee_source_absente|pays_deduit
2018-0fa0b726-1,2018,videoprotection,VIDEOPROTECTION,sur_place,sur place,CHÂTEAU DE LA PIOLINE,CHATEAU DE LA PIOLINE,AIX-EN-PROVENCE,13,13,FR,,commerce,commerce,Commerce,4959b379__opencnil-liste-controles-2018.csv,399,annee_source_absente|pays_deduit
2018-d376c7bf-1,2018,videoprotection,VIDEOPROTECTION,sur_place,sur place,COMMUNE DE DAIX,COMMUNE DE DAIX,DAIX,21,21,FR,,collectivites_territoriales,collectivites_territoriales,Collectivités territoriales,4959b379__opencnil-liste-controles-2018.csv,400,annee_source_absente|pays_deduit
2018-956ee87a-1,2018,videoprotection,VIDEOPROTECTION,sur_place,sur place,COMMUNE DE MUTZIG,COMMUNE DE MUTZIG,MUTZIG,67,67,FR,,collectivites_territoriales,collectivites_territoriales,Collectivités territoriales,4959b379__opencnil-liste-controles-2018.csv,401,annee_source_absente|pays_deduit
2018-b188e83a-1,2018,videoprotection,VIDEOPROTECTION,sur_place,sur place,ETABLISSEMENT PUBLIC CITE DE LA CERAMIQUE SEVRES ET LIMOGES,ETABLISSEMENT PUBLIC CITE DE LA CERAMIQUE SEVRES ET LIMOGES,SEVRES,92,92,FR,,culture,education_culture_sport,Culture,4959b379__opencnil-liste-controles-2018.csv,402,annee_source_absente|pays_deduit
2018-b9075434-1,2018,videoprotection,VIDEOPROTECTION,sur_place,sur place,HILTON PARIS LA DEFENSE,HILTON PARIS LA DEFENSE,PUTEAUX,92,92,FR,,commerce,commerce,Commerce,4959b379__opencnil-liste-controles-2018.csv,403,annee_source_absente|pays_deduit
2018-b01ce380-1,2018,videoprotection,VIDEOPROTECTION,sur_place,sur place,HOTEL CARLTON DE LILLE,HOTEL CARLTON DE LILLE,LILLE,59,59,FR,,tourisme,commerce,Tourisme,4959b379__opencnil-liste-controles-2018.csv,404,annee_source_absente|pays_deduit
2018-aa314964-1,2018,videoprotection,VIDEOPROTECTION,sur_place,sur place,HOTEL LA VILLA HAUSSMANN,HOTEL LA VILLA HAUSSMANN,PARIS,75,75,FR,,commerce,commerce,Commerce,4959b379__opencnil-liste-controles-2018.csv,405,annee_source_absente|pays_deduit
2018-ca1136db-1,2018,videoprotection,VIDEOPROTECTION,sur_place,sur place,LEADER PRICE EXPLOITATION,LEADER PRICE EXPLOITATION,VERSAILLES,78,78,FR,,commerce,commerce,Commerce,4959b379__opencnil-liste-controles-2018.csv,406,annee_source_absente|pays_deduit
2018-7fc7102d-1,2018,videoprotection,VIDEOPROTECTION,sur_place,sur place,MK2 BIBLIOTHEQUE,MK2 BIBLIOTHEQUE,PARIS,75,75,FR,,culture,education_culture_sport,Culture,4959b379__opencnil-liste-controles-2018.csv,407,annee_source_absente|pays_deduit
2018-c237238d-1,2018,videoprotection,VIDEOPROTECTION,sur_place,sur place,MUSEUM NATIONAL D'HISTOIRE NATURELLE,MUSEUM NATIONAL D HISTOIRE NATURELLE,PARIS,75,75,FR,,culture,education_culture_sport,Culture,4959b379__opencnil-liste-controles-2018.csv,408,annee_source_absente|pays_deduit
2018-a6724d6e-1,2018,videoprotection,VIDEOPROTECTION,sur_place,sur place,NOVOTEL PARIS LA DEFENSE,NOVOTEL PARIS LA DEFENSE,LA DEFENSE,92,92,FR,,commerce,commerce,Commerce,4959b379__opencnil-liste-controles-2018.csv,409,annee_source_absente|pays_deduit
2018-73cfe777-1,2018,videoprotection,VIDEOPROTECTION,sur_place,sur place,PISCINE SUZANNE BERLIOUX,PISCINE SUZANNE BERLIOUX,PARIS,75,75,FR,,sport,education_culture_sport,Sport,4959b379__opencnil-liste-controles-2018.csv,410,annee_source_absente|pays_deduit
2018-afdd6fef-1,2018,videoprotection,VIDEOPROTECTION,sur_place,sur place,SOCIETE ALIMENTAIRE VERSAILLES YVELINES,SOCIETE ALIMENTAIRE VERSAILLES YVELINES,VERSAILLES,78,78,FR,,commerce,commerce,Commerce,4959b379__opencnil-liste-controles-2018.csv,411,annee_source_absente|pays_deduit
2018-034590c3-1,2018,videoprotection,VIDEOPROTECTION,sur_place,sur place,SODICHAR,SODICHAR,BUC,78,78,FR,,commerce,commerce,Commerce,4959b379__opencnil-liste-controles-2018.csv,412,annee_source_absente|pays_deduit
2018-3515d2de-1,2018,videoprotection,VIDEOPROTECTION,sur_place,sur place,STADE NAUTIQUE GABRIEL MENUT,STADE NAUTIQUE GABRIEL MENUT,CORBEIL-ESSONNES,91,91,FR,,collectivites_territoriales,collectivites_territoriales,Collectivités territoriales,4959b379__opencnil-liste-controles-2018.csv,413,annee_source_absente|pays_deduit
2018-45564338-1,2018,videoprotection,VIDEOPROTECTION,sur_pieces,sur pièces,PREFECTURE DE POLICE DE PARIS,PREFECTURE DE POLICE DE PARIS,PARIS,75,75,FR,,regalien,etat_regalien,Régalien,4959b379__opencnil-liste-controles-2018.csv,414,annee_source_absente|pays_deduit
2019-4bce8380-1,2019,rgpd,RGPD,sur_place,sur place,FAMILY SPHERE,FAMILY SPHERE,PARIS,75,75,FR,,social,sante_social,Social,f35215af__opencnil-liste-controles-2019.csv,2,annee_source_absente|pays_deduit
2019-8033db7e-1,2019,rgpd,RGPD,en_ligne,en ligne,WHATSAPP,WHATSAPP,PARIS,75,75,FR,,commerce,commerce,Commerce,f35215af__opencnil-liste-controles-2019.csv,3,annee_source_absente|pays_deduit
2019-54a4c15e-1,2019,rgpd,RGPD,en_ligne,en ligne,LUSHA.CO,LUSHA CO,PARIS,75,75,FR,,commerce,commerce,Commerce,f35215af__opencnil-liste-controles-2019.csv,4,annee_source_absente|pays_deduit
2019-97ffc361-1,2019,rgpd,RGPD,sur_audition,sur audition,LUSHA.CO,LUSHA CO,PARIS,75,75,FR,,commerce,commerce,Commerce,f35215af__opencnil-liste-controles-2019.csv,5,annee_source_absente|pays_deduit
2019-f3825b5d-1,2019,rgpd,RGPD,sur_place,sur place,LGHA AUTO,LGHA AUTO,PARIS,75,75,FR,,commerce,commerce,Commerce,f35215af__opencnil-liste-controles-2019.csv,6,annee_source_absente|pays_deduit
2019-7413a599-1,2019,rgpd,RGPD,sur_place,sur place,JB CONCEPT,JB CONCEPT,ECHIROLLES,38,38,FR,,commerce,commerce,Commerce,f35215af__opencnil-liste-controles-2019.csv,7,annee_source_absente|pays_deduit
2019-cae17dde-1,2019,rgpd,RGPD,sur_place,sur place,CLERMONT FERRAND DISTRIBUTION,CLERMONT FERRAND DISTRIBUTION,CLERMONT-FERRAND,63,63,FR,,commerce,commerce,Commerce,f35215af__opencnil-liste-controles-2019.csv,8,annee_source_absente|pays_deduit
2019-5660699d-1,2019,rgpd,RGPD,sur_place,sur place,NOMAD EDUCATION,NOMAD EDUCATION,PARIS,75,75,FR,,education,education_culture_sport,Education,f35215af__opencnil-liste-controles-2019.csv,9,annee_source_absente|pays_deduit
2019-a8e483c0-1,2019,rgpd,RGPD,sur_place,sur place,DIGISCHOOL,DIGISCHOOL,LYON,69,69,FR,,education,education_culture_sport,Education,f35215af__opencnil-liste-controles-2019.csv,10,annee_source_absente|pays_deduit
2019-c4277873-1,2019,rgpd,RGPD,sur_place,sur place,BK CONSULTING FRANCE,BK CONSULTING FRANCE,NANTERRE,92,92,FR,,commerce,commerce,Commerce,f35215af__opencnil-liste-controles-2019.csv,11,annee_source_absente|pays_deduit
2019-af2e5e2f-1,2019,rgpd,RGPD,sur_place,sur place,RIMINDER,RIMINDER,BOULOGNE-BILLANCOURT,92,92,FR,,travail,travail,Travail,f35215af__opencnil-liste-controles-2019.csv,12,annee_source_absente|pays_deduit
2019-428f9038-1,2019,rgpd,RGPD,sur_place,sur place,SYNLAB FRANCE,SYNLAB FRANCE,PARIS,75,75,FR,,sante,sante_social,Santé,f35215af__opencnil-liste-controles-2019.csv,13,annee_source_absente|pays_deduit
2019-07538199-1,2019,rgpd,RGPD,sur_audition,sur audition,"QEAT ""QUI EST A TABLE""",QEAT QUI EST A TABLE,PARIS,75,75,FR,,commerce,commerce,Commerce,f35215af__opencnil-liste-controles-2019.csv,14,annee_source_absente|pays_deduit
2019-d9d2c4e2-1,2019,rgpd,RGPD,sur_place,sur place,MAIRIE D'AULNAY-SOUS-BOIS,MAIRIE D AULNAY SOUS BOIS,AULNAY-SOUS-BOIS,93,93,FR,,collectivites_territoriales,collectivites_territoriales,Collectivités territoriales,f35215af__opencnil-liste-controles-2019.csv,15,annee_source_absente|pays_deduit
2019-875e456b-1,2019,directive_police_justice,DIRECTIVE,sur_place,sur place,TELEM TELESURVEILLANCE,TELEM TELESURVEILLANCE,MARSEILLE,13,13,FR,,regalien,etat_regalien,Régalien,f35215af__opencnil-liste-controles-2019.csv,16,annee_source_absente|pays_deduit
2019-4478364f-1,2019,directive_police_justice,DIRECTIVE,sur_place,sur place,MINISTERE DE L'INTERIEUR,MINISTERE DE L INTERIEUR,PARIS,69,69,FR,,regalien,etat_regalien,Régalien,f35215af__opencnil-liste-controles-2019.csv,17,annee_source_absente|pays_deduit
2019-4478364f-2,2019,directive_police_justice,DIRECTIVE,sur_place,sur place,MINISTERE DE L'INTERIEUR,MINISTERE DE L INTERIEUR,PARIS,69,69,FR,,regalien,etat_regalien,Régalien,f35215af__opencnil-liste-controles-2019.csv,18,annee_source_absente|pays_deduit|ligne_dupliquee
2019-ed91d6c3-1,2019,directive_police_justice,DIRECTIVE,sur_place,sur place,COMMISSARIAT BOULOGNE-BILLANCOURT,COMMISSARIAT BOULOGNE BILLANCOURT,BOULOGNE-BILLANCOURT,92,92,FR,,regalien,etat_regalien,Régalien,f35215af__opencnil-liste-controles-2019.csv,19,annee_source_absente|pays_deduit
2019-f5bdb574-1,2019,directive_police_justice,DIRECTIVE,sur_place,sur place,TRIBUNAL DE GRANDE INSTANCE DE PARIS,TRIBUNAL DE GRANDE INSTANCE DE PARIS,PARIS,75,75,FR,,regalien,etat_regalien,Régalien,f35215af__opencnil-liste-controles-2019.csv,20,annee_source_absente|pays_deduit
2019-f5bdb574-2,2019,directive_police_justice,DIRECTIVE,sur_place,sur place,TRIBUNAL DE GRANDE INSTANCE DE PARIS,TRIBUNAL DE GRANDE INSTANCE DE PARIS,PARIS,75,75,FR,,regalien,etat_regalien,Régalien,f35215af__opencnil-liste-controles-2019.csv,21,annee_source_absente|pays_deduit|ligne_dupliquee
2019-5c235c22-1,2019,directive_police_justice,DIRECTIVE,sur_place,sur place,COUR D'APPEL DE PARIS,COUR D APPEL DE PARIS,PARIS,75,75,FR,,regalien,etat_regalien,Régalien,f35215af__opencnil-liste-controles-2019.csv,22,annee_source_absente|pays_deduit
2019-aeb93c99-1,2019,directive_police_justice,DIRECTIVE,sur_pieces,sur pièces,TRIBUNAL DE GRANDE INSTANCE DE LONS LE SAUNIER,TRIBUNAL DE GRANDE INSTANCE DE LONS LE SAUNIER,LONS LE SAUNIER,39,39,FR,,regalien,etat_regalien,Régalien,f35215af__opencnil-liste-controles-2019.csv,23,annee_source_absente|pays_deduit
2019-d29eaa8b-1,2019,directive_police_justice,DIRECTIVE,sur_pieces,sur pièces,TRIBUNAL DE GRANDE INSTANCE D'ANGERS,TRIBUNAL DE GRANDE INSTANCE D ANGERS,ANGERS,49,49,FR,,regalien,etat_regalien,Régalien,f35215af__opencnil-liste-controles-2019.csv,24,annee_source_absente|pays_deduit
2019-85c4513e-1,2019,directive_police_justice,DIRECTIVE,sur_pieces,sur pièces,TRIBUNAL DE GRANDE INSTANCE DE FORT DE FRANCE,TRIBUNAL DE GRANDE INSTANCE DE FORT DE FRANCE,FORT DE France,97,97,FR,,regalien,etat_regalien,Régalien,f35215af__opencnil-liste-controles-2019.csv,25,annee_source_absente|departement_a_preciser|pays_deduit
2019-3b3d7fe6-1,2019,directive_police_justice,DIRECTIVE,sur_pieces,sur pièces,COURS D'APPEL DE VERSAILLES,COURS D APPEL DE VERSAILLES,VERSAILLES,78,78,FR,,regalien,etat_regalien,Régalien,f35215af__opencnil-liste-controles-2019.csv,26,annee_source_absente|pays_deduit
2019-a45bacf6-1,2019,directive_police_justice,DIRECTIVE,sur_place,sur place,MAIRIE DE MARSEILLE,MAIRIE DE MARSEILLE,MARSEILLE,13,13,FR,,collectivites_territoriales,collectivites_territoriales,Collectivités territoriales,f35215af__opencnil-liste-controles-2019.csv,27,annee_source_absente|pays_deduit
2019-52b1d88f-1,2019,rgpd,RGPD,sur_place,sur place,ARTEX ASSURANCES,ARTEX ASSURANCES,SAUMUR,49,49,FR,,assurance,assurance,Assurance,f35215af__opencnil-liste-controles-2019.csv,29,annee_source_absente|pays_deduit
2019-709f4ab0-1,2019,rgpd,RGPD,sur_place,sur place,GROUPE PATUS,GROUPE PATUS,SAINT-RAPHAEL,83,83,FR,,assurance,assurance,Assurance,f35215af__opencnil-liste-controles-2019.csv,30,annee_source_absente|pays_deduit
2019-d6b00ef8-1,2019,rgpd,RGPD,sur_place,sur place,REMADE,REMADE,POILLEY,50,50,FR,,commerce,commerce,Commerce,f35215af__opencnil-liste-controles-2019.csv,31,annee_source_absente|pays_deduit
2019-de2640ad-1,2019,rgpd,RGPD,sur_place,sur place,PEPPER DRINK,PEPPER DRINK,VITRE,35,35,FR,,commerce,commerce,Commerce,f35215af__opencnil-liste-controles-2019.csv,32,annee_source_absente|pays_deduit
2019-78236091-1,2019,rgpd,RGPD,sur_place,sur place,BACK MARKET,BACK MARKET,PARIS,75,75,FR,,commerce,commerce,Commerce,f35215af__opencnil-liste-controles-2019.csv,33,annee_source_absente|pays_deduit
2019-b2ba6fc5-1,2019,rgpd,RGPD,sur_place,sur place,AVANSSUR,AVANSSUR,SURESNES,92,92,FR,,assurance,assurance,Assurance,f35215af__opencnil-liste-controles-2019.csv,34,annee_source_absente|pays_deduit
2019-e3bce8c4-1,2019,rgpd,RGPD,sur_place,sur place,AVANSSUR,AVANSSUR,PARIS,75,75,FR,,assurance,assurance,Assurance,f35215af__opencnil-liste-controles-2019.csv,35,annee_source_absente|pays_deduit
2019-4a8cdf42-1,2019,rgpd,RGPD,sur_place,sur place,SOGESSUR,SOGESSUR,PARIS LA DEFENSE,92,92,FR,,assurance,assurance,Assurance,f35215af__opencnil-liste-controles-2019.csv,36,annee_source_absente|pays_deduit
2019-d96a79d9-1,2019,rgpd,RGPD,sur_place,sur place,BOUTIQUE AERO,BOUTIQUE AERO,BLAGNAC,31,31,FR,,commerce,commerce,Commerce,f35215af__opencnil-liste-controles-2019.csv,37,annee_source_absente|pays_deduit
2019-5c402877-1,2019,rgpd,RGPD,sur_place,sur place,MMA IARD ASSURANCES MUTUELLES,MMA IARD ASSURANCES MUTUELLES,LE MANS,72,72,FR,,travail,travail,Travail,f35215af__opencnil-liste-controles-2019.csv,38,annee_source_absente|pays_deduit
2019-9194b73f-1,2019,rgpd,RGPD,sur_place,sur place,MMA IARD ASSURANCES MUTUELLES,MMA IARD ASSURANCES MUTUELLES,SAINT HERBLAIN,72,72,FR,,travail,travail,Travail,f35215af__opencnil-liste-controles-2019.csv,39,annee_source_absente|pays_deduit
2019-58b1a850-1,2019,rgpd,RGPD,sur_place,sur place,MAIRIE DE PARIS,MAIRIE DE PARIS,PARIS,75,75,FR,,collectivites_territoriales,collectivites_territoriales,Collectivités territoriales,f35215af__opencnil-liste-controles-2019.csv,40,annee_source_absente|pays_deduit
2019-b663e665-1,2019,rgpd,RGPD,sur_place,sur place,MAIRIE DE PARIS,MAIRIE DE PARIS,PARIS,75,75,FR,,transports,transports,Transports,f35215af__opencnil-liste-controles-2019.csv,41,annee_source_absente|pays_deduit
2019-d36abfc0-1,2019,rgpd,RGPD,sur_place,sur place,FLOWBIRD,FLOWBIRD,PARIS,75,75,FR,,commerce,commerce,Commerce,f35215af__opencnil-liste-controles-2019.csv,42,annee_source_absente|pays_deduit
2019-39703bf3-1,2019,rgpd,RGPD,sur_place,sur place,FLOWBIRD,FLOWBIRD,BESANÇON,25,25,FR,,commerce,commerce,Commerce,f35215af__opencnil-liste-controles-2019.csv,43,annee_source_absente|pays_deduit
2019-ee407e45-1,2019,rgpd,RGPD,sur_place,sur place,STREETEO,STREETEO,PUTEAUX,92,92,FR,,commerce,commerce,Commerce,f35215af__opencnil-liste-controles-2019.csv,44,annee_source_absente|pays_deduit
2019-e539ad92-1,2019,rgpd,RGPD,sur_place,sur place,AGENCE NATIONALE DE TRAITEMENT AUTOMATISE DES INFRACTIONS,AGENCE NATIONALE DE TRAITEMENT AUTOMATISE DES INFRACTIONS,RENNES,35,35,FR,,regalien,etat_regalien,Régalien,f35215af__opencnil-liste-controles-2019.csv,45,annee_source_absente|pays_deduit
2019-232025cb-1,2019,rgpd,RGPD,sur_place,sur place,POLYCONSEIL,POLYCONSEIL,PARIS,75,75,FR,,regalien,etat_regalien,Régalien,f35215af__opencnil-liste-controles-2019.csv,46,annee_source_absente|pays_deduit
2019-0531e642-1,2019,rgpd,RGPD,sur_place,sur place,DAY USE,DAY USE,PARIS,75,75,FR,,tourisme,commerce,Tourisme,f35215af__opencnil-liste-controles-2019.csv,47,annee_source_absente|pays_deduit
2019-2091e31d-1,2019,rgpd,RGPD,sur_place,sur place,EDF,EDF,LA DEFENSE,92,92,FR,,energie,energie_environnement,Energie,f35215af__opencnil-liste-controles-2019.csv,48,annee_source_absente|pays_deduit
2019-7cb87fd2-1,2019,rgpd,RGPD,sur_place,sur place,ENGIE,ENGIE,COURBEVOIE,92,92,FR,,energie,energie_environnement,Energie,f35215af__opencnil-liste-controles-2019.csv,49,annee_source_absente|pays_deduit
2019-7cb87fd2-2,2019,rgpd,RGPD,sur_place,sur place,ENGIE,ENGIE,COURBEVOIE,92,92,FR,,energie,energie_environnement,Energie,f35215af__opencnil-liste-controles-2019.csv,50,annee_source_absente|pays_deduit|ligne_dupliquee
2019-c9430458-1,2019,rgpd,RGPD,sur_place,sur place,MALAKOFF MEDERIC MUTUELLE,MALAKOFF MEDERIC MUTUELLE,PARIS,75,75,FR,,assurance,assurance,Assurance,f35215af__opencnil-liste-controles-2019.csv,51,annee_source_absente|pays_deduit
2019-6156093d-1,2019,rgpd,RGPD,sur_place,sur place,AUXIA,AUXIA,PARIS,75,75,FR,,assurance,assurance,Assurance,f35215af__opencnil-liste-controles-2019.csv,52,annee_source_absente|pays_deduit
2019-26e3e70d-1,2019,rgpd,RGPD,sur_pieces,sur pièces,INSTITUT NATIONAL DES SCIENCES APPLIQUEES DE LYON,INSTITUT NATIONAL DES SCIENCES APPLIQUEES DE LYON,PARIS,75,75,FR,,education,education_culture_sport,Education,f35215af__opencnil-liste-controles-2019.csv,53,annee_source_absente|pays_deduit
2019-795c387e-1,2019,rgpd,RGPD,sur_pieces,sur pièces,INSTITUT NATIONAL POLYTECHNIQUE DE GRENOBLE,INSTITUT NATIONAL POLYTECHNIQUE DE GRENOBLE,PARIS,75,75,FR,,education,education_culture_sport,Education,f35215af__opencnil-liste-controles-2019.csv,54,annee_source_absente|pays_deduit
2019-69f2aa65-1,2019,rgpd,RGPD,sur_pieces,sur pièces,CONFEDERATION GENERALE DU TRAVAIL,CONFEDERATION GENERALE DU TRAVAIL,MONTREUIL,93,93,FR,,travail,travail,Travail,f35215af__opencnil-liste-controles-2019.csv,55,annee_source_absente|pays_deduit
2019-2cd051cc-1,2019,rgpd,RGPD,sur_audition,sur audition,CONFEDERATION GENERALE DU TRAVAIL,CONFEDERATION GENERALE DU TRAVAIL,PARIS,75,75,FR,,travail,travail,Travail,f35215af__opencnil-liste-controles-2019.csv,56,annee_source_absente|pays_deduit
2019-72aec120-1,2019,rgpd,RGPD,sur_pieces,sur pièces,CONFEDERATION FRANÇAISE DEMOCRATIQUE DU TRAVAIL,CONFEDERATION FRANCAISE DEMOCRATIQUE DU TRAVAIL,PARIS,75,75,FR,,travail,travail,Travail,f35215af__opencnil-liste-controles-2019.csv,57,annee_source_absente|pays_deduit
2019-790713c5-1,2019,rgpd,RGPD,sur_place,sur place,MINISTERE DE LA TRANSITION ECOLOGIQUE ET SOLIDAIRE,MINISTERE DE LA TRANSITION ECOLOGIQUE ET SOLIDAIRE,PUTEAUX,92,92,FR,,environnement,energie_environnement,Environnement,f35215af__opencnil-liste-controles-2019.csv,58,annee_source_absente|pays_deduit
2019-2b0f8b86-1,2019,rgpd,RGPD,sur_place,sur place,IMPRIMERIE NATIONALE,IMPRIMERIE NATIONALE,FLERS-EN-ESCREBIEUX,59,59,FR,,environnement,energie_environnement,Environnement,f35215af__opencnil-liste-controles-2019.csv,59,annee_source_absente|pays_deduit
2019-52d81e19-1,2019,rgpd,RGPD,sur_place,sur place,PHENOMEN FILMS PARIS,PHENOMEN FILMS PARIS,PARIS,75,75,FR,,culture,education_culture_sport,Culture,f35215af__opencnil-liste-controles-2019.csv,60,annee_source_absente|pays_deduit
2019-0982a4c7-1,2019,rgpd,RGPD,sur_audition,sur audition,LA COMPAGNIE IMMOBILIERE DE PARIS,LA COMPAGNIE IMMOBILIERE DE PARIS,PARIS,75,75,FR,,immobilier,immobilier,Immobilier,f35215af__opencnil-liste-controles-2019.csv,61,annee_source_absente|pays_deduit
2019-eade637b-1,2019,rgpd,RGPD,sur_place,sur place,SAGS MARSEILLE,SAGS MARSEILLE,MARSEILLE,13,13,FR,,collectivites_territoriales,collectivites_territoriales,Collectivités territoriales,f35215af__opencnil-liste-controles-2019.csv,62,annee_source_absente|pays_deduit
2019-2c6662cf-1,2019,rgpd,RGPD,sur_place,sur place,SAGS SERVICES,SAGS SERVICES,CHARNAY-LÈS-MÂCON,71,71,FR,,collectivites_territoriales,collectivites_territoriales,Collectivités territoriales,f35215af__opencnil-liste-controles-2019.csv,63,annee_source_absente|pays_deduit
2019-76ff946e-1,2019,rgpd,RGPD,en_ligne,en ligne,ORANGE BANK,ORANGE BANK,PARIS,75,75,FR,,banque,banque,Banque,f35215af__opencnil-liste-controles-2019.csv,64,annee_source_absente|pays_deduit
2019-d0b48225-1,2019,rgpd,RGPD,sur_place,sur place,ORANGE BANK,ORANGE BANK,PARIS,75,75,FR,,banque,banque,Banque,f35215af__opencnil-liste-controles-2019.csv,65,annee_source_absente|pays_deduit
2019-cf7077e2-1,2019,rgpd,RGPD,sur_place,sur place,BHV EXPLOITATION,BHV EXPLOITATION,PARIS,75,75,FR,,commerce,commerce,Commerce,f35215af__opencnil-liste-controles-2019.csv,66,annee_source_absente|pays_deduit
2019-16837126-1,2019,rgpd,RGPD,en_ligne,en ligne,PSA BANQUE FRANCE,PSA BANQUE FRANCE,PARIS,75,75,FR,,banque,banque,Banque,f35215af__opencnil-liste-controles-2019.csv,67,annee_source_absente|pays_deduit
2019-be757dd5-1,2019,rgpd,RGPD,sur_place,sur place,PSA BANQUE FRANCE,PSA BANQUE FRANCE,GENNEVILLIERS,92,92,FR,,banque,banque,Banque,f35215af__opencnil-liste-controles-2019.csv,68,annee_source_absente|pays_deduit
2019-7aa43cad-1,2019,rgpd,RGPD,en_ligne,en ligne,SHAPR,SHAPR,PARIS,75,75,FR,,travail,travail,Travail,f35215af__opencnil-liste-controles-2019.csv,69,annee_source_absente|pays_deduit
2019-7bd3b399-1,2019,rgpd,RGPD,sur_place,sur place,SHAPR,SHAPR,PARIS,75,75,FR,,travail,travail,Travail,f35215af__opencnil-liste-controles-2019.csv,70,annee_source_absente|pays_deduit
2019-9135e3c4-1,2019,rgpd,RGPD,sur_place,sur place,SHAPR,SHAPR,PARIS,76,76,FR,,travail,travail,Travail,f35215af__opencnil-liste-controles-2019.csv,71,annee_source_absente|pays_deduit
2019-f40f2d7a-1,2019,rgpd,RGPD,sur_place,sur place,OPTICAL CENTER,OPTICAL CENTER,PARIS,75,75,FR,,commerce,commerce,Commerce,f35215af__opencnil-liste-controles-2019.csv,72,annee_source_absente|pays_deduit
2019-f40f2d7a-2,2019,rgpd,RGPD,sur_place,sur place,OPTICAL CENTER,OPTICAL CENTER,PARIS,75,75,FR,,commerce,commerce,Commerce,f35215af__opencnil-liste-controles-2019.csv,73,annee_source_absente|pays_deduit|ligne_dupliquee
2019-f40f2d7a-3,2019,rgpd,RGPD,sur_place,sur place,OPTICAL CENTER,OPTICAL CENTER,PARIS,75,75,FR,,commerce,commerce,Commerce,f35215af__opencnil-liste-controles-2019.csv,74,annee_source_absente|pays_deduit|ligne_dupliquee
2019-4d79ce16-1,2019,rgpd,RGPD,sur_place,sur place,ETABLISSEMENT PUBLIC TERRITORIAL GRAND PARIS SEINE OUEST,ETABLISSEMENT PUBLIC TERRITORIAL GRAND PARIS SEINE OUEST,MEUDON,92,92,FR,,collectivites_territoriales,collectivites_territoriales,Collectivités territoriales,f35215af__opencnil-liste-controles-2019.csv,75,annee_source_absente|pays_deduit
2019-90ac08f2-1,2019,rgpd,RGPD,sur_place,sur place,FORPROF,FORPROF,LES ANGLES,30,30,FR,,education,education_culture_sport,Education,f35215af__opencnil-liste-controles-2019.csv,76,annee_source_absente|pays_deduit
2019-a9876750-1,2019,rgpd,RGPD,sur_pieces,sur pièces,ACCOR,ACCOR,ISSY-LES-MOULINEAUX,92,92,FR,,tourisme,commerce,Tourisme,f35215af__opencnil-liste-controles-2019.csv,77,annee_source_absente|pays_deduit
2019-63c8544a-1,2019,rgpd,RGPD,sur_place,sur place,LIBERTY RIDER,LIBERTY RIDER,TOULOUSE,31,31,FR,,transports,transports,Transports,f35215af__opencnil-liste-controles-2019.csv,78,annee_source_absente|pays_deduit
2019-05a3c75c-1,2019,rgpd,RGPD,sur_place,sur place,DISTRIBUTON LEADER PRICE SNC,DISTRIBUTON LEADER PRICE SNC,ARMAINVILLIERS,77,77,FR,,commerce,commerce,Commerce,f35215af__opencnil-liste-controles-2019.csv,79,annee_source_absente|pays_deduit
2019-6ca5828b-1,2019,rgpd,RGPD,sur_place,sur place,EOS FRANCE,EOS FRANCE,PARIS,75,75,FR,,commerce,commerce,Commerce,f35215af__opencnil-liste-controles-2019.csv,80,annee_source_absente|pays_deduit
2019-512962a9-1,2019,rgpd,RGPD,sur_place,sur place,DOMAXIS,DOMAXIS,PARIS,75,75,FR,,immobilier,immobilier,Immobilier,f35215af__opencnil-liste-controles-2019.csv,81,annee_source_absente|pays_deduit
2019-6622a63f-1,2019,rgpd,RGPD,en_ligne,en ligne,GEB ADOPT A GUY,GEB ADOPT A GUY,PARIS,75,75,FR,,commerce,commerce,Commerce,f35215af__opencnil-liste-controles-2019.csv,82,annee_source_absente|pays_deduit
2019-462810d1-1,2019,rgpd,RGPD,sur_place,sur place,GEB ADOPT A GUY,GEB ADOPT A GUY,PARIS,75,75,FR,,commerce,commerce,Commerce,f35215af__opencnil-liste-controles-2019.csv,83,annee_source_absente|pays_deduit
2019-ad2acdc1-1,2019,rgpd,RGPD,sur_place,sur place,TEEMO,TEEMO,PARIS,75,75,FR,,commerce,commerce,Commerce,f35215af__opencnil-liste-controles-2019.csv,84,annee_source_absente|pays_deduit
2019-310f715d-1,2019,rgpd,RGPD,sur_audition,sur audition,TEXTOLIFE,TEXTOLIFE,PARIS,75,75,FR,,telecommunications,telecommunications,Télécommunications,f35215af__opencnil-liste-controles-2019.csv,85,annee_source_absente|pays_deduit
2019-f43340e1-1,2019,rgpd,RGPD,en_ligne,en ligne,BFORBANK,BFORBANK,PARIS,75,75,FR,,banque,banque,Banque,f35215af__opencnil-liste-controles-2019.csv,86,annee_source_absente|pays_deduit
2019-8140fd00-1,2019,rgpd,RGPD,sur_place,sur place,BFORBANK,BFORBANK,COURBEVOIE,92,92,FR,,banque,banque,Banque,f35215af__opencnil-liste-controles-2019.csv,87,annee_source_absente|pays_deduit
2019-de7c90b7-1,2019,rgpd,RGPD,sur_place,sur place,COMMUNE DE CABRIES,COMMUNE DE CABRIES,CABRIES,13,13,FR,,collectivites_territoriales,collectivites_territoriales,Collectivités territoriales,f35215af__opencnil-liste-controles-2019.csv,88,annee_source_absente|pays_deduit
2019-63e6ad35-1,2019,rgpd,RGPD,sur_place,sur place,LOUDEAC VIANDES,LOUDEAC VIANDES,LOUDEAC,22,22,FR,,travail,travail,Travail,f35215af__opencnil-liste-controles-2019.csv,89,annee_source_absente|pays_deduit
2019-7a5cf762-1,2019,rgpd,RGPD,sur_place,sur place,CARNIVAR,CARNIVAR,ISTRES,13,13,FR,,travail,travail,Travail,f35215af__opencnil-liste-controles-2019.csv,90,annee_source_absente|pays_deduit
2019-1ac7a82a-1,2019,rgpd,RGPD,sur_place,sur place,CEMKA,CEMKA,BOURG-LA-REINE,92,92,FR,,sante,sante_social,Santé,f35215af__opencnil-liste-controles-2019.csv,91,annee_source_absente|pays_deduit
2019-ddce6e67-1,2019,rgpd,RGPD,sur_place,sur place,SOC BORDELAISE FABRICATION METALLIQUES,SOC BORDELAISE FABRICATION METALLIQUES,EYSINES,33,33,FR,,travail,travail,Travail,f35215af__opencnil-liste-controles-2019.csv,92,annee_source_absente|pays_deduit
2019-93d8dacc-1,2019,rgpd,RGPD,sur_place,sur place,GROUPE UNION FINANCIERE DE FRANCE,GROUPE UNION FINANCIERE DE FRANCE,PARIS,75,75,FR,,banque,banque,Banque,f35215af__opencnil-liste-controles-2019.csv,93,annee_source_absente|pays_deduit
2019-93d8dacc-2,2019,rgpd,RGPD,sur_place,sur place,GROUPE UNION FINANCIERE DE FRANCE,GROUPE UNION FINANCIERE DE FRANCE,PARIS,75,75,FR,,banque,banque,Banque,f35215af__opencnil-liste-controles-2019.csv,94,annee_source_absente|pays_deduit|ligne_dupliquee
2019-b654edf9-1,2019,loi78,LOI 78,sur_pieces,sur pièces,COMMUNE DE SAINT-ETIENNE,COMMUNE DE SAINT ETIENNE,PARIS,75,75,FR,,collectivites_territoriales,collectivites_territoriales,Collectivités territoriales,f35215af__opencnil-liste-controles-2019.csv,95,annee_source_absente|pays_deduit
2019-12120160-1,2019,loi78,LOI 78,sur_audition,sur audition,COMMUNE DE SAINT-ETIENNE,COMMUNE DE SAINT ETIENNE,PARIS,75,75,FR,,collectivites_territoriales,collectivites_territoriales,Collectivités territoriales,f35215af__opencnil-liste-controles-2019.csv,96,annee_source_absente|pays_deduit
2019-69dc4da8-1,2019,rgpd,RGPD,sur_place,sur place,GROUPE ALLO-MEDIA,GROUPE ALLO MEDIA,PARIS,75,75,FR,,commerce,commerce,Commerce,f35215af__opencnil-liste-controles-2019.csv,97,annee_source_absente|pays_deduit
2019-a5f0151c-1,2019,rgpd,RGPD,sur_place,sur place,ANKAMA GAMES,ANKAMA GAMES,ROUBAIX,59,59,FR,,jeux,education_culture_sport,Jeux,f35215af__opencnil-liste-controles-2019.csv,98,annee_source_absente|pays_deduit
2019-0f2b08a7-1,2019,rgpd,RGPD,sur_place,sur place,NETATMO,NETATMO,BOULOGNE-BILLANCOURT,92,92,FR,,commerce,commerce,Commerce,f35215af__opencnil-liste-controles-2019.csv,99,annee_source_absente|pays_deduit
2019-e579bb75-1,2019,rgpd,RGPD,sur_place,sur place,FIDZUP,FIDZUP,CLICHY,92,92,FR,,commerce,commerce,Commerce,f35215af__opencnil-liste-controles-2019.csv,100,annee_source_absente|pays_deduit
2019-0bf5d993-1,2019,rgpd,RGPD,sur_place,sur place,LEROY MERLIN,LEROY MERLIN,LEZENNES,59,59,FR,,commerce,commerce,Commerce,f35215af__opencnil-liste-controles-2019.csv,101,annee_source_absente|pays_deduit
2019-a9efb5a0-1,2019,rgpd,RGPD,en_ligne,en ligne,OKAÏDI,OKAIDI,PARIS,75,75,FR,,commerce,commerce,Commerce,f35215af__opencnil-liste-controles-2019.csv,102,annee_source_absente|pays_deduit
2019-235972a4-1,2019,rgpd,RGPD,sur_place,sur place,OKAÏDI,OKAIDI,ROUBAIX,59,59,FR,,commerce,commerce,Commerce,f35215af__opencnil-liste-controles-2019.csv,103,annee_source_absente|pays_deduit
2019-f359d287-1,2019,rgpd,RGPD,en_ligne,en ligne,INTERTEK FRANCE,INTERTEK FRANCE,PARIS,75,75,FR,,sante,sante_social,Santé,f35215af__opencnil-liste-controles-2019.csv,104,annee_source_absente|pays_deduit
2019-29b3a1b7-1,2019,rgpd,RGPD,sur_place,sur place,COMMUNE DE DRAP,COMMUNE DE DRAP,DRAP,06,06,FR,,collectivites_territoriales,collectivites_territoriales,Collectivités territoriales,f35215af__opencnil-liste-controles-2019.csv,105,annee_source_absente|pays_deduit
2019-26761a37-1,2019,rgpd,RGPD,sur_pieces,sur pièces,PEYLON,PEYLON,LYON,69,69,FR,,sante,sante_social,Santé,f35215af__opencnil-liste-controles-2019.csv,106,annee_source_absente|pays_deduit
2019-0f84b623-1,2019,rgpd,RGPD,en_ligne,en ligne,ESG TOULOUSE,ESG TOULOUSE,PARIS,75,75,FR,,education,education_culture_sport,Education,f35215af__opencnil-liste-controles-2019.csv,107,annee_source_absente|pays_deduit
2019-9f37bceb-1,2019,rgpd,RGPD,en_ligne,en ligne,CENTRE HOSPITALIER UNIVERSITAIRE DE BORDEAUX,CENTRE HOSPITALIER UNIVERSITAIRE DE BORDEAUX,TALENCE,33,33,FR,,sante,sante_social,Santé,f35215af__opencnil-liste-controles-2019.csv,108,annee_source_absente|pays_deduit
2019-f36df5d8-1,2019,rgpd,RGPD,sur_place,sur place,MAIRIE DE TRETS,MAIRIE DE TRETS,TRETS,13,13,FR,,collectivites_territoriales,collectivites_territoriales,Collectivités territoriales,f35215af__opencnil-liste-controles-2019.csv,109,annee_source_absente|pays_deduit
2019-6c8ef0c6-1,2019,rgpd,RGPD,sur_place,sur place,GRDF,GRDF,PARIS,75,75,FR,,energie,energie_environnement,Energie,f35215af__opencnil-liste-controles-2019.csv,110,annee_source_absente|pays_deduit
2019-430851b9-1,2019,rgpd,RGPD,en_ligne,en ligne,EVOLLIS,EVOLLIS,PARIS,75,75,FR,,commerce,commerce,Commerce,f35215af__opencnil-liste-controles-2019.csv,111,annee_source_absente|pays_deduit
2019-2a7f8ee4-1,2019,rgpd,RGPD,sur_place,sur place,EVOLLIS,EVOLLIS,BORDEAUX,33,33,FR,,commerce,commerce,Commerce,f35215af__opencnil-liste-controles-2019.csv,112,annee_source_absente|pays_deduit
2019-79cd5e82-1,2019,rgpd,RGPD,en_ligne,en ligne,KIWIP TECHNOLOGIES SAS,KIWIP TECHNOLOGIES SAS,PARIS,75,75,FR,,commerce,commerce,Commerce,f35215af__opencnil-liste-controles-2019.csv,113,annee_source_absente|pays_deduit
2019-b49ec51e-1,2019,rgpd,RGPD,sur_place,sur place,KIWIP TECHNOLOGIES SAS,KIWIP TECHNOLOGIES SAS,BAILLY ROMAINVILLIERS,77,77,FR,,commerce,commerce,Commerce,f35215af__opencnil-liste-controles-2019.csv,114,annee_source_absente|pays_deduit
2019-3589f18b-1,2019,rgpd,RGPD,en_ligne,en ligne,KIWIP TECHNOLOGIES SAS,KIWIP TECHNOLOGIES SAS,BAILLY ROMAINVILLIERS,77,77,FR,,commerce,commerce,Commerce,f35215af__opencnil-liste-controles-2019.csv,115,annee_source_absente|pays_deduit
2019-17856e2c-1,2019,rgpd,RGPD,en_ligne,en ligne,CARREFOUR HYPERMARCHES,CARREFOUR HYPERMARCHES,PARIS,75,75,FR,,commerce,commerce,Commerce,f35215af__opencnil-liste-controles-2019.csv,116,annee_source_absente|pays_deduit
2019-0c094d7f-1,2019,rgpd,RGPD,sur_place,sur place,CARREFOUR HYPERMARCHES,CARREFOUR HYPERMARCHES,EVRY,91,91,FR,,commerce,commerce,Commerce,f35215af__opencnil-liste-controles-2019.csv,117,annee_source_absente|pays_deduit
2019-fbdb8c63-1,2019,rgpd,RGPD,en_ligne,en ligne,NESTOR,NESTOR,PARIS,75,75,FR,,commerce,commerce,Commerce,f35215af__opencnil-liste-controles-2019.csv,118,annee_source_absente|pays_deduit
2019-770481fd-1,2019,rgpd,RGPD,sur_place,sur place,NESTOR,NESTOR,LEVALLOIS-PERRET,92,92,FR,,commerce,commerce,Commerce,f35215af__opencnil-liste-controles-2019.csv,119,annee_source_absente|pays_deduit
2019-6483e60a-1,2019,rgpd,RGPD,sur_place,sur place,SFK GROUP,SFK GROUP,ROMANS SUR ISERE,26,26,FR,,commerce,commerce,Commerce,f35215af__opencnil-liste-controles-2019.csv,120,annee_source_absente|pays_deduit
2019-6483e60a-2,2019,rgpd,RGPD,sur_place,sur place,SFK GROUP,SFK GROUP,ROMANS SUR ISERE,26,26,FR,,commerce,commerce,Commerce,f35215af__opencnil-liste-controles-2019.csv,121,annee_source_absente|pays_deduit|ligne_dupliquee
2019-61ab8ebb-1,2019,rgpd,RGPD,en_ligne,en ligne,MILIBOO,MILIBOO,PARIS,75,75,FR,,commerce,commerce,Commerce,f35215af__opencnil-liste-controles-2019.csv,122,annee_source_absente|pays_deduit
2019-88bc8af9-1,2019,rgpd,RGPD,sur_place,sur place,MILIBOO,MILIBOO,CHANAVOD,74,74,FR,,commerce,commerce,Commerce,f35215af__opencnil-liste-controles-2019.csv,123,annee_source_absente|pays_deduit
2019-aaa81c29-1,2019,rgpd,RGPD,sur_place,sur place,MOOVIA,MOOVIA,SAINT-OUEN,93,93,FR,,transports,transports,Transports,f35215af__opencnil-liste-controles-2019.csv,124,annee_source_absente|pays_deduit
2019-9e5f2b61-1,2019,rgpd,RGPD,sur_audition,sur audition,EDIPSOFT,EDIPSOFT,SEVRAN,93,93,FR,,commerce,commerce,Commerce,f35215af__opencnil-liste-controles-2019.csv,125,annee_source_absente|pays_deduit
2019-44234990-1,2019,rgpd,RGPD,sur_place,sur place,GROUPE CARNIVOR,GROUPE CARNIVOR,TOULON,83,83,FR,,travail,travail,Travail,f35215af__opencnil-liste-controles-2019.csv,126,annee_source_absente|pays_deduit
2019-8eb949bd-1,2019,rgpd,RGPD,en_ligne,en ligne,DIM SOLUTION,DIM SOLUTION,PARIS,75,75,FR,,commerce,commerce,Commerce,f35215af__opencnil-liste-controles-2019.csv,127,annee_source_absente|pays_deduit
2019-ae84460b-1,2019,rgpd,RGPD,sur_pieces,sur pièces,ASSISTANCE PUBLIQUE HOPITAUX DE PARIS,ASSISTANCE PUBLIQUE HOPITAUX DE PARIS,PARIS,75,75,FR,,sante,sante_social,Santé,f35215af__opencnil-liste-controles-2019.csv,128,annee_source_absente|pays_deduit
2019-bd90c984-1,2019,rgpd,RGPD,sur_place,sur place,LA CAILLE DES VOSGES,LA CAILLE DES VOSGES,BERTRIMOUTHIER,88,88,FR,,travail,travail,Travail,f35215af__opencnil-liste-controles-2019.csv,129,annee_source_absente|pays_deduit
2019-8f20a1c7-1,2019,rgpd,RGPD,sur_pieces,sur pièces,CHU DE TOULOUSE,CHU DE TOULOUSE,PARIS,75,75,FR,,sante,sante_social,Santé,f35215af__opencnil-liste-controles-2019.csv,130,annee_source_absente|pays_deduit
2019-9416d88c-1,2019,rgpd,RGPD,sur_audition,sur audition,LIVREVAL.fr,LIVREVAL FR,PARIS,75,75,FR,,education,education_culture_sport,Education,f35215af__opencnil-liste-controles-2019.csv,131,annee_source_absente|pays_deduit
2019-8e6cc965-1,2019,rgpd,RGPD,sur_place,sur place,COLLEGE PIERRE DE RONSARD,COLLEGE PIERRE DE RONSARD,L'HAY-LES-ROSES,94,94,FR,,education,education_culture_sport,Education,f35215af__opencnil-liste-controles-2019.csv,132,annee_source_absente|pays_deduit
2019-81d84280-1,2019,directive_police_justice,DIRECTIVE,sur_place,sur place,MINISTERE DE LA JUSTICE,MINISTERE DE LA JUSTICE,PARIS,75,75,FR,,regalien,etat_regalien,Régalien,f35215af__opencnil-liste-controles-2019.csv,133,annee_source_absente|pays_deduit
2019-2c38589c-1,2019,rgpd,RGPD,sur_place,sur place,MEDIBASE SYSTEMES,MEDIBASE SYSTEMES,MALAKOFF,92,92,FR,,sante,sante_social,Santé,f35215af__opencnil-liste-controles-2019.csv,134,annee_source_absente|pays_deduit
2019-19f28960-1,2019,rgpd,RGPD,sur_pieces,sur pièces,FLEISHMAN-HILLARD,FLEISHMAN HILLARD,PARIS,75,75,FR,,statistiques_publiques,etat_regalien,Statistiques et enquêtes publiques,f35215af__opencnil-liste-controles-2019.csv,135,annee_source_absente|pays_deduit
2019-f8289377-1,2019,rgpd,RGPD,sur_pieces,sur pièces,PUBLICIS CONSULTANTS,PUBLICIS CONSULTANTS,PARIS,75,75,FR,,statistiques_publiques,etat_regalien,Statistiques et enquêtes publiques,f35215af__opencnil-liste-controles-2019.csv,136,annee_source_absente|pays_deduit
2019-3feee2de-1,2019,rgpd,RGPD,sur_place,sur place,ESG TOULOUSE,ESG TOULOUSE,LABEGE,31,31,FR,,education,education_culture_sport,Education,f35215af__opencnil-liste-controles-2019.csv,137,annee_source_absente|pays_deduit
2019-b37c0530-1,2019,rgpd,RGPD,sur_place,sur place,IUT DE LAVAL,IUT DE LAVAL,LAVAL,53,53,FR,,education,education_culture_sport,Education,f35215af__opencnil-liste-controles-2019.csv,138,annee_source_absente|pays_deduit
2019-98774b7c-1,2019,rgpd,RGPD,sur_place,sur place,CARREFOUR,CARREFOUR,MASSY,91,91,FR,,commerce,commerce,Commerce,f35215af__opencnil-liste-controles-2019.csv,139,annee_source_absente|pays_deduit
2019-b8642e13-1,2019,rgpd,RGPD,sur_place,sur place,CARREFOUR,CARREFOUR,MASSY,92,92,FR,,commerce,commerce,Commerce,f35215af__opencnil-liste-controles-2019.csv,140,annee_source_absente|pays_deduit
2019-98774b7c-2,2019,rgpd,RGPD,sur_place,sur place,CARREFOUR,CARREFOUR,MASSY,91,91,FR,,commerce,commerce,Commerce,f35215af__opencnil-liste-controles-2019.csv,141,annee_source_absente|pays_deduit|ligne_dupliquee
2019-98774b7c-3,2019,rgpd,RGPD,sur_place,sur place,CARREFOUR,CARREFOUR,MASSY,91,91,FR,,commerce,commerce,Commerce,f35215af__opencnil-liste-controles-2019.csv,142,annee_source_absente|pays_deduit|ligne_dupliquee
2019-92fbc17b-1,2019,rgpd,RGPD,en_ligne,en ligne,CARREFOUR,CARREFOUR,PARIS,75,75,FR,,commerce,commerce,Commerce,f35215af__opencnil-liste-controles-2019.csv,143,annee_source_absente|pays_deduit
2019-98774b7c-4,2019,rgpd,RGPD,sur_place,sur place,CARREFOUR,CARREFOUR,MASSY,91,91,FR,,commerce,commerce,Commerce,f35215af__opencnil-liste-controles-2019.csv,144,annee_source_absente|pays_deduit|ligne_dupliquee
2019-98774b7c-5,2019,rgpd,RGPD,sur_place,sur place,CARREFOUR,CARREFOUR,MASSY,91,91,FR,,commerce,commerce,Commerce,f35215af__opencnil-liste-controles-2019.csv,145,annee_source_absente|pays_deduit|ligne_dupliquee
2019-73c4b86e-1,2019,rgpd,RGPD,sur_place,sur place,LEROY MERLIN,LEROY MERLIN,LEZENNES,59,59,FR,,travail,travail,Travail,f35215af__opencnil-liste-controles-2019.csv,146,annee_source_absente|pays_deduit
2019-8a7d21ee-1,2019,rgpd,RGPD,sur_place,sur place,19 D,19 D,LILLE,59,59,FR,,travail,travail,Travail,f35215af__opencnil-liste-controles-2019.csv,147,annee_source_absente|pays_deduit
2019-544a4570-1,2019,rgpd,RGPD,sur_pieces,sur pièces,GOOGLE LLC,GOOGLE LLC,PARIS,75,75,FR,,commerce,commerce,Commerce,f35215af__opencnil-liste-controles-2019.csv,148,annee_source_absente|pays_deduit
2019-343373f0-1,2019,rgpd,RGPD,sur_place,sur place,GOOGLE LLC,GOOGLE LLC,PARIS,75,75,FR,,commerce,commerce,Commerce,f35215af__opencnil-liste-controles-2019.csv,149,annee_source_absente|pays_deduit
2019-3d67e9e3-1,2019,rgpd,RGPD,sur_pieces,sur pièces,OCEATECH EQUIPEMENT,OCEATECH EQUIPEMENT,TOULOUSE,31,31,FR,,travail,travail,Travail,f35215af__opencnil-liste-controles-2019.csv,150,annee_source_absente|pays_deduit
2019-2a2fc3a6-1,2019,rgpd,RGPD,sur_pieces,sur pièces,CONFEDERATION FRANCAISE DE L'ENCADREMENT - CONFEDERATION GENERALE DES CADRES,CONFEDERATION FRANCAISE DE L ENCADREMENT CONFEDERATION GENERALE DES CADRES,PARIS,75,75,FR,,travail,travail,Travail,f35215af__opencnil-liste-controles-2019.csv,151,annee_source_absente|pays_deduit
2019-c8142980-1,2019,rgpd,RGPD,sur_pieces,sur pièces,CONFEDERATION FRANCAISE DES TRAVAILLEURS CHRETIENS,CONFEDERATION FRANCAISE DES TRAVAILLEURS CHRETIENS,PANTIN,93,93,FR,,travail,travail,Travail,f35215af__opencnil-liste-controles-2019.csv,152,annee_source_absente|pays_deduit
2019-bf3a1a57-1,2019,rgpd,RGPD,sur_pieces,sur pièces,CONFEDERATION GENERALE DU TRAVAIL FORCE OUVRIERE,CONFEDERATION GENERALE DU TRAVAIL FORCE OUVRIERE,PARIS,75,75,FR,,travail,travail,Travail,f35215af__opencnil-liste-controles-2019.csv,153,annee_source_absente|pays_deduit
2019-09105bba-1,2019,rgpd,RGPD,sur_place,sur place,QWANT,QWANT,PARIS,75,75,FR,,commerce,commerce,Commerce,f35215af__opencnil-liste-controles-2019.csv,154,annee_source_absente|pays_deduit
2019-8903aa15-1,2019,rgpd,RGPD,en_ligne,en ligne,QWANT,QWANT,PARIS,75,75,FR,,commerce,commerce,Commerce,f35215af__opencnil-liste-controles-2019.csv,155,annee_source_absente|pays_deduit
2019-09105bba-2,2019,rgpd,RGPD,sur_place,sur place,QWANT,QWANT,PARIS,75,75,FR,,commerce,commerce,Commerce,f35215af__opencnil-liste-controles-2019.csv,156,annee_source_absente|pays_deduit|ligne_dupliquee
2019-6c43c507-1,2019,rgpd,RGPD,sur_pieces,sur pièces,MONSANTO,MONSANTO,PARIS,75,75,FR,,politique,politique,Activités politiques,f35215af__opencnil-liste-controles-2019.csv,157,annee_source_absente|pays_deduit
2019-2f7e524f-1,2019,rgpd,RGPD,en_ligne,en ligne,WEIGHT WATCHERS,WEIGHT WATCHERS,PARIS,75,75,FR,,commerce,commerce,Commerce,f35215af__opencnil-liste-controles-2019.csv,158,annee_source_absente|pays_deduit
2019-b69b3654-1,2019,rgpd,RGPD,sur_place,sur place,WEIGHT WATCHERS,WEIGHT WATCHERS,GUYANCOURT,78,78,FR,,commerce,commerce,Commerce,f35215af__opencnil-liste-controles-2019.csv,159,annee_source_absente|pays_deduit
2019-c6f50616-1,2019,rgpd,RGPD,en_ligne,en ligne,NOCIBE,NOCIBE,PARIS,75,75,FR,,commerce,commerce,Commerce,f35215af__opencnil-liste-controles-2019.csv,160,annee_source_absente|pays_deduit
2019-b8e30eee-1,2019,rgpd,RGPD,sur_place,sur place,NOCIBE,NOCIBE,VILLENEUVE D'ASCQ,59,59,FR,,commerce,commerce,Commerce,f35215af__opencnil-liste-controles-2019.csv,161,annee_source_absente|pays_deduit
2019-c94f8f72-1,2019,rgpd,RGPD,en_ligne,en ligne,YOGA STYLE,YOGA STYLE,PARIS,75,75,FR,,commerce,commerce,Commerce,f35215af__opencnil-liste-controles-2019.csv,162,annee_source_absente|pays_deduit
2019-a1274d6f-1,2019,rgpd,RGPD,sur_audition,sur audition,YOGA STYLE,YOGA STYLE,PARIS,75,75,FR,,commerce,commerce,Commerce,f35215af__opencnil-liste-controles-2019.csv,163,annee_source_absente|pays_deduit
2019-e80cb5e5-1,2019,rgpd,RGPD,sur_place,sur place,PYXISTEM,PYXISTEM,SAINT-GRATIEN,95,95,FR,,sante,sante_social,Santé,f35215af__opencnil-liste-controles-2019.csv,164,annee_source_absente|pays_deduit
2019-48d0d44d-1,2019,rgpd,RGPD,sur_place,sur place,NOTIFY,NOTIFY,PARIS,75,75,FR,,commerce,commerce,Commerce,f35215af__opencnil-liste-controles-2019.csv,165,annee_source_absente|pays_deduit
2019-51fa7dbf-1,2019,rgpd,RGPD,sur_place,sur place,EASYRECRUE,EASYRECRUE,PARIS,75,75,FR,,travail,travail,Travail,f35215af__opencnil-liste-controles-2019.csv,166,annee_source_absente|pays_deduit
2019-e4fdb9ff-1,2019,rgpd,RGPD,sur_audition,sur audition,EASYRECRUE,EASYRECRUE,PARIS,75,75,FR,,travail,travail,Travail,f35215af__opencnil-liste-controles-2019.csv,167,annee_source_absente|pays_deduit
2019-a5e46540-1,2019,rgpd,RGPD,sur_place,sur place,RETENCY,RETENCY,PARIS,75,75,FR,,commerce,commerce,Commerce,f35215af__opencnil-liste-controles-2019.csv,168,annee_source_absente|pays_deduit
2019-32b69044-1,2019,rgpd,RGPD,sur_place,sur place,SAPROTEC,SAPROTEC,DOUAI,59,59,FR,,commerce,commerce,Commerce,f35215af__opencnil-liste-controles-2019.csv,169,annee_source_absente|pays_deduit
2019-442b9946-1,2019,rgpd,RGPD,sur_place,sur place,AEROPORTS DE PARIS,AEROPORTS DE PARIS,TREMBLAY EN France,93,93,FR,,transports,transports,Transports,f35215af__opencnil-liste-controles-2019.csv,170,annee_source_absente|pays_deduit
2019-1dad3a8b-1,2019,rgpd,RGPD,sur_place,sur place,AEROPORTS DE PARIS,AEROPORTS DE PARIS,PARIS,75,75,FR,,transports,transports,Transports,f35215af__opencnil-liste-controles-2019.csv,171,annee_source_absente|pays_deduit
2019-7caf18c8-1,2019,rgpd,RGPD,sur_pieces,sur pièces,UNIVERSITE DE TOULON,UNIVERSITE DE TOULON,PARIS,75,75,FR,,education,education_culture_sport,Education,f35215af__opencnil-liste-controles-2019.csv,172,annee_source_absente|pays_deduit
2019-e13640c7-1,2019,rgpd,RGPD,en_ligne,en ligne,MARIONNAUD LAFAYETTE,MARIONNAUD LAFAYETTE,PARIS,75,75,FR,,commerce,commerce,Commerce,f35215af__opencnil-liste-controles-2019.csv,173,annee_source_absente|pays_deduit
2019-31f2aba2-1,2019,rgpd,RGPD,sur_place,sur place,MARIONNAUD LAFAYETTE,MARIONNAUD LAFAYETTE,PARIS,75,75,FR,,commerce,commerce,Commerce,f35215af__opencnil-liste-controles-2019.csv,174,annee_source_absente|pays_deduit
2019-2292c637-1,2019,rgpd,RGPD,en_ligne,en ligne,SARL FAIRMI,SARL FAIRMI,PARIS,75,75,FR,,commerce,commerce,Commerce,f35215af__opencnil-liste-controles-2019.csv,175,annee_source_absente|pays_deduit
2019-9c5f2857-1,2019,rgpd,RGPD,sur_place,sur place,SARL FAIRMI,SARL FAIRMI,PARIS,75,75,FR,,commerce,commerce,Commerce,f35215af__opencnil-liste-controles-2019.csv,176,annee_source_absente|pays_deduit
2019-04dbb006-1,2019,rgpd,RGPD,en_ligne,en ligne,COLIBRI SAS,COLIBRI SAS,PARIS,75,75,FR,,commerce,commerce,Commerce,f35215af__opencnil-liste-controles-2019.csv,177,annee_source_absente|pays_deduit
2019-ffa1b0c8-1,2019,rgpd,RGPD,sur_place,sur place,COLIBRI SAS,COLIBRI SAS,PARIS,75,75,FR,,commerce,commerce,Commerce,f35215af__opencnil-liste-controles-2019.csv,178,annee_source_absente|pays_deduit
2019-502ec7e5-1,2019,rgpd,RGPD,sur_place,sur place,LA POSTE,LA POSTE,LOGNES,77,77,FR,,travail,travail,Travail,f35215af__opencnil-liste-controles-2019.csv,179,annee_source_absente|pays_deduit
2019-3cb1f47b-1,2019,rgpd,RGPD,sur_place,sur place,ECO COMPTEUR,ECO COMPTEUR,LANNION,22,22,FR,,collectivites_territoriales,collectivites_territoriales,Collectivités territoriales,f35215af__opencnil-liste-controles-2019.csv,180,annee_source_absente|pays_deduit
2019-cd4367e3-1,2019,rgpd,RGPD,en_ligne,en ligne,SOCIETE NOUVELLE DE L'ANNUAIRE FRANÇAIS,SOCIETE NOUVELLE DE L ANNUAIRE FRANCAIS,PARIS,75,75,FR,,commerce,commerce,Commerce,f35215af__opencnil-liste-controles-2019.csv,181,annee_source_absente|pays_deduit
2019-d74f1854-1,2019,rgpd,RGPD,sur_audition,sur audition,SOCIETE NOUVELLE DE L'ANNUAIRE FRANÇAIS,SOCIETE NOUVELLE DE L ANNUAIRE FRANCAIS,PARIS,75,75,FR,,commerce,commerce,Commerce,f35215af__opencnil-liste-controles-2019.csv,182,annee_source_absente|pays_deduit
2019-067a6e57-1,2019,rgpd,RGPD,sur_place,sur place,AGENCE CENTRALE DES ORGANISMES DE SECURITE SOCIALE,AGENCE CENTRALE DES ORGANISMES DE SECURITE SOCIALE,MONTREUIL,93,93,FR,,travail,travail,Travail,f35215af__opencnil-liste-controles-2019.csv,183,annee_source_absente|pays_deduit
2019-455bc037-1,2019,rgpd,RGPD,sur_place,sur place,PERFORM CLIC,PERFORM CLIC,DOMONT,95,95,FR,,telecommunications,telecommunications,Télécommunications,f35215af__opencnil-liste-controles-2019.csv,184,annee_source_absente|pays_deduit
2019-490326dd-1,2019,rgpd,RGPD,sur_audition,sur audition,PERFORM CLIC,PERFORM CLIC,PARIS,75,75,FR,,telecommunications,telecommunications,Télécommunications,f35215af__opencnil-liste-controles-2019.csv,185,annee_source_absente|pays_deduit
2019-d18221d4-1,2019,rgpd,RGPD,en_ligne,en ligne,HYPNOSE HARMONIE,HYPNOSE HARMONIE,PARIS,75,75,FR,,travail,travail,Travail,f35215af__opencnil-liste-controles-2019.csv,186,annee_source_absente|pays_deduit
2019-a566efd4-1,2019,rgpd,RGPD,sur_place,sur place,LINK MOBILITE,LINK MOBILITE,MARCQ-EN-BAROEUL,59,59,FR,,commerce,commerce,Commerce,f35215af__opencnil-liste-controles-2019.csv,187,annee_source_absente|pays_deduit
2019-a566efd4-2,2019,rgpd,RGPD,sur_place,sur place,LINK MOBILITE,LINK MOBILITE,MARCQ-EN-BAROEUL,59,59,FR,,commerce,commerce,Commerce,f35215af__opencnil-liste-controles-2019.csv,188,annee_source_absente|pays_deduit|ligne_dupliquee
2019-7867ebe9-1,2019,rgpd,RGPD,sur_place,sur place,INTERTEK FRANCE,INTERTEK FRANCE,PARIS,75,75,FR,,sante,sante_social,Santé,f35215af__opencnil-liste-controles-2019.csv,189,annee_source_absente|pays_deduit
2019-cf59da5b-1,2019,rgpd,RGPD,sur_place,sur place,HAYS FRANCE,HAYS FRANCE,PARIS,76,76,FR,,transports,transports,Transports,f35215af__opencnil-liste-controles-2019.csv,190,annee_source_absente|pays_deduit
2019-02810a42-1,2019,rgpd,RGPD,en_ligne,en ligne,LES DERNIERS SERONT LES PREMIERS ou VALORY INVESTISSEMENTS,LES DERNIERS SERONT LES PREMIERS OU VALORY INVESTISSEMENTS,PARIS,77,77,FR,,commerce,commerce,Commerce,f35215af__opencnil-liste-controles-2019.csv,191,annee_source_absente|pays_deduit
2019-a12feb8a-1,2019,rgpd,RGPD,sur_place,sur place,LES DERNIERS SERONT LES PREMIERS ou VALORY INVESTISSEMENTS,LES DERNIERS SERONT LES PREMIERS OU VALORY INVESTISSEMENTS,PARIS,77,77,FR,,commerce,commerce,Commerce,f35215af__opencnil-liste-controles-2019.csv,192,annee_source_absente|pays_deduit
2019-def27bd0-1,2019,rgpd,RGPD,sur_place,sur place,KLERTHIS,KLERTHIS,LORIENT,56,56,FR,,telecommunications,telecommunications,Télécommunications,f35215af__opencnil-liste-controles-2019.csv,193,annee_source_absente|pays_deduit
2019-6d1ca54a-1,2019,rgpd,RGPD,sur_place,sur place,INDEX EDUCATION,INDEX EDUCATION,MARSEILLE,13,13,FR,,education,education_culture_sport,Education,f35215af__opencnil-liste-controles-2019.csv,194,annee_source_absente|pays_deduit
2019-a7360ef5-1,2019,rgpd,RGPD,sur_place,sur place,TEAMNET,TEAMNET,PARIS,11,11,FR,,collectivites_territoriales,collectivites_territoriales,Collectivités territoriales,f35215af__opencnil-liste-controles-2019.csv,195,annee_source_absente|pays_deduit
2019-5460c439-1,2019,rgpd,RGPD,en_ligne,en ligne,ENEDIS,ENEDIS,PARIS,75,75,FR,,energie,energie_environnement,Energie,f35215af__opencnil-liste-controles-2019.csv,196,annee_source_absente|pays_deduit
2019-021ca66c-1,2019,rgpd,RGPD,sur_place,sur place,ENEDIS,ENEDIS,PARIS LA DEFENSE,92,92,FR,,energie,energie_environnement,Energie,f35215af__opencnil-liste-controles-2019.csv,197,annee_source_absente|pays_deduit
2019-2a8144e2-1,2019,rgpd,RGPD,sur_place,sur place,AD BREIZH,AD BREIZH,SAINT-GREGOIRE,35,35,FR,,commerce,commerce,Commerce,f35215af__opencnil-liste-controles-2019.csv,198,annee_source_absente|pays_deduit
2019-616b43be-1,2019,rgpd,RGPD,en_ligne,en ligne,CGP CONTACT,CGP CONTACT,CHENNEVIERE SUR MARNE,94,94,FR,,education,education_culture_sport,Education,f35215af__opencnil-liste-controles-2019.csv,199,annee_source_absente|pays_deduit
2019-3a180bae-1,2019,rgpd,RGPD,sur_audition,sur audition,CGP CONTACT,CGP CONTACT,PARIS,,,FR,,education,education_culture_sport,Education,f35215af__opencnil-liste-controles-2019.csv,200,annee_source_absente|departement_vide|pays_deduit
2019-cc68ff78-1,2019,rgpd,RGPD,sur_place,sur place,MEDIAPOST,MEDIAPOST,LYON,69,69,FR,,commerce,commerce,Commerce,f35215af__opencnil-liste-controles-2019.csv,201,annee_source_absente|pays_deduit
2019-53dceeec-1,2019,rgpd,RGPD,sur_place,sur place,IUT DE TARBES,IUT DE TARBES,TARBES,65,65,FR,,education,education_culture_sport,Education,f35215af__opencnil-liste-controles-2019.csv,202,annee_source_absente|pays_deduit
2019-d2102562-1,2019,rgpd,RGPD,sur_place,sur place,GROUPE YVES ROCHER,GROUPE YVES ROCHER,ISSY LES MOULINEAUX,92,92,FR,,commerce,commerce,Commerce,f35215af__opencnil-liste-controles-2019.csv,203,annee_source_absente|pays_deduit
2019-c0b3fa92-1,2019,rgpd,RGPD,en_ligne,en ligne,DONNEES MEDICALES ACCESSIBLES LIBREMENT SUR INTERNET,DONNEES MEDICALES ACCESSIBLES LIBREMENT SUR INTERNET,PARIS,75,75,FR,,sante,sante_social,Santé,f35215af__opencnil-liste-controles-2019.csv,204,annee_source_absente|pays_deduit
2019-9ea13b11-1,2019,rgpd,RGPD,sur_audition,sur audition,DONNEES MEDICALES ACCESSIBLES LIBREMENT SUR INTERNET (Audition médecin),DONNEES MEDICALES ACCESSIBLES LIBREMENT SUR INTERNET AUDITION MEDECIN,PARIS,75,75,FR,,sante,sante_social,Santé,f35215af__opencnil-liste-controles-2019.csv,205,annee_source_absente|organisme_multiligne|pays_deduit
2019-9ea13b11-2,2019,rgpd,RGPD,sur_audition,sur audition,DONNEES MEDICALES ACCESSIBLES LIBREMENT SUR INTERNET (Audition médecin),DONNEES MEDICALES ACCESSIBLES LIBREMENT SUR INTERNET AUDITION MEDECIN,PARIS,75,75,FR,,sante,sante_social,Santé,f35215af__opencnil-liste-controles-2019.csv,207,annee_source_absente|organisme_multiligne|pays_deduit|ligne_dupliquee
2019-336f95e2-1,2019,rgpd,RGPD,en_ligne,en ligne,CONSEIL SUPERIEUR DU NOTARIAT,CONSEIL SUPERIEUR DU NOTARIAT,PARIS,75,75,FR,,regalien,etat_regalien,Régalien,f35215af__opencnil-liste-controles-2019.csv,209,annee_source_absente|pays_deduit
2019-802d0b34-1,2019,rgpd,RGPD,sur_place,sur place,HSBC FRANCE,HSBC FRANCE,PARIS,45,45,FR,,banque,banque,Banque,f35215af__opencnil-liste-controles-2019.csv,210,annee_source_absente|pays_deduit
2019-8624408f-1,2019,rgpd,RGPD,sur_place,sur place,MAILJET,MAILJET,PARIS,75,75,FR,,commerce,commerce,Commerce,f35215af__opencnil-liste-controles-2019.csv,211,annee_source_absente|pays_deduit
2019-4db09047-1,2019,rgpd,RGPD,sur_place,sur place,FNAC DARTY / FNAC DARTY PARTICIPATIONS ET SERVICES,FNAC DARTY FNAC DARTY PARTICIPATIONS ET SERVICES,BAGNOLET,93,93,FR,,travail,travail,Travail,f35215af__opencnil-liste-controles-2019.csv,212,annee_source_absente|pays_deduit
2019-cb70feaf-1,2019,rgpd,RGPD,sur_place,sur place,MINISTERE DES ARMEES,MINISTERE DES ARMEES,PARIS,75,75,FR,,regalien,etat_regalien,Régalien,f35215af__opencnil-liste-controles-2019.csv,213,annee_source_absente|pays_deduit
2019-7d36b460-1,2019,rgpd,RGPD,sur_pieces,sur pièces,DONNEES MEDICALES ACCESSIBLES LIBREMENT SUR INTERNET (FAI),DONNEES MEDICALES ACCESSIBLES LIBREMENT SUR INTERNET FAI,PARIS,75,75,FR,,sante,sante_social,Santé,f35215af__opencnil-liste-controles-2019.csv,214,annee_source_absente|organisme_multiligne|pays_deduit
2019-e16d7b80-1,2019,rgpd,RGPD,sur_place,sur place,ENTOURAGE SOLUTIONS,ENTOURAGE SOLUTIONS,SAINT-MALO,35,35,FR,,commerce,commerce,Commerce,f35215af__opencnil-liste-controles-2019.csv,216,annee_source_absente|pays_deduit
2019-d91e9d27-1,2019,rgpd,RGPD,en_ligne,en ligne,CARIZY,CARIZY,PARIS,75,75,FR,,commerce,commerce,Commerce,f35215af__opencnil-liste-controles-2019.csv,217,annee_source_absente|pays_deduit
2019-db34e30b-1,2019,rgpd,RGPD,sur_place,sur place,CARIZY,CARIZY,COURBEVOIE,92,92,FR,,commerce,commerce,Commerce,f35215af__opencnil-liste-controles-2019.csv,218,annee_source_absente|pays_deduit
2019-05b21a1b-1,2019,rgpd,RGPD,en_ligne,en ligne,MATHON DEVELOPPEMENT,MATHON DEVELOPPEMENT,PARIS,75,75,FR,,commerce,commerce,Commerce,f35215af__opencnil-liste-controles-2019.csv,219,annee_source_absente|pays_deduit
2019-1022d95c-1,2019,rgpd,RGPD,sur_place,sur place,MATHON DEVELOPPEMENT,MATHON DEVELOPPEMENT,CHATTE,38,38,FR,,commerce,commerce,Commerce,f35215af__opencnil-liste-controles-2019.csv,220,annee_source_absente|pays_deduit
2019-5fef3dd4-1,2019,rgpd,RGPD,en_ligne,en ligne,PRIXTEL,PRIXTEL,PARIS,75,75,FR,,telecommunications,telecommunications,Télécommunications,f35215af__opencnil-liste-controles-2019.csv,221,annee_source_absente|pays_deduit
2019-0c253938-1,2019,rgpd,RGPD,sur_place,sur place,PRIXTEL,PRIXTEL,AIX EN PROVENCE,13,13,FR,,telecommunications,telecommunications,Télécommunications,f35215af__opencnil-liste-controles-2019.csv,222,annee_source_absente|pays_deduit
2019-17a363f9-1,2019,rgpd,RGPD,en_ligne,en ligne,SEPHORA,SEPHORA,PARIS,75,75,FR,,commerce,commerce,Commerce,f35215af__opencnil-liste-controles-2019.csv,223,annee_source_absente|pays_deduit
2019-0ad5b38d-1,2019,rgpd,RGPD,sur_place,sur place,SEPHORA,SEPHORA,NEUILLY SUR SEINE,92,92,FR,,commerce,commerce,Commerce,f35215af__opencnil-liste-controles-2019.csv,224,annee_source_absente|pays_deduit
2019-ca8a3d15-1,2019,rgpd,RGPD,sur_place,sur place,AG2R LA MONDIALE,AG2R LA MONDIALE,PARIS,75,75,FR,,assurance,assurance,Assurance,f35215af__opencnil-liste-controles-2019.csv,225,annee_source_absente|pays_deduit
2019-4704717c-1,2019,rgpd,RGPD,sur_place,sur place,POLIGMA,POLIGMA,MONTPELLIER,34,34,FR,,politique,politique,Activités politiques,f35215af__opencnil-liste-controles-2019.csv,226,annee_source_absente|pays_deduit
2019-6b2c789c-1,2019,rgpd,RGPD,sur_place,sur place,ELIOR GROUP,ELIOR GROUP,COURBEVOIE,92,92,FR,,commerce,commerce,Commerce,f35215af__opencnil-liste-controles-2019.csv,227,annee_source_absente|pays_deduit
2019-9d32edff-1,2019,rgpd,RGPD,en_ligne,en ligne,DROPCONTACT,DROPCONTACT,PARIS,75,75,FR,,telecommunications,telecommunications,Télécommunications,f35215af__opencnil-liste-controles-2019.csv,228,annee_source_absente|pays_deduit
2019-b72adc74-1,2019,rgpd,RGPD,sur_audition,sur audition,DROPCONTACT,DROPCONTACT,PARIS,75,75,FR,,telecommunications,telecommunications,Télécommunications,f35215af__opencnil-liste-controles-2019.csv,229,annee_source_absente|pays_deduit
2019-10566ba7-1,2019,rgpd,RGPD,sur_place,sur place,HALTAE,HALTAE,BORDEAUX,33,33,FR,,commerce,commerce,Commerce,f35215af__opencnil-liste-controles-2019.csv,230,annee_source_absente|pays_deduit
2019-82995c9c-1,2019,rgpd,RGPD,sur_place,sur place,NOVALINK,NOVALINK,VILLEURBANNE,69,69,FR,,telecommunications,telecommunications,Télécommunications,f35215af__opencnil-liste-controles-2019.csv,231,annee_source_absente|pays_deduit
2019-a3629e66-1,2019,rgpd,RGPD,en_ligne,en ligne,ORANGE,ORANGE,PARIS,75,75,FR,,telecommunications,telecommunications,Télécommunications,f35215af__opencnil-liste-controles-2019.csv,232,annee_source_absente|pays_deduit
2019-670fbe26-1,2019,rgpd,RGPD,sur_place,sur place,ORANGE,ORANGE,PARIS,75,75,FR,,telecommunications,telecommunications,Télécommunications,f35215af__opencnil-liste-controles-2019.csv,233,annee_source_absente|pays_deduit
2019-530279ea-1,2019,rgpd,RGPD,sur_place,sur place,PLEBISCIT,PLEBISCIT,LA ROCHELLE,17,17,FR,,politique,politique,Activités politiques,f35215af__opencnil-liste-controles-2019.csv,234,annee_source_absente|pays_deduit
2019-46ce884c-1,2019,rgpd,RGPD,sur_pieces,sur pièces,ASSOCIATION STE CHRETIENNE AIDE PERSONNES AGEES,ASSOCIATION STE CHRETIENNE AIDE PERSONNES AGEES,METZ,57,57,FR,,social,sante_social,Social,f35215af__opencnil-liste-controles-2019.csv,235,annee_source_absente|pays_deduit
2019-a0b0065b-1,2019,rgpd,RGPD,sur_pieces,sur pièces,COMITE CEDIF,COMITE CEDIF,CLERMONT FERRAND,63,63,FR,,commerce,commerce,Commerce,f35215af__opencnil-liste-controles-2019.csv,236,annee_source_absente|pays_deduit
2019-5ee3e39c-1,2019,rgpd,RGPD,sur_pieces,sur pièces,REFLEXES SAMIZDAT,REFLEXES SAMIZDAT,PARIS,75,75,FR,,transports,transports,Transports,f35215af__opencnil-liste-controles-2019.csv,237,annee_source_absente|pays_deduit
2019-63c2c2ce-1,2019,rgpd,RGPD,sur_pieces,sur pièces,FILIPPI AUTO SA,FILIPPI AUTO SA,LUCCIANA,20,20,FR,,transports,transports,Transports,f35215af__opencnil-liste-controles-2019.csv,238,annee_source_absente|departement_a_preciser|pays_deduit
2019-06e7a383-1,2019,rgpd,RGPD,sur_pieces,sur pièces,TRANSPORTS SION,TRANSPORTS SION,HOUPLIN ANCOISNE,59,59,FR,,transports,transports,Transports,f35215af__opencnil-liste-controles-2019.csv,239,annee_source_absente|pays_deduit
2019-3a4cccb6-1,2019,rgpd,RGPD,en_ligne,en ligne,WORKINGOO,WORKINGOO,PARIS,75,75,FR,,travail,travail,Travail,f35215af__opencnil-liste-controles-2019.csv,240,annee_source_absente|pays_deduit
2019-14a24196-1,2019,rgpd,RGPD,sur_audition,sur audition,WORKINGOO,WORKINGOO,PARIS,75,75,FR,,travail,travail,Travail,f35215af__opencnil-liste-controles-2019.csv,241,annee_source_absente|pays_deduit
2019-14a24196-2,2019,rgpd,RGPD,sur_audition,sur audition,WORKINGOO,WORKINGOO,PARIS,75,75,FR,,travail,travail,Travail,f35215af__opencnil-liste-controles-2019.csv,242,annee_source_absente|pays_deduit|ligne_dupliquee
2019-8d20b979-1,2019,rgpd,RGPD,sur_place,sur place,SPALLIAN,SPALLIAN,PARIS,75,75,FR,,politique,politique,Activités politiques,f35215af__opencnil-liste-controles-2019.csv,243,annee_source_absente|pays_deduit
2019-deb6b716-1,2019,rgpd,RGPD,sur_place,sur place,ALISE,ALISE,MARGUERITTES,30,30,FR,,education,education_culture_sport,Education,f35215af__opencnil-liste-controles-2019.csv,244,annee_source_absente|pays_deduit
2019-9bae0183-1,2019,rgpd,RGPD,sur_place,sur place,INCB,INCB,INGRE,45,45,FR,,education,education_culture_sport,Education,f35215af__opencnil-liste-controles-2019.csv,245,annee_source_absente|pays_deduit
2019-e836cafe-1,2019,rgpd,RGPD,sur_place,sur place,AMAZON FRANCE LOGISTIQUE SAS AMAZON FRANCE TRANSPORT SAS AMAZON FRANCE SERVICES SAS AMAZON CITY SAS,AMAZON FRANCE LOGISTIQUE SAS AMAZON FRANCE TRANSPORT SAS AMAZON FRANCE SERVICES SAS AMAZON CITY SAS,CLICHY,92,92,FR,,commerce,commerce,Commerce,f35215af__opencnil-liste-controles-2019.csv,246,annee_source_absente|organisme_multiligne|pays_deduit
2019-e836cafe-2,2019,rgpd,RGPD,sur_place,sur place,AMAZON FRANCE LOGISTIQUE SAS AMAZON FRANCE TRANSPORT SAS AMAZON FRANCE SERVICES SAS AMAZON CITY SAS,AMAZON FRANCE LOGISTIQUE SAS AMAZON FRANCE TRANSPORT SAS AMAZON FRANCE SERVICES SAS AMAZON CITY SAS,CLICHY,92,92,FR,,commerce,commerce,Commerce,f35215af__opencnil-liste-controles-2019.csv,250,annee_source_absente|organisme_multiligne|pays_deduit|ligne_dupliquee
2019-8e29ebea-1,2019,rgpd,RGPD,sur_place,sur place,AMAZON FRANCE LOGISTIQUE SAS,AMAZON FRANCE LOGISTIQUE SAS,LAUWIN PLANQUE,,,FR,,commerce,commerce,Commerce,f35215af__opencnil-liste-controles-2019.csv,254,annee_source_absente|departement_vide|pays_deduit
2019-897c9f56-1,2019,rgpd,RGPD,sur_place,sur place,AMAZON CITY SAS,AMAZON CITY SAS,PARIS,75,75,FR,,commerce,commerce,Commerce,f35215af__opencnil-liste-controles-2019.csv,255,annee_source_absente|pays_deduit
2019-225681e2-1,2019,rgpd,RGPD,sur_place,sur place,AMAZON FRANCE LOGISTIQUE SAS,AMAZON FRANCE LOGISTIQUE SAS,LAUWIN PLANQUE,59,59,FR,,commerce,commerce,Commerce,f35215af__opencnil-liste-controles-2019.csv,256,annee_source_absente|pays_deduit
2019-9d32c366-1,2019,rgpd,RGPD,sur_place,sur place,AMAZON FRANCE LOGISTIQUE SAS,AMAZON FRANCE LOGISTIQUE SAS,MONTELIMAR,26,26,FR,,commerce,commerce,Commerce,f35215af__opencnil-liste-controles-2019.csv,257,annee_source_absente|pays_deduit
2019-3e0f0924-1,2019,rgpd,RGPD,sur_place,sur place,AMAZON FRANCE TRANSPORT SAS,AMAZON FRANCE TRANSPORT SAS,OSNY,95,95,FR,,commerce,commerce,Commerce,f35215af__opencnil-liste-controles-2019.csv,258,annee_source_absente|pays_deduit
2019-3e0f0924-2,2019,rgpd,RGPD,sur_place,sur place,AMAZON FRANCE TRANSPORT SAS,AMAZON FRANCE TRANSPORT SAS,OSNY,95,95,FR,,commerce,commerce,Commerce,f35215af__opencnil-liste-controles-2019.csv,259,annee_source_absente|pays_deduit|ligne_dupliquee
2019-150672dc-1,2019,rgpd,RGPD,sur_place,sur place,FREE,FREE,PARIS,75,75,FR,,telecommunications,telecommunications,Télécommunications,f35215af__opencnil-liste-controles-2019.csv,260,annee_source_absente|pays_deduit
2019-82fdc1ca-1,2019,rgpd,RGPD,sur_pieces,sur pièces,ASSOCIATION FORUM-REFUGIES COSI,ASSOCIATION FORUM REFUGIES COSI,VILLEURBANNE,69,69,FR,,associatif,associatif,Associatif,f35215af__opencnil-liste-controles-2019.csv,261,annee_source_absente|pays_deduit
2019-243a2b21-1,2019,rgpd,RGPD,sur_place,sur place,SODEXO EN FRANCE,SODEXO EN FRANCE,ISSY LES MOULINEAUX,78,78,FR,,commerce,commerce,Commerce,f35215af__opencnil-liste-controles-2019.csv,262,annee_source_absente|pays_deduit
2019-f38ab343-1,2019,rgpd,RGPD,sur_pieces,sur pièces,MAIRIE DE LEERS,MAIRIE DE LEERS,LEERS,59,59,FR,,politique,politique,Activités politiques,f35215af__opencnil-liste-controles-2019.csv,263,annee_source_absente|pays_deduit
2019-6a3cfc0b-1,2019,rgpd,RGPD,sur_pieces,sur pièces,ORGANISATION FUNERAIRE JACQUES LEFEVRE,ORGANISATION FUNERAIRE JACQUES LEFEVRE,LAMBERSART,59,59,FR,,commerce,commerce,Commerce,f35215af__opencnil-liste-controles-2019.csv,264,annee_source_absente|pays_deduit
2019-801a53f3-1,2019,rgpd,RGPD,sur_place,sur place,LMP SAS,LMP SAS,PARIS,75,75,FR,,politique,politique,Activités politiques,f35215af__opencnil-liste-controles-2019.csv,265,annee_source_absente|pays_deduit
2019-ed906fa2-1,2019,rgpd,RGPD,sur_place,sur place,METROPOLE DE DIJON COMMUNE DE DIJON,METROPOLE DE DIJON COMMUNE DE DIJON,DIJON,21,21,FR,,collectivites_territoriales,collectivites_territoriales,Collectivités territoriales,f35215af__opencnil-liste-controles-2019.csv,266,annee_source_absente|organisme_multiligne|pays_deduit
2019-448c4363-1,2019,rgpd,RGPD,sur_place,sur place,CENTRE HOSPITALIER NATIONAL D'OPHTALMOLOGIE QUINZE-VINGTS,CENTRE HOSPITALIER NATIONAL D OPHTALMOLOGIE QUINZE VINGTS,PARIS,75,75,FR,,sante,sante_social,Santé,f35215af__opencnil-liste-controles-2019.csv,268,annee_source_absente|pays_deduit
2019-8b769155-1,2019,rgpd,RGPD,sur_place,sur place,SANOFI,SANOFI,,,,FR,,sante,sante_social,Santé,f35215af__opencnil-liste-controles-2019.csv,269,annee_source_absente|departement_vide|ville_vide|pays_deduit
2019-6cbe6c6c-1,2019,rgpd,RGPD,sur_place,sur place,ALTENSE CONSULTING,ALTENSE CONSULTING,LEVALLOIS-PERRET,92,92,FR,,sante,sante_social,Santé,f35215af__opencnil-liste-controles-2019.csv,270,annee_source_absente|pays_deduit
2019-b2d0004a-1,2019,rgpd,RGPD,sur_place,sur place,DELIVEROO FRANCE,DELIVEROO FRANCE,PARIS,75,75,FR,,commerce,commerce,Commerce,f35215af__opencnil-liste-controles-2019.csv,271,annee_source_absente|pays_deduit
2019-1995d753-1,2019,rgpd,RGPD,sur_pieces,sur pièces,CONSEIL NATIONAL DE L'ORDRE DES PHARMACIENS,CONSEIL NATIONAL DE L ORDRE DES PHARMACIENS,PARIS,75,75,FR,,sante,sante_social,Santé,f35215af__opencnil-liste-controles-2019.csv,272,annee_source_absente|pays_deduit
2019-1a0c407e-1,2019,rgpd,RGPD,sur_pieces,sur pièces,TMESPACE,TMESPACE,SAINT MAUR DES FOSSES,94,94,FR,,commerce,commerce,Commerce,f35215af__opencnil-liste-controles-2019.csv,273,annee_source_absente|pays_deduit
2019-e995482a-1,2019,rgpd,RGPD,sur_pieces,sur pièces,UNION RUNNING WORLD,UNION RUNNING WORLD,ROUBAIX,59,59,FR,,telecommunications,telecommunications,Télécommunications,f35215af__opencnil-liste-controles-2019.csv,274,annee_source_absente|pays_deduit
2019-3e2593fa-1,2019,rgpd,RGPD,en_ligne,en ligne,LES PREMIERS SERONT LES DERNIERS ou VALORITY INVESTISSEMENT,LES PREMIERS SERONT LES DERNIERS OU VALORITY INVESTISSEMENT,PARIS,75,75,FR,,commerce,commerce,Commerce,f35215af__opencnil-liste-controles-2019.csv,275,annee_source_absente|pays_deduit
2019-008aa068-1,2019,rgpd,RGPD,en_ligne,en ligne,IMODIRECT,IMODIRECT,PARIS,75,75,FR,,immobilier,immobilier,Immobilier,f35215af__opencnil-liste-controles-2019.csv,276,annee_source_absente|pays_deduit
2019-ea5e6998-1,2019,rgpd,RGPD,en_ligne,en ligne,LOFATEX,LOFATEX,PARIS,75,75,FR,,commerce,commerce,Commerce,f35215af__opencnil-liste-controles-2019.csv,277,annee_source_absente|pays_deduit
2019-44e1c8ed-1,2019,rgpd,RGPD,sur_pieces,sur pièces,RECTORAT DE L'ACADEMIE DE CAEN,RECTORAT DE L ACADEMIE DE CAEN,PARIS,75,75,FR,,education,education_culture_sport,Education,f35215af__opencnil-liste-controles-2019.csv,278,annee_source_absente|pays_deduit
2019-3ca40389-1,2019,rgpd,RGPD,sur_pieces,sur pièces,DXE FRANCE,DXE FRANCE,,,,FR,,politique,politique,Activités politiques,f35215af__opencnil-liste-controles-2019.csv,279,annee_source_absente|departement_vide|ville_vide|pays_deduit
2019-2c12983a-1,2019,rgpd,RGPD,sur_pieces,sur pièces,BA CONSEIL,BA CONSEIL,ARGENTEUIL,95,95,FR,,commerce,commerce,Commerce,f35215af__opencnil-liste-controles-2019.csv,280,annee_source_absente|pays_deduit
2019-4b59e849-1,2019,rgpd,RGPD,sur_pieces,sur pièces,FRANCE PETITIONS,FRANCE PETITIONS,ROUBAIX,59,59,FR,,politique,politique,Activités politiques,f35215af__opencnil-liste-controles-2019.csv,281,annee_source_absente|pays_deduit
2019-45bf715e-1,2019,rgpd,RGPD,sur_pieces,sur pièces,BONPORN/MUSTVIDEOS,BONPORN MUSTVIDEOS,ROUBAIX,59,59,FR,,commerce,commerce,Commerce,f35215af__opencnil-liste-controles-2019.csv,282,annee_source_absente|pays_deduit
2019-504e65da-1,2019,rgpd,RGPD,sur_pieces,sur pièces,MANGAS IO,MANGAS IO,ROUBAIX,59,59,FR,,commerce,commerce,Commerce,f35215af__opencnil-liste-controles-2019.csv,283,annee_source_absente|pays_deduit
2019-c09dd49f-1,2019,rgpd,RGPD,sur_pieces,sur pièces,BEBINOU,BEBINOU,ROUBAIX,59,59,FR,,sante,sante_social,Santé,f35215af__opencnil-liste-controles-2019.csv,284,annee_source_absente|pays_deduit
2019-e5792a68-1,2019,rgpd,RGPD,en_ligne,en ligne,LA POSTE,LA POSTE,PARIS,75,75,FR,,telecommunications,telecommunications,Télécommunications,f35215af__opencnil-liste-controles-2019.csv,285,annee_source_absente|pays_deduit
2019-d9e756c4-1,2019,rgpd,RGPD,en_ligne,en ligne,CSAV.FR,CSAV FR,PARIS,75,75,FR,,commerce,commerce,Commerce,f35215af__opencnil-liste-controles-2019.csv,286,annee_source_absente|pays_deduit
2019-ef0bf435-1,2019,rgpd,RGPD,sur_pieces,sur pièces,CSAV.FR,CSAV FR,PARIS,75,75,FR,,commerce,commerce,Commerce,f35215af__opencnil-liste-controles-2019.csv,287,annee_source_absente|pays_deduit
2019-ec028379-1,2019,rgpd,RGPD,en_ligne,en ligne,AMAZON,AMAZON,PARIS,75,75,FR,,commerce,commerce,Commerce,f35215af__opencnil-liste-controles-2019.csv,288,annee_source_absente|pays_deduit
2019-ec028379-2,2019,rgpd,RGPD,en_ligne,en ligne,AMAZON,AMAZON,PARIS,75,75,FR,,commerce,commerce,Commerce,f35215af__opencnil-liste-controles-2019.csv,289,annee_source_absente|pays_deduit|ligne_dupliquee
2019-cc0c7ebe-1,2019,rgpd,RGPD,en_ligne,en ligne,FEDERATION DES MUSULMANS DE FRANCE,FEDERATION DES MUSULMANS DE FRANCE,LA COURNEUVE,93,93,FR,,associatif,associatif,Associatif,f35215af__opencnil-liste-controles-2019.csv,290,annee_source_absente|pays_deduit
2019-be96a276-1,2019,rgpd,RGPD,en_ligne,en ligne,ROTARY CLUB DE REIMS,ROTARY CLUB DE REIMS,PARIS,75,75,FR,,associatif,associatif,Associatif,f35215af__opencnil-liste-controles-2019.csv,291,annee_source_absente|pays_deduit
2019-b35b30a8-1,2019,rgpd,RGPD,sur_pieces,sur pièces,CENTRE HOSPITALIER UNIVERSITAIRE DE ROUEN,CENTRE HOSPITALIER UNIVERSITAIRE DE ROUEN,ROUEN,76,76,FR,,sante,sante_social,Santé,f35215af__opencnil-liste-controles-2019.csv,292,annee_source_absente|pays_deduit
2019-e0724e8c-1,2019,rgpd,RGPD,en_ligne,en ligne,SIMPLER APPS INC,SIMPLER APPS INC,PARIS,75,75,FR,,commerce,commerce,Commerce,f35215af__opencnil-liste-controles-2019.csv,293,annee_source_absente|pays_deduit
2019-b8f6d6f9-1,2019,directive_police_justice,DIRECTIVE,sur_pieces,sur pièces,MINISTERE DE L'INTERIEUR,MINISTERE DE L INTERIEUR,PARIS,75,75,FR,,regalien,etat_regalien,Régalien,f35215af__opencnil-liste-controles-2019.csv,294,annee_source_absente|pays_deduit
2019-be97a611-1,2019,rgpd,RGPD,sur_pieces,sur pièces,EUROP ASSISTANCE,EUROP ASSISTANCE,GENNEVILLIERS,92,92,FR,,assurance,assurance,Assurance,f35215af__opencnil-liste-controles-2019.csv,295,annee_source_absente|pays_deduit
2019-50c4c863-1,2019,rgpd,RGPD,sur_pieces,sur pièces,DEPARTEMENT DE SEINE ET MARNE,DEPARTEMENT DE SEINE ET MARNE,MELUN,77,77,FR,,collectivites_territoriales,collectivites_territoriales,Collectivités territoriales,f35215af__opencnil-liste-controles-2019.csv,296,annee_source_absente|pays_deduit
2019-22418b09-1,2019,rgpd,RGPD,sur_pieces,sur pièces,CENTRE COMMUNAL D'ACTION SOCIALE,CENTRE COMMUNAL D ACTION SOCIALE,NANCY,54,54,FR,,collectivites_territoriales,collectivites_territoriales,Collectivités territoriales,f35215af__opencnil-liste-controles-2019.csv,297,annee_source_absente|pays_deduit
2019-123aff1f-1,2019,rgpd,RGPD,sur_pieces,sur pièces,DEPARTEMENT DU PAS DE CALAIS,DEPARTEMENT DU PAS DE CALAIS,ARRAS,62,62,FR,,collectivites_territoriales,collectivites_territoriales,Collectivités territoriales,f35215af__opencnil-liste-controles-2019.csv,298,annee_source_absente|pays_deduit
2019-0484f64b-1,2019,rgpd,RGPD,sur_pieces,sur pièces,CENTRE COMMUNAL D'ACTION SOCIALE ROUEN,CENTRE COMMUNAL D ACTION SOCIALE ROUEN,ROUEN,76,76,FR,,collectivites_territoriales,collectivites_territoriales,Collectivités territoriales,f35215af__opencnil-liste-controles-2019.csv,299,annee_source_absente|pays_deduit
2019-1e4dd650-1,2019,rgpd,RGPD,sur_pieces,sur pièces,CENTRE COMMUNAL D'ACTION SOCIALE BOULOGNE,CENTRE COMMUNAL D ACTION SOCIALE BOULOGNE,BOULOGNE-BILLANCOURT,92,92,FR,,collectivites_territoriales,collectivites_territoriales,Collectivités territoriales,f35215af__opencnil-liste-controles-2019.csv,300,annee_source_absente|pays_deduit
2019-384f3d11-1,2019,rgpd,RGPD,sur_pieces,sur pièces,CENTRE COMMUNAL D'ACTION SOCIALE SCEAUX,CENTRE COMMUNAL D ACTION SOCIALE SCEAUX,SCEAUX,92,92,FR,,collectivites_territoriales,collectivites_territoriales,Collectivités territoriales,f35215af__opencnil-liste-controles-2019.csv,301,annee_source_absente|pays_deduit
2019-302bb5fc-1,2019,rgpd,RGPD,sur_pieces,sur pièces,CENTRE COMMUNAL D'ACTION SOCIALE SEVRES,CENTRE COMMUNAL D ACTION SOCIALE SEVRES,SEVRES,92,92,FR,,collectivites_territoriales,collectivites_territoriales,Collectivités territoriales,f35215af__opencnil-liste-controles-2019.csv,302,annee_source_absente|pays_deduit
2019-ee75649d-1,2019,rgpd,RGPD,sur_pieces,sur pièces,KRG CORPORATE,KRG CORPORATE,MALAKOFF,92,92,FR,,commerce,commerce,Commerce,f35215af__opencnil-liste-controles-2019.csv,303,annee_source_absente|pays_deduit
2019-284720d5-1,2019,rgpd,RGPD,sur_pieces,sur pièces,INVIVO GROUP,INVIVO GROUP,PARIS,75,75,FR,,commerce,commerce,Commerce,f35215af__opencnil-liste-controles-2019.csv,304,annee_source_absente|pays_deduit
2019-7b103798-1,2019,rgpd,RGPD,sur_pieces,sur pièces,BNP PARIBAS CARDIF,BNP PARIBAS CARDIF,PARIS,75,75,FR,,commerce,commerce,Commerce,f35215af__opencnil-liste-controles-2019.csv,305,annee_source_absente|pays_deduit
2019-16f389dc-1,2019,rgpd,RGPD,sur_pieces,sur pièces,REGIE AUTONOME DES TRANSPORTS PARISIENS,REGIE AUTONOME DES TRANSPORTS PARISIENS,PARIS,75,75,FR,,transports,transports,Transports,f35215af__opencnil-liste-controles-2019.csv,306,annee_source_absente|pays_deduit
2019-e8d64d75-1,2019,rgpd,RGPD,sur_pieces,sur pièces,SOCIETE GENERALE,SOCIETE GENERALE,PARIS,75,75,FR,,banque,banque,Banque,f35215af__opencnil-liste-controles-2019.csv,307,annee_source_absente|pays_deduit
2019-60847c10-1,2019,rgpd,RGPD,sur_pieces,sur pièces,APRIL INTERNATIONAL VOYAGE,APRIL INTERNATIONAL VOYAGE,PARIS,75,75,FR,,assurance,assurance,Assurance,f35215af__opencnil-liste-controles-2019.csv,308,annee_source_absente|pays_deduit
2019-14dd89d7-1,2019,rgpd,RGPD,sur_pieces,sur pièces,TRANSDEV RHONE ALPES,TRANSDEV RHONE ALPES,VOURLES,69,69,FR,,transports,transports,Transports,f35215af__opencnil-liste-controles-2019.csv,309,annee_source_absente|pays_deduit
2019-5c9a4831-1,2019,rgpd,RGPD,sur_pieces,sur pièces,AVIS LOCATION VOITURES,AVIS LOCATION VOITURES,PARIS,75,75,FR,,transports,transports,Transports,f35215af__opencnil-liste-controles-2019.csv,310,annee_source_absente|pays_deduit
2019-a7af518c-1,2019,rgpd,RGPD,en_ligne,en ligne,LOBSTER APPS INC,LOBSTER APPS INC,PARIS,75,75,FR,,commerce,commerce,Commerce,f35215af__opencnil-liste-controles-2019.csv,311,annee_source_absente|pays_deduit
2019-d8ecf8a9-1,2019,rgpd,RGPD,en_ligne,en ligne,TOP FLOOR APPS INC,TOP FLOOR APPS INC,PARIS,75,75,FR,,commerce,commerce,Commerce,f35215af__opencnil-liste-controles-2019.csv,312,annee_source_absente|pays_deduit
2019-c3c699e5-1,2019,rgpd,RGPD,en_ligne,en ligne,FUTURA INTERNATIONALE,FUTURA INTERNATIONALE,BONNEUIL-SUR-MARNE,94,94,FR,,commerce,commerce,Commerce,f35215af__opencnil-liste-controles-2019.csv,313,annee_source_absente|pays_deduit
2020-9f637fa4-1,2020,rgpd,RGPD,en_ligne,en ligne,CALL HYBRID,CALL HYBRID,PARIS,75,75,FR,,commerce,commerce,Commerce,eef24aed__open-data-controles-2020-vd-20210603.csv,5,annee_source_absente|pays_deduit
2020-af73aa46-1,2020,rgpd,RGPD,sur_audition,sur audition,CALL HYBRID,CALL HYBRID,PARIS,75,75,FR,,commerce,commerce,Commerce,eef24aed__open-data-controles-2020-vd-20210603.csv,6,annee_source_absente|pays_deduit
2020-3505169c-1,2020,rgpd,RGPD,en_ligne,en ligne,BRICO PRIVE,BRICO PRIVE,L'UNION,31,31,FR,,commerce,commerce,Commerce,eef24aed__open-data-controles-2020-vd-20210603.csv,7,annee_source_absente|pays_deduit
2020-c7170600-1,2020,rgpd,RGPD,en_ligne,en ligne,PEPPER DRINK,PEPPER DRINK,VITRE,35,35,FR,,commerce,commerce,Commerce,eef24aed__open-data-controles-2020-vd-20210603.csv,8,annee_source_absente|pays_deduit
2020-c7170600-2,2020,rgpd,RGPD,en_ligne,en ligne,PEPPER DRINK,PEPPER DRINK,VITRE,35,35,FR,,commerce,commerce,Commerce,eef24aed__open-data-controles-2020-vd-20210603.csv,9,annee_source_absente|pays_deduit|ligne_dupliquee
2020-165a271e-1,2020,rgpd,RGPD,sur_audition,sur audition,CONFEDERATION FRANÇAISE DEMOCRATIQUE DU TRAVAIL (CFDT),CONFEDERATION FRANCAISE DEMOCRATIQUE DU TRAVAIL CFDT,PARIS,75,75,FR,,travail,travail,Travail,eef24aed__open-data-controles-2020-vd-20210603.csv,10,annee_source_absente|pays_deduit
2020-fc419c27-1,2020,rgpd,RGPD,sur_place,sur place,ACCOR,ACCOR,ISSY LES MOULINEAUX,92,92,FR,,commerce,commerce,Commerce,eef24aed__open-data-controles-2020-vd-20210603.csv,11,annee_source_absente|pays_deduit
2020-f7a7eff3-1,2020,rgpd,RGPD,en_ligne,en ligne,ACCOR,ACCOR,ISSY LES MOULINEAUX,92,92,FR,,commerce,commerce,Commerce,eef24aed__open-data-controles-2020-vd-20210603.csv,12,annee_source_absente|pays_deduit
2020-01496586-1,2020,rgpd,RGPD,en_ligne,en ligne,NESTOR,NESTOR,LEVALLOIS-PERRET,92,92,FR,,commerce,commerce,Commerce,eef24aed__open-data-controles-2020-vd-20210603.csv,13,annee_source_absente|pays_deduit
2020-4b3fbe17-1,2020,rgpd,RGPD,sur_pieces,sur pièces,SFK GROUP,SFK GROUP,ROMANS SUR ISERE,26,26,FR,,commerce,commerce,Commerce,eef24aed__open-data-controles-2020-vd-20210603.csv,14,annee_source_absente|pays_deduit
2020-0ea94125-1,2020,rgpd,RGPD,sur_place,sur place,CHU DE TOULOUSE,CHU DE TOULOUSE,TOULOUSE,31,31,FR,,sante,sante_social,Santé,eef24aed__open-data-controles-2020-vd-20210603.csv,15,annee_source_absente|pays_deduit
2020-9032edea-1,2020,rgpd,RGPD,sur_audition,sur audition,OMNICOM PUBLIC RELATIONS GROUP,OMNICOM PUBLIC RELATIONS GROUP,BOULOGNE-BILLANCOURT,92,92,FR,,statistiques_publiques,etat_regalien,Statistiques et enquêtes publiques,eef24aed__open-data-controles-2020-vd-20210603.csv,16,annee_source_absente|pays_deduit
2020-6aff5d45-1,2020,rgpd,RGPD,sur_audition,sur audition,CONFEDERATION FRANCAISE DES TRAVAILLEURS CHRETIENS,CONFEDERATION FRANCAISE DES TRAVAILLEURS CHRETIENS,PARIS,75,75,FR,,travail,travail,Travail,eef24aed__open-data-controles-2020-vd-20210603.csv,17,annee_source_absente|pays_deduit
2020-73e95bcc-1,2020,rgpd,RGPD,sur_audition,sur audition,CONFEDERATION GENERALE DU TRAVAIL FORCE OUVRIERE,CONFEDERATION GENERALE DU TRAVAIL FORCE OUVRIERE,PARIS,75,75,FR,,travail,travail,Travail,eef24aed__open-data-controles-2020-vd-20210603.csv,18,annee_source_absente|pays_deduit
2020-adabb89c-1,2020,rgpd,RGPD,sur_place,sur place,CTS COMPUTERS AND TELECOMMUNICATION,CTS COMPUTERS AND TELECOMMUNICATION,MONTREUIL,93,93,FR,,telecommunications,telecommunications,Télécommunications,eef24aed__open-data-controles-2020-vd-20210603.csv,19,annee_source_absente|pays_deduit
2020-90a4cee6-1,2020,rgpd,RGPD,en_ligne,en ligne,LES DERNIERS SERONT LES PREMIERS / VALORY INVESTISSEMENTS,LES DERNIERS SERONT LES PREMIERS VALORY INVESTISSEMENTS,PARIS,75,75,FR,,commerce,commerce,Commerce,eef24aed__open-data-controles-2020-vd-20210603.csv,20,annee_source_absente|pays_deduit
2020-29002e70-1,2020,rgpd,RGPD,sur_place,sur place,CONSEIL SUPERIEUR DU NOTARIAT,CONSEIL SUPERIEUR DU NOTARIAT,PARIS,75,75,FR,,regalien,etat_regalien,Régalien,eef24aed__open-data-controles-2020-vd-20210603.csv,21,annee_source_absente|pays_deduit
2020-ba59da4a-1,2020,rgpd,RGPD,sur_pieces,sur pièces,SEPHORA,SEPHORA,NEUILLY SUR SEINE,92,92,FR,,commerce,commerce,Commerce,eef24aed__open-data-controles-2020-vd-20210603.csv,22,annee_source_absente|pays_deduit
2020-01a069b6-1,2020,rgpd,RGPD,sur_place,sur place,STANLEY SECURITY FRANCE,STANLEY SECURITY FRANCE,VITROLLES,13,13,FR,,regalien,etat_regalien,Régalien,eef24aed__open-data-controles-2020-vd-20210603.csv,23,annee_source_absente|pays_deduit
2020-1c2baa49-1,2020,rgpd,RGPD,sur_audition,sur audition,WORKINGOO,WORKINGOO,PARIS,75,75,FR,,travail,travail,Travail,eef24aed__open-data-controles-2020-vd-20210603.csv,24,annee_source_absente|pays_deduit
2020-e01e631a-1,2020,rgpd,RGPD,sur_place,sur place,FREE,FREE,PARIS,75,75,FR,,telecommunications,telecommunications,Télécommunications,eef24aed__open-data-controles-2020-vd-20210603.csv,25,annee_source_absente|pays_deduit
2020-e01e631a-2,2020,rgpd,RGPD,sur_place,sur place,FREE,FREE,PARIS,75,75,FR,,telecommunications,telecommunications,Télécommunications,eef24aed__open-data-controles-2020-vd-20210603.csv,26,annee_source_absente|pays_deduit|ligne_dupliquee
2020-39d332e1-1,2020,rgpd,RGPD,sur_audition,sur audition,DIGITALEBOX,DIGITALEBOX,PARIS,75,75,FR,,politique,politique,Activités politiques,eef24aed__open-data-controles-2020-vd-20210603.csv,27,annee_source_absente|pays_deduit
2020-5fa6c78e-1,2020,rgpd,RGPD,sur_place,sur place,SARL DILLARD,SARL DILLARD,LE HAVRE,76,76,FR,,commerce,commerce,Commerce,eef24aed__open-data-controles-2020-vd-20210603.csv,28,annee_source_absente|pays_deduit
2020-7ff7a8da-1,2020,rgpd,RGPD,sur_place,sur place,PHARMAGEST INTERACTIVE,PHARMAGEST INTERACTIVE,VILLERS-LES-NANCY,54,54,FR,,sante,sante_social,Santé,eef24aed__open-data-controles-2020-vd-20210603.csv,29,annee_source_absente|pays_deduit
2020-a979be0b-1,2020,rgpd,RGPD,en_ligne,en ligne,LES PREMIERS SERONT LES DERNIERS / VALORITY INVESTISSEMENT,LES PREMIERS SERONT LES DERNIERS VALORITY INVESTISSEMENT,PARIS,75,75,FR,,commerce,commerce,Commerce,eef24aed__open-data-controles-2020-vd-20210603.csv,30,annee_source_absente|pays_deduit
2020-b2c4bced-1,2020,rgpd,RGPD,sur_pieces,sur pièces,BONPORN / MUSTVIDEOS,BONPORN MUSTVIDEOS,ROUBAIX,59,59,FR,,commerce,commerce,Commerce,eef24aed__open-data-controles-2020-vd-20210603.csv,31,annee_source_absente|pays_deduit
2020-dc8554fe-1,2020,rgpd,RGPD,sur_pieces,sur pièces,MANGAS IO,MANGAS IO,ROUBAIX,59,59,FR,,commerce,commerce,Commerce,eef24aed__open-data-controles-2020-vd-20210603.csv,32,annee_source_absente|pays_deduit
2020-008398cd-1,2020,rgpd,RGPD,sur_pieces,sur pièces,BEBINOU,BEBINOU,ROUBAIX,59,59,FR,,sante,sante_social,Santé,eef24aed__open-data-controles-2020-vd-20210603.csv,33,annee_source_absente|pays_deduit
2020-59389386-1,2020,rgpd,RGPD,sur_place,sur place,LOTOMATE,LOTOMATE,PARIS,75,75,FR,,social,sante_social,Social,eef24aed__open-data-controles-2020-vd-20210603.csv,34,annee_source_absente|pays_deduit
2020-5f579d13-1,2020,rgpd,RGPD,sur_pieces,sur pièces,WEWORK,WEWORK,PARIS,75,75,FR,,travail,travail,Travail,eef24aed__open-data-controles-2020-vd-20210603.csv,35,annee_source_absente|pays_deduit
2020-cfb561ec-1,2020,rgpd,RGPD,sur_pieces,sur pièces,PPBO,PPBO,PARIS,75,75,FR,,jeux,education_culture_sport,Jeux,eef24aed__open-data-controles-2020-vd-20210603.csv,36,annee_source_absente|pays_deduit
2020-169dd3a8-1,2020,rgpd,RGPD,en_ligne,en ligne,DEVOLA,DEVOLA,PARIS,75,75,FR,,commerce,commerce,Commerce,eef24aed__open-data-controles-2020-vd-20210603.csv,37,annee_source_absente|pays_deduit
2020-adece93c-1,2020,rgpd,RGPD,sur_audition,sur audition,DEVOLA,DEVOLA,CALOIRE,42,42,FR,,commerce,commerce,Commerce,eef24aed__open-data-controles-2020-vd-20210603.csv,38,annee_source_absente|pays_deduit
2020-25f7a46f-1,2020,rgpd,RGPD,sur_pieces,sur pièces,DEVOLA,DEVOLA,CALOIRE,42,42,FR,,commerce,commerce,Commerce,eef24aed__open-data-controles-2020-vd-20210603.csv,39,annee_source_absente|pays_deduit
2020-9d89ea75-1,2020,rgpd,RGPD,sur_pieces,sur pièces,CRITEO,CRITEO,PARIS,75,75,FR,,commerce,commerce,Commerce,eef24aed__open-data-controles-2020-vd-20210603.csv,40,annee_source_absente|pays_deduit
2020-5414958c-1,2020,rgpd,RGPD,sur_place,sur place,CRITEO,CRITEO,PARIS,75,75,FR,,commerce,commerce,Commerce,eef24aed__open-data-controles-2020-vd-20210603.csv,41,annee_source_absente|pays_deduit
2020-ff045f16-1,2020,rgpd,RGPD,en_ligne,en ligne,CRITEO,CRITEO,PARIS,75,75,FR,,commerce,commerce,Commerce,eef24aed__open-data-controles-2020-vd-20210603.csv,42,annee_source_absente|pays_deduit
2020-ae0d55b0-1,2020,rgpd,RGPD,en_ligne,en ligne,IPLUSC,IPLUSC,PARIS,75,75,FR,,travail,travail,Travail,eef24aed__open-data-controles-2020-vd-20210603.csv,43,annee_source_absente|pays_deduit
2020-732b6ae7-1,2020,rgpd,RGPD,en_ligne,en ligne,LE FIGARO,LE FIGARO,PARIS,75,75,FR,,commerce,commerce,Commerce,eef24aed__open-data-controles-2020-vd-20210603.csv,44,annee_source_absente|pays_deduit
2020-732b6ae7-2,2020,rgpd,RGPD,en_ligne,en ligne,LE FIGARO,LE FIGARO,PARIS,75,75,FR,,commerce,commerce,Commerce,eef24aed__open-data-controles-2020-vd-20210603.csv,45,annee_source_absente|pays_deduit|ligne_dupliquee
2020-732b6ae7-3,2020,rgpd,RGPD,en_ligne,en ligne,LE FIGARO,LE FIGARO,PARIS,75,75,FR,,commerce,commerce,Commerce,eef24aed__open-data-controles-2020-vd-20210603.csv,46,annee_source_absente|pays_deduit|ligne_dupliquee
2020-afbdddc3-1,2020,rgpd,RGPD,en_ligne,en ligne,MYBESTPRO,MYBESTPRO,PARIS,75,75,FR,,commerce,commerce,Commerce,eef24aed__open-data-controles-2020-vd-20210603.csv,47,annee_source_absente|pays_deduit
2020-4c969589-1,2020,rgpd,RGPD,sur_place,sur place,MYBESTPRO,MYBESTPRO,PARIS,75,75,FR,,commerce,commerce,Commerce,eef24aed__open-data-controles-2020-vd-20210603.csv,48,annee_source_absente|pays_deduit
2020-7db7d8f0-1,2020,rgpd,RGPD,en_ligne,en ligne,TOUSFACTEURS,TOUSFACTEURS,PARIS,75,75,FR,,commerce,commerce,Commerce,eef24aed__open-data-controles-2020-vd-20210603.csv,49,annee_source_absente|pays_deduit
2020-0740bd9d-1,2020,rgpd,RGPD,sur_audition,sur audition,TOUSFACTEURS,TOUSFACTEURS,PARIS,75,75,FR,,commerce,commerce,Commerce,eef24aed__open-data-controles-2020-vd-20210603.csv,50,annee_source_absente|pays_deduit
2020-b767753e-1,2020,rgpd,RGPD,en_ligne,en ligne,EVALUERCHAUFFEUR.FR,EVALUERCHAUFFEUR FR,PARIS,75,75,FR,,transports,transports,Transports,eef24aed__open-data-controles-2020-vd-20210603.csv,51,annee_source_absente|pays_deduit
2020-3a554981-1,2020,rgpd,RGPD,en_ligne,en ligne,GETAROUND,GETAROUND,PARIS,75,75,FR,,commerce,commerce,Commerce,eef24aed__open-data-controles-2020-vd-20210603.csv,52,annee_source_absente|pays_deduit
2020-68d2dbda-1,2020,rgpd,RGPD,sur_place,sur place,GETAROUND,GETAROUND,PARIS,75,75,FR,,commerce,commerce,Commerce,eef24aed__open-data-controles-2020-vd-20210603.csv,53,annee_source_absente|pays_deduit
2020-67fe1973-1,2020,rgpd,RGPD,sur_pieces,sur pièces,GETAROUND,GETAROUND,PARIS,75,75,FR,,commerce,commerce,Commerce,eef24aed__open-data-controles-2020-vd-20210603.csv,54,annee_source_absente|pays_deduit
2020-9d8f3fa4-1,2020,rgpd,RGPD,sur_place,sur place,SOCIETE FRANCAISE DU RADIOTELEPHONE (SFR),SOCIETE FRANCAISE DU RADIOTELEPHONE SFR,PARIS,75,75,FR,,telecommunications,telecommunications,Télécommunications,eef24aed__open-data-controles-2020-vd-20210603.csv,55,annee_source_absente|pays_deduit
2020-865412d2-1,2020,rgpd,RGPD,sur_place,sur place,BOUYGUES TELECOM,BOUYGUES TELECOM,PARIS,75,75,FR,,telecommunications,telecommunications,Télécommunications,eef24aed__open-data-controles-2020-vd-20210603.csv,56,annee_source_absente|pays_deduit
2020-b9d56058-1,2020,rgpd,RGPD,sur_pieces,sur pièces,BOUYGUES TELECOM,BOUYGUES TELECOM,PARIS,75,75,FR,,telecommunications,telecommunications,Télécommunications,eef24aed__open-data-controles-2020-vd-20210603.csv,57,annee_source_absente|pays_deduit
2020-b8f7a237-1,2020,rgpd,RGPD,en_ligne,en ligne,CITIES-ZEN,CITIES ZEN,PARIS,75,75,FR,,politique,politique,Activités politiques,eef24aed__open-data-controles-2020-vd-20210603.csv,58,annee_source_absente|pays_deduit
2020-17f99dfd-1,2020,rgpd,RGPD,sur_audition,sur audition,CITIES-ZEN,CITIES ZEN,PARIS,75,75,FR,,politique,politique,Activités politiques,eef24aed__open-data-controles-2020-vd-20210603.csv,59,annee_source_absente|pays_deduit
2020-f6ec7371-1,2020,rgpd,RGPD,sur_place,sur place,IMAGERIE NUCLEAIRE DE L'OUEST LYONNAIS ET DE L'AIN SCM INOL,IMAGERIE NUCLEAIRE DE L OUEST LYONNAIS ET DE L AIN SCM INOL,LYON,69,69,FR,,sante,sante_social,Santé,eef24aed__open-data-controles-2020-vd-20210603.csv,60,annee_source_absente|pays_deduit
2020-448a3e96-1,2020,rgpd,RGPD,sur_place,sur place,ASSISTANCE PUBLIQUE-HOPITAUX DE PARIS,ASSISTANCE PUBLIQUE HOPITAUX DE PARIS,PARIS,75,75,FR,,sante,sante_social,Santé,eef24aed__open-data-controles-2020-vd-20210603.csv,61,annee_source_absente|pays_deduit
2020-d1d9e80d-1,2020,rgpd,RGPD,sur_place,sur place,VILLE DE VALENCIENNES,VILLE DE VALENCIENNES,VALENCIENNES,59,59,FR,,collectivites_territoriales,collectivites_territoriales,Collectivités territoriales,eef24aed__open-data-controles-2020-vd-20210603.csv,62,annee_source_absente|pays_deduit
2020-d391d284-1,2020,rgpd,RGPD,sur_place,sur place,MACSF ASSURANCES MACSF EPARGNE RETRAITE MASF FINANCEMENT MACSF PREVOYANCE,MACSF ASSURANCES MACSF EPARGNE RETRAITE MASF FINANCEMENT MACSF PREVOYANCE,PUTEAUX,92,92,FR,,sante,sante_social,Santé,eef24aed__open-data-controles-2020-vd-20210603.csv,63,annee_source_absente|organisme_multiligne|pays_deduit
2020-450080b9-1,2020,rgpd,RGPD,sur_place,sur place,CEGEDIM,CEGEDIM,BOULOGNE-BILLANCOURT,92,92,FR,,sante,sante_social,Santé,eef24aed__open-data-controles-2020-vd-20210603.csv,67,annee_source_absente|pays_deduit
2020-6068651d-1,2020,rgpd,RGPD,sur_pieces,sur pièces,PARIS HABITAT,PARIS HABITAT,PARIS,75,75,FR,,immobilier,immobilier,Immobilier,eef24aed__open-data-controles-2020-vd-20210603.csv,68,annee_source_absente|pays_deduit
2020-eba4df72-1,2020,rgpd,RGPD,sur_pieces,sur pièces,LIBRES !,LIBRES,VELIZY- VILLACOUBLAY,78,78,FR,,politique,politique,Activités politiques,eef24aed__open-data-controles-2020-vd-20210603.csv,69,annee_source_absente|pays_deduit
2020-5b5fa85e-1,2020,rgpd,RGPD,sur_place,sur place,POLE EMPLOI,POLE EMPLOI,PARIS,75,75,FR,,social,sante_social,Social,eef24aed__open-data-controles-2020-vd-20210603.csv,70,annee_source_absente|pays_deduit
2020-cd016e69-1,2020,rgpd,RGPD,sur_place,sur place,DOCTOLIB,DOCTOLIB,LEVALLOIS-PERRET,92,92,FR,,sante,sante_social,Santé,eef24aed__open-data-controles-2020-vd-20210603.csv,71,annee_source_absente|pays_deduit
2020-43b78945-1,2020,rgpd,RGPD,sur_place,sur place,BRUITPARIF,BRUITPARIF,SAINT DENIS,93,93,FR,,collectivites_territoriales,collectivites_territoriales,Collectivités territoriales,eef24aed__open-data-controles-2020-vd-20210603.csv,72,annee_source_absente|pays_deduit
2020-f2943d71-1,2020,rgpd,RGPD,en_ligne,en ligne,LES PUBLICATIONS CONDE NAST,LES PUBLICATIONS CONDE NAST,PARIS,75,75,FR,,commerce,commerce,Commerce,eef24aed__open-data-controles-2020-vd-20210603.csv,73,annee_source_absente|pays_deduit
2020-bb9c05f9-1,2020,rgpd,RGPD,sur_audition,sur audition,LES PUBLICATIONS CONDE NAST,LES PUBLICATIONS CONDE NAST,PARIS,75,75,FR,,commerce,commerce,Commerce,eef24aed__open-data-controles-2020-vd-20210603.csv,74,annee_source_absente|pays_deduit
2020-0db40a20-1,2020,rgpd,RGPD,en_ligne,en ligne,WEBEDIA,WEBEDIA,PARIS,75,75,FR,,commerce,commerce,Commerce,eef24aed__open-data-controles-2020-vd-20210603.csv,75,annee_source_absente|pays_deduit
2020-0db40a20-2,2020,rgpd,RGPD,en_ligne,en ligne,WEBEDIA,WEBEDIA,PARIS,75,75,FR,,commerce,commerce,Commerce,eef24aed__open-data-controles-2020-vd-20210603.csv,76,annee_source_absente|pays_deduit|ligne_dupliquee
2020-21103f1a-1,2020,rgpd,RGPD,sur_place,sur place,CM MARKETING TECHNOLOGY PARTNERS FRANCE,CM MARKETING TECHNOLOGY PARTNERS FRANCE,BOULOGNE-BILLANCOURT,92,92,FR,,telecommunications,telecommunications,Télécommunications,eef24aed__open-data-controles-2020-vd-20210603.csv,77,annee_source_absente|pays_deduit
2020-3045a853-1,2020,rgpd,RGPD,sur_place,sur place,OXYA FRANCE,OXYA FRANCE,ISSY LES MOULINEAUX,92,92,FR,,telecommunications,telecommunications,Télécommunications,eef24aed__open-data-controles-2020-vd-20210603.csv,78,annee_source_absente|pays_deduit
2020-c4887a91-1,2020,rgpd,RGPD,sur_place,sur place,AMAZON ONLINE FRANCE SAS,AMAZON ONLINE FRANCE SAS,CLICHY,92,92,FR,,commerce,commerce,Commerce,eef24aed__open-data-controles-2020-vd-20210603.csv,79,annee_source_absente|pays_deduit
2020-57ce081d-1,2020,rgpd,RGPD,sur_place,sur place,TWELVE APP,TWELVE APP,PARIS,75,75,FR,,telecommunications,telecommunications,Télécommunications,eef24aed__open-data-controles-2020-vd-20210603.csv,80,annee_source_absente|pays_deduit
2020-88bd4d4f-1,2020,rgpd,RGPD,sur_place,sur place,FWA,FWA,PARIS,75,75,FR,,commerce,commerce,Commerce,eef24aed__open-data-controles-2020-vd-20210603.csv,81,annee_source_absente|pays_deduit
2020-48395c63-1,2020,rgpd,RGPD,en_ligne,en ligne,TIK TOK,TIK TOK,LONDRES,,,FR,,telecommunications,telecommunications,Télécommunications,eef24aed__open-data-controles-2020-vd-20210603.csv,82,annee_source_absente|departement_vide|pays_deduit
2020-88bd4d4f-2,2020,rgpd,RGPD,sur_place,sur place,FWA,FWA,PARIS,75,75,FR,,commerce,commerce,Commerce,eef24aed__open-data-controles-2020-vd-20210603.csv,83,annee_source_absente|pays_deduit|ligne_dupliquee
2020-9bede51f-1,2020,rgpd,RGPD,sur_place,sur place,SNCF,SNCF,SAINT DENIS,93,93,FR,,transports,transports,Transports,eef24aed__open-data-controles-2020-vd-20210603.csv,84,annee_source_absente|pays_deduit
2020-48395c63-2,2020,rgpd,RGPD,en_ligne,en ligne,TIK TOK,TIK TOK,LONDRES,,,FR,,telecommunications,telecommunications,Télécommunications,eef24aed__open-data-controles-2020-vd-20210603.csv,85,annee_source_absente|departement_vide|pays_deduit|ligne_dupliquee
2020-d07bb8cc-1,2020,rgpd,RGPD,sur_pieces,sur pièces,TIK TOK,TIK TOK,LONDRES,,,FR,,telecommunications,telecommunications,Télécommunications,eef24aed__open-data-controles-2020-vd-20210603.csv,86,annee_source_absente|departement_vide|pays_deduit
2020-e843a4e9-1,2020,rgpd,RGPD,sur_place,sur place,LUNCHR,LUNCHR,PARIS,75,75,FR,,commerce,commerce,Commerce,eef24aed__open-data-controles-2020-vd-20210603.csv,87,annee_source_absente|pays_deduit
2020-e843a4e9-2,2020,rgpd,RGPD,sur_place,sur place,LUNCHR,LUNCHR,PARIS,75,75,FR,,commerce,commerce,Commerce,eef24aed__open-data-controles-2020-vd-20210603.csv,88,annee_source_absente|pays_deduit|ligne_dupliquee
2020-dec3e293-1,2020,rgpd,RGPD,sur_pieces,sur pièces,MTARGET,MTARGET,LABEGE,31,31,FR,,telecommunications,telecommunications,Télécommunications,eef24aed__open-data-controles-2020-vd-20210603.csv,89,annee_source_absente|pays_deduit
2020-ac0ddede-1,2020,rgpd,RGPD,en_ligne,en ligne,WEXUP SAS,WEXUP SAS,AIX EN PROVENCE,13,13,FR,,commerce,commerce,Commerce,eef24aed__open-data-controles-2020-vd-20210603.csv,90,annee_source_absente|pays_deduit
2020-07e5396a-1,2020,rgpd,RGPD,sur_pieces,sur pièces,WEXUP SAS,WEXUP SAS,AIX EN PROVENCE,13,13,FR,,commerce,commerce,Commerce,eef24aed__open-data-controles-2020-vd-20210603.csv,91,annee_source_absente|pays_deduit
2020-508a40fa-1,2020,rgpd,RGPD,sur_place,sur place,DIRECT ANNONCES,DIRECT ANNONCES,PARIS,75,75,FR,,commerce,commerce,Commerce,eef24aed__open-data-controles-2020-vd-20210603.csv,92,annee_source_absente|pays_deduit
2020-0672436b-1,2020,rgpd,RGPD,sur_place,sur place,COSMO CONNECTED,COSMO CONNECTED,PARIS,75,75,FR,,transports,transports,Transports,eef24aed__open-data-controles-2020-vd-20210603.csv,93,annee_source_absente|pays_deduit
2020-0081980c-1,2020,rgpd,RGPD,en_ligne,en ligne,MAIRIE DE CABRIES,MAIRIE DE CABRIES,PARIS,75,75,FR,,politique,politique,Activités politiques,eef24aed__open-data-controles-2020-vd-20210603.csv,94,annee_source_absente|pays_deduit
2020-e9384fdf-1,2020,rgpd,RGPD,en_ligne,en ligne,JEUXVIDEO.COM,JEUXVIDEO COM,LEVALLOIS-PERRET,92,92,FR,,commerce,commerce,Commerce,eef24aed__open-data-controles-2020-vd-20210603.csv,95,annee_source_absente|pays_deduit
2020-e9384fdf-2,2020,rgpd,RGPD,en_ligne,en ligne,JEUXVIDEO.COM,JEUXVIDEO COM,LEVALLOIS-PERRET,92,92,FR,,commerce,commerce,Commerce,eef24aed__open-data-controles-2020-vd-20210603.csv,96,annee_source_absente|pays_deduit|ligne_dupliquee
2020-b9cdf542-1,2020,rgpd,RGPD,en_ligne,en ligne,CDISCOUNT.FR,CDISCOUNT FR,BORDEAUX,33,33,FR,,commerce,commerce,Commerce,eef24aed__open-data-controles-2020-vd-20210603.csv,97,annee_source_absente|pays_deduit
2020-b9cdf542-2,2020,rgpd,RGPD,en_ligne,en ligne,CDISCOUNT.FR,CDISCOUNT FR,BORDEAUX,33,33,FR,,commerce,commerce,Commerce,eef24aed__open-data-controles-2020-vd-20210603.csv,98,annee_source_absente|pays_deduit|ligne_dupliquee
2020-3f52df79-1,2020,rgpd,RGPD,en_ligne,en ligne,ASSESSFIRST,ASSESSFIRST,PARIS,75,75,FR,,travail,travail,Travail,eef24aed__open-data-controles-2020-vd-20210603.csv,99,annee_source_absente|pays_deduit
2020-5377fb3a-1,2020,rgpd,RGPD,sur_place,sur place,FC METZ,FC METZ,METZ,57,57,FR,,sport,education_culture_sport,Sport,eef24aed__open-data-controles-2020-vd-20210603.csv,100,annee_source_absente|pays_deduit
2020-1f8e504a-1,2020,rgpd,RGPD,sur_place,sur place,TWO-I,TWO I,METZ,57,57,FR,,sport,education_culture_sport,Sport,eef24aed__open-data-controles-2020-vd-20210603.csv,101,annee_source_absente|pays_deduit
2020-63429d86-1,2020,rgpd,RGPD,sur_place,sur place,IPP IMPRIMEUR,IPP IMPRIMEUR,NEMOURS,77,77,FR,,social,sante_social,Social,eef24aed__open-data-controles-2020-vd-20210603.csv,102,annee_source_absente|pays_deduit
2020-b0cc96e8-1,2020,rgpd,RGPD,sur_pieces,sur pièces,AUTOROUTES DU SUD DE LA FRANCE (ASF),AUTOROUTES DU SUD DE LA FRANCE ASF,RUEIL MALMAISON,92,92,FR,,transports,transports,Transports,eef24aed__open-data-controles-2020-vd-20210603.csv,103,annee_source_absente|pays_deduit
2020-b0cc96e8-2,2020,rgpd,RGPD,sur_pieces,sur pièces,AUTOROUTES DU SUD DE LA FRANCE (ASF),AUTOROUTES DU SUD DE LA FRANCE ASF,RUEIL MALMAISON,92,92,FR,,transports,transports,Transports,eef24aed__open-data-controles-2020-vd-20210603.csv,104,annee_source_absente|pays_deduit|ligne_dupliquee
2020-b0cc96e8-3,2020,rgpd,RGPD,sur_pieces,sur pièces,AUTOROUTES DU SUD DE LA FRANCE (ASF),AUTOROUTES DU SUD DE LA FRANCE ASF,RUEIL MALMAISON,92,92,FR,,transports,transports,Transports,eef24aed__open-data-controles-2020-vd-20210603.csv,105,annee_source_absente|pays_deduit|ligne_dupliquee
2020-7928b1b9-1,2020,rgpd,RGPD,sur_pieces,sur pièces,TADATA SAS,TADATA SAS,PARIS,75,75,FR,,commerce,commerce,Commerce,eef24aed__open-data-controles-2020-vd-20210603.csv,107,annee_source_absente|pays_deduit
2020-6132d565-1,2020,rgpd,RGPD,sur_place,sur place,LABORATOIRE NUXE,LABORATOIRE NUXE,BOULOGNE BILLANCOURT,92,92,FR,,commerce,commerce,Commerce,eef24aed__open-data-controles-2020-vd-20210603.csv,108,annee_source_absente|pays_deduit
2020-69815d5c-1,2020,rgpd,RGPD,en_ligne,en ligne,GOOGLE,GOOGLE,PARIS,75,75,FR,,commerce,commerce,Commerce,eef24aed__open-data-controles-2020-vd-20210603.csv,109,annee_source_absente|pays_deduit
2020-2d8016e9-1,2020,rgpd,RGPD,sur_pieces,sur pièces,COMMISSARIAT DE CERGY PONTOISE,COMMISSARIAT DE CERGY PONTOISE,CERGY PONTOISE,95,95,FR,,regalien,etat_regalien,Régalien,eef24aed__open-data-controles-2020-vd-20210603.csv,110,annee_source_absente|pays_deduit
2020-f658b412-1,2020,rgpd,RGPD,sur_pieces,sur pièces,GENDARMERIE DE HAUTE GARONNE,GENDARMERIE DE HAUTE GARONNE,TOULOUSE,31,31,FR,,regalien,etat_regalien,Régalien,eef24aed__open-data-controles-2020-vd-20210603.csv,112,annee_source_absente|pays_deduit
2020-ba21d8dc-1,2020,rgpd,RGPD,sur_pieces,sur pièces,PREFECTURE DE POLICE DE PARIS,PREFECTURE DE POLICE DE PARIS,PARIS,75,75,FR,,regalien,etat_regalien,Régalien,eef24aed__open-data-controles-2020-vd-20210603.csv,114,annee_source_absente|pays_deduit
2020-a4eebaad-1,2020,rgpd,RGPD,sur_place,sur place,PREFECTURE DE POLICE DE PARIS,PREFECTURE DE POLICE DE PARIS,PARIS,75,75,FR,,regalien,etat_regalien,Régalien,eef24aed__open-data-controles-2020-vd-20210603.csv,115,annee_source_absente|pays_deduit
2020-e790a49a-1,2020,rgpd,RGPD,sur_pieces,sur pièces,MAIRIE D'ORLEANS,MAIRIE D ORLEANS,ORLEANS,45,45,FR,,collectivites_territoriales,collectivites_territoriales,Collectivités territoriales,eef24aed__open-data-controles-2020-vd-20210603.csv,117,annee_source_absente|pays_deduit
2020-72c57413-1,2020,rgpd,RGPD,sur_pieces,sur pièces,MAIRIE DE CHARLEVILLE-MEZIERES,MAIRIE DE CHARLEVILLE MEZIERES,CHARLEVILLE-MEZIERES,08,08,FR,,collectivites_territoriales,collectivites_territoriales,Collectivités territoriales,eef24aed__open-data-controles-2020-vd-20210603.csv,118,annee_source_absente|pays_deduit
2020-ce5281e9-1,2020,rgpd,RGPD,sur_pieces,sur pièces,MAIRIE D'ISTRES,MAIRIE D ISTRES,ISTRES,13,13,FR,,collectivites_territoriales,collectivites_territoriales,Collectivités territoriales,eef24aed__open-data-controles-2020-vd-20210603.csv,119,annee_source_absente|pays_deduit
2020-8d9ca21f-1,2020,rgpd,RGPD,en_ligne,en ligne,CITYSCOOT,CITYSCOOT,PARIS,75,75,FR,,transports,transports,Transports,eef24aed__open-data-controles-2020-vd-20210603.csv,120,annee_source_absente|pays_deduit
2020-07c95882-1,2020,rgpd,RGPD,sur_pieces,sur pièces,CITYSCOOT,CITYSCOOT,PARIS,75,75,FR,,transports,transports,Transports,eef24aed__open-data-controles-2020-vd-20210603.csv,121,annee_source_absente|pays_deduit
2020-72555f06-1,2020,rgpd,RGPD,en_ligne,en ligne,SLICKWRAPS,SLICKWRAPS,WICHITA (USA),,,FR,,commerce,commerce,Commerce,eef24aed__open-data-controles-2020-vd-20210603.csv,122,annee_source_absente|departement_vide|pays_deduit
2020-72555f06-2,2020,rgpd,RGPD,en_ligne,en ligne,SLICKWRAPS,SLICKWRAPS,WICHITA (USA),,,FR,,commerce,commerce,Commerce,eef24aed__open-data-controles-2020-vd-20210603.csv,123,annee_source_absente|departement_vide|pays_deduit|ligne_dupliquee
2020-90b6d98d-1,2020,rgpd,RGPD,sur_pieces,sur pièces,MUTUELLE MALAKOFF HUMANIS,MUTUELLE MALAKOFF HUMANIS,PARIS,75,75,FR,,sante,sante_social,Santé,eef24aed__open-data-controles-2020-vd-20210603.csv,124,annee_source_absente|pays_deduit
2020-a9adb025-1,2020,rgpd,RGPD,sur_pieces,sur pièces,DANONE,DANONE,PARIS,75,75,FR,,travail,travail,Travail,eef24aed__open-data-controles-2020-vd-20210603.csv,125,annee_source_absente|pays_deduit
2020-ed20af00-1,2020,rgpd,RGPD,sur_place,sur place,DANONE,DANONE,SAINT OUEN SUR SEINE,93,93,FR,,travail,travail,Travail,eef24aed__open-data-controles-2020-vd-20210603.csv,126,annee_source_absente|pays_deduit
2020-58a6368c-1,2020,rgpd,RGPD,sur_pieces,sur pièces,ASSOCIATION SOS EDUCATION,ASSOCIATION SOS EDUCATION,PARIS,75,75,FR,,associatif,associatif,Associatif,eef24aed__open-data-controles-2020-vd-20210603.csv,127,annee_source_absente|pays_deduit
2020-36da7385-1,2020,rgpd,RGPD,sur_place,sur place,ASSOCIATION SOS EDUCATION,ASSOCIATION SOS EDUCATION,PARIS,75,75,FR,,associatif,associatif,Associatif,eef24aed__open-data-controles-2020-vd-20210603.csv,128,annee_source_absente|pays_deduit
2020-5f508770-1,2020,rgpd,RGPD,en_ligne,en ligne,SOLAB3D,SOLAB3D,PARIS,75,75,FR,,sante,sante_social,Santé,eef24aed__open-data-controles-2020-vd-20210603.csv,129,annee_source_absente|pays_deduit
2020-750af580-1,2020,rgpd,RGPD,en_ligne,en ligne,FORSETI,FORSETI,PARIS,75,75,FR,,commerce,commerce,Commerce,eef24aed__open-data-controles-2020-vd-20210603.csv,130,annee_source_absente|pays_deduit
2020-750af580-2,2020,rgpd,RGPD,en_ligne,en ligne,FORSETI,FORSETI,PARIS,75,75,FR,,commerce,commerce,Commerce,eef24aed__open-data-controles-2020-vd-20210603.csv,131,annee_source_absente|pays_deduit|ligne_dupliquee
2020-59124b6e-1,2020,rgpd,RGPD,sur_place,sur place,FORSETI,FORSETI,PARIS,75,75,FR,,commerce,commerce,Commerce,eef24aed__open-data-controles-2020-vd-20210603.csv,132,annee_source_absente|pays_deduit
2020-01bc3b64-1,2020,rgpd,RGPD,en_ligne,en ligne,UBEEQO,UBEEQO,BOULOGNE-BILLANCOURT,92,92,FR,,transports,transports,Transports,eef24aed__open-data-controles-2020-vd-20210603.csv,133,annee_source_absente|pays_deduit
2020-6303335f-1,2020,rgpd,RGPD,sur_pieces,sur pièces,UBEEQO,UBEEQO,BOULOGNE-BILLANCOURT,92,92,FR,,transports,transports,Transports,eef24aed__open-data-controles-2020-vd-20210603.csv,134,annee_source_absente|pays_deduit
2020-ef5695a6-1,2020,rgpd,RGPD,sur_pieces,sur pièces,CAISSE NATIONALE DE L'ASSURANCE MALADIE,CAISSE NATIONALE DE L ASSURANCE MALADIE,PARIS,75,75,FR,,sante,sante_social,Santé,eef24aed__open-data-controles-2020-vd-20210603.csv,135,annee_source_absente|pays_deduit
2020-c1f7d928-1,2020,rgpd,RGPD,sur_audition,sur audition,CAISSE NATIONALE DE L'ASSURANCE MALADIE,CAISSE NATIONALE DE L ASSURANCE MALADIE,PARIS,75,75,FR,,sante,sante_social,Santé,eef24aed__open-data-controles-2020-vd-20210603.csv,136,annee_source_absente|pays_deduit
2020-da0fe33e-1,2020,rgpd,RGPD,sur_place,sur place,CAISSE PRIMAIRE D'ASSURANCE MALADIE DE SEINE - SAINT - DENIS,CAISSE PRIMAIRE D ASSURANCE MALADIE DE SEINE SAINT DENIS,BOBIGNY,93,93,FR,,sante,sante_social,Santé,eef24aed__open-data-controles-2020-vd-20210603.csv,138,annee_source_absente|pays_deduit
2020-52953043-1,2020,rgpd,RGPD,sur_place,sur place,FONDATION HOPITAL SAINT JOSEPH,FONDATION HOPITAL SAINT JOSEPH,PARIS,75,75,FR,,sante,sante_social,Santé,eef24aed__open-data-controles-2020-vd-20210603.csv,140,annee_source_absente|pays_deduit
2020-83d61d9d-1,2020,rgpd,RGPD,sur_place,sur place,AGENCE REGIONALE DE SANTE - ILE DE FRANCE,AGENCE REGIONALE DE SANTE ILE DE FRANCE,PARIS,75,75,FR,,sante,sante_social,Santé,eef24aed__open-data-controles-2020-vd-20210603.csv,142,annee_source_absente|pays_deduit
2020-d5894538-1,2020,rgpd,RGPD,sur_pieces,sur pièces,CONSEIL NATIONAL DE L'ORDRE DES PHARMACIENS (CNOP),CONSEIL NATIONAL DE L ORDRE DES PHARMACIENS CNOP,PARIS,75,75,FR,,sante,sante_social,Santé,eef24aed__open-data-controles-2020-vd-20210603.csv,144,annee_source_absente|pays_deduit
2020-2551e8c7-1,2020,rgpd,RGPD,sur_pieces,sur pièces,CONSEIL NATIONAL DE L'ORDRE DES MEDECINS (CNOM),CONSEIL NATIONAL DE L ORDRE DES MEDECINS CNOM,PARIS,75,75,FR,,sante,sante_social,Santé,eef24aed__open-data-controles-2020-vd-20210603.csv,146,annee_source_absente|pays_deduit
2020-638fc6be-1,2020,rgpd,RGPD,sur_place,sur place,AGENCE REGIONALE DE SANTE - GRAND EST,AGENCE REGIONALE DE SANTE GRAND EST,NANCY,54,54,FR,,sante,sante_social,Santé,eef24aed__open-data-controles-2020-vd-20210603.csv,148,annee_source_absente|pays_deduit
2020-c1f7d928-2,2020,rgpd,RGPD,sur_audition,sur audition,CAISSE NATIONALE DE L'ASSURANCE MALADIE,CAISSE NATIONALE DE L ASSURANCE MALADIE,PARIS,75,75,FR,,sante,sante_social,Santé,eef24aed__open-data-controles-2020-vd-20210603.csv,150,annee_source_absente|organisme_multiligne|pays_deduit|ligne_dupliquee
2020-20abc16d-1,2020,rgpd,RGPD,en_ligne,en ligne,CAISSE NATIONALE DE L'ASSURANCE MALADIE,CAISSE NATIONALE DE L ASSURANCE MALADIE,PARIS,75,75,FR,,sante,sante_social,Santé,eef24aed__open-data-controles-2020-vd-20210603.csv,152,annee_source_absente|organisme_multiligne|pays_deduit
2020-6e6aa869-1,2020,rgpd,RGPD,sur_place,sur place,CAISSE PRIMAIRE DE DE L'ASSURANCE MALADIE DE LA CÔTE D'OR,CAISSE PRIMAIRE DE DE L ASSURANCE MALADIE DE LA COTE D OR,DIJON,21,21,FR,,sante,sante_social,Santé,eef24aed__open-data-controles-2020-vd-20210603.csv,155,annee_source_absente|organisme_multiligne|pays_deduit
2020-3fc3a105-1,2020,rgpd,RGPD,sur_place,sur place,AGENCE REGIONALE DE SANTE - BOURGOGNE FRANCHE COMTE,AGENCE REGIONALE DE SANTE BOURGOGNE FRANCHE COMTE,DIJON,21,21,FR,,sante,sante_social,Santé,eef24aed__open-data-controles-2020-vd-20210603.csv,157,annee_source_absente|pays_deduit
2020-176fe044-1,2020,rgpd,RGPD,sur_pieces,sur pièces,ASSISTANCE PUBLIQUE - HOPITAUX DE PARIS,ASSISTANCE PUBLIQUE HOPITAUX DE PARIS,PARIS,75,75,FR,,sante,sante_social,Santé,eef24aed__open-data-controles-2020-vd-20210603.csv,158,annee_source_absente|pays_deduit
2020-5b5bed62-1,2020,rgpd,RGPD,sur_place,sur place,ASSISTANCE PUBLIQUE - HOPITAUX DE PARIS,ASSISTANCE PUBLIQUE HOPITAUX DE PARIS,PARIS,75,75,FR,,sante,sante_social,Santé,eef24aed__open-data-controles-2020-vd-20210603.csv,159,annee_source_absente|pays_deduit
2020-190228b4-1,2020,rgpd,RGPD,sur_place,sur place,HOPITAL BROUSSAIS,HOPITAL BROUSSAIS,PARIS,75,75,FR,,sante,sante_social,Santé,eef24aed__open-data-controles-2020-vd-20210603.csv,160,annee_source_absente|pays_deduit
2020-1b383e01-1,2020,rgpd,RGPD,sur_place,sur place,LABORATOIRE EYLAU-NEUILLY,LABORATOIRE EYLAU NEUILLY,NEUILLY-SUR-SEINE,92,92,FR,,sante,sante_social,Santé,eef24aed__open-data-controles-2020-vd-20210603.csv,162,annee_source_absente|pays_deduit
2020-1eb9addd-1,2020,rgpd,RGPD,sur_place,sur place,LABORATOIRE BPO-BIOEPINE,LABORATOIRE BPO BIOEPINE,ASNIERES-SUR-SEINE,92,92,FR,,sante,sante_social,Santé,eef24aed__open-data-controles-2020-vd-20210603.csv,164,annee_source_absente|pays_deduit
2020-448a3e96-2,2020,rgpd,RGPD,sur_place,sur place,ASSISTANCE PUBLIQUE-HOPITAUX DE PARIS,ASSISTANCE PUBLIQUE HOPITAUX DE PARIS,PARIS,75,75,FR,,sante,sante_social,Santé,eef24aed__open-data-controles-2020-vd-20210603.csv,166,annee_source_absente|pays_deduit|ligne_dupliquee
2020-53c7de00-1,2020,rgpd,RGPD,en_ligne,en ligne,ERMINE,ERMINE,PARIS,75,75,FR,,commerce,commerce,Commerce,eef24aed__open-data-controles-2020-vd-20210603.csv,168,annee_source_absente|pays_deduit
2020-53c7de00-2,2020,rgpd,RGPD,en_ligne,en ligne,ERMINE,ERMINE,PARIS,75,75,FR,,commerce,commerce,Commerce,eef24aed__open-data-controles-2020-vd-20210603.csv,169,annee_source_absente|pays_deduit|ligne_dupliquee
2020-711a74b8-1,2020,rgpd,RGPD,sur_pieces,sur pièces,EQUINOA,EQUINOA,PARIS,75,75,FR,,telecommunications,telecommunications,Télécommunications,eef24aed__open-data-controles-2020-vd-20210603.csv,170,annee_source_absente|pays_deduit
2020-2326a2c8-1,2020,rgpd,RGPD,en_ligne,en ligne,DOTT,DOTT,PARIS,75,75,FR,,transports,transports,Transports,eef24aed__open-data-controles-2020-vd-20210603.csv,171,annee_source_absente|pays_deduit
2020-a3f32095-1,2020,rgpd,RGPD,sur_pieces,sur pièces,DOTT,DOTT,PARIS,75,75,FR,,transports,transports,Transports,eef24aed__open-data-controles-2020-vd-20210603.csv,172,annee_source_absente|pays_deduit
2020-b2f9b144-1,2020,rgpd,RGPD,en_ligne,en ligne,SWILE,SWILE,PARIS,75,75,FR,,commerce,commerce,Commerce,eef24aed__open-data-controles-2020-vd-20210603.csv,173,annee_source_absente|pays_deduit
2020-19e5ef20-1,2020,rgpd,RGPD,sur_pieces,sur pièces,SWILE,SWILE,PARIS,75,75,FR,,commerce,commerce,Commerce,eef24aed__open-data-controles-2020-vd-20210603.csv,174,annee_source_absente|pays_deduit
2020-dee1ba2b-1,2020,rgpd,RGPD,en_ligne,en ligne,MINISTERE DES SOLIDARITES ET DE LA SANTE,MINISTERE DES SOLIDARITES ET DE LA SANTE,PARIS,75,75,FR,,sante,sante_social,Santé,eef24aed__open-data-controles-2020-vd-20210603.csv,175,annee_source_absente|pays_deduit
2020-de5ef31f-1,2020,rgpd,RGPD,sur_pieces,sur pièces,MINISTERE DES SOLIDARITES ET DE LA SANTE,MINISTERE DES SOLIDARITES ET DE LA SANTE,PARIS,75,75,FR,,sante,sante_social,Santé,eef24aed__open-data-controles-2020-vd-20210603.csv,176,annee_source_absente|pays_deduit
2020-de5ef31f-2,2020,rgpd,RGPD,sur_pieces,sur pièces,MINISTERE DES SOLIDARITES ET DE LA SANTE,MINISTERE DES SOLIDARITES ET DE LA SANTE,PARIS,75,75,FR,,sante,sante_social,Santé,eef24aed__open-data-controles-2020-vd-20210603.csv,177,annee_source_absente|pays_deduit|ligne_dupliquee
2020-e5c38a7d-1,2020,rgpd,RGPD,sur_place,sur place,GOOGLE FRANCE,GOOGLE FRANCE,PARIS,75,75,FR,,commerce,commerce,Commerce,eef24aed__open-data-controles-2020-vd-20210603.csv,178,annee_source_absente|pays_deduit
2020-548e5974-1,2020,rgpd,RGPD,en_ligne,en ligne,LA COMPAGNIE DES MOBILITES,LA COMPAGNIE DES MOBILITES,TOURS,37,37,FR,,transports,transports,Transports,eef24aed__open-data-controles-2020-vd-20210603.csv,179,annee_source_absente|pays_deduit
2020-7d4f296a-1,2020,rgpd,RGPD,sur_pieces,sur pièces,LA COMPAGNIE DES MOBILITES,LA COMPAGNIE DES MOBILITES,TOURS,37,37,FR,,transports,transports,Transports,eef24aed__open-data-controles-2020-vd-20210603.csv,181,annee_source_absente|pays_deduit
2020-867e8f69-1,2020,rgpd,RGPD,sur_pieces,sur pièces,RATP,RATP,PARIS,75,75,FR,,transports,transports,Transports,eef24aed__open-data-controles-2020-vd-20210603.csv,183,annee_source_absente|pays_deduit
2020-0e2c4ea2-1,2020,rgpd,RGPD,sur_place,sur place,RATP,RATP,AUBERVILLIERS,93,93,FR,,transports,transports,Transports,eef24aed__open-data-controles-2020-vd-20210603.csv,184,annee_source_absente|pays_deduit
2020-dbdd6293-1,2020,rgpd,RGPD,sur_place,sur place,RATP,RATP,VITRY-SUR-SEINE,94,94,FR,,transports,transports,Transports,eef24aed__open-data-controles-2020-vd-20210603.csv,185,annee_source_absente|pays_deduit
2020-65a29c55-1,2020,rgpd,RGPD,sur_place,sur place,RATP,RATP,NEUILLY-PLAISANCE,93,93,FR,,transports,transports,Transports,eef24aed__open-data-controles-2020-vd-20210603.csv,186,annee_source_absente|pays_deduit
2020-5654b7a5-1,2020,rgpd,RGPD,en_ligne,en ligne,LES CINEMAS PATHE GAUMONT SERVICES,LES CINEMAS PATHE GAUMONT SERVICES,PARIS,75,75,FR,,culture,education_culture_sport,Culture,eef24aed__open-data-controles-2020-vd-20210603.csv,187,annee_source_absente|pays_deduit
2020-9a98d461-1,2020,rgpd,RGPD,sur_pieces,sur pièces,LES CINEMAS PATHE GAUMONT SERVICES,LES CINEMAS PATHE GAUMONT SERVICES,PARIS,75,75,FR,,culture,education_culture_sport,Culture,eef24aed__open-data-controles-2020-vd-20210603.csv,188,annee_source_absente|pays_deduit
2020-6747216f-1,2020,rgpd,RGPD,sur_place,sur place,L'OREAL SA,L OREAL SA,CLICHY,92,92,FR,,travail,travail,Travail,eef24aed__open-data-controles-2020-vd-20210603.csv,189,annee_source_absente|pays_deduit
2020-a1202b3f-1,2020,rgpd,RGPD,en_ligne,en ligne,FLUOW SAS,FLUOW SAS,PARIS,75,75,FR,,transports,transports,Transports,eef24aed__open-data-controles-2020-vd-20210603.csv,190,annee_source_absente|pays_deduit
2020-ec345f11-1,2020,rgpd,RGPD,sur_pieces,sur pièces,FLUOW SAS,FLUOW SAS,PARIS,75,75,FR,,transports,transports,Transports,eef24aed__open-data-controles-2020-vd-20210603.csv,191,annee_source_absente|pays_deduit
2020-de84dce3-1,2020,rgpd,RGPD,sur_pieces,sur pièces,MINISTERE DE L'INTERIEUR,MINISTERE DE L INTERIEUR,PARIS,75,75,FR,,regalien,etat_regalien,Régalien,eef24aed__open-data-controles-2020-vd-20210603.csv,192,annee_source_absente|pays_deduit
2020-ffde0ad3-1,2020,rgpd,RGPD,en_ligne,en ligne,MINISTERE DE L'INTERIEUR,MINISTERE DE L INTERIEUR,PARIS,75,75,FR,,regalien,etat_regalien,Régalien,eef24aed__open-data-controles-2020-vd-20210603.csv,195,annee_source_absente|pays_deduit
2020-ffde0ad3-2,2020,rgpd,RGPD,en_ligne,en ligne,MINISTERE DE L'INTERIEUR,MINISTERE DE L INTERIEUR,PARIS,75,75,FR,,regalien,etat_regalien,Régalien,eef24aed__open-data-controles-2020-vd-20210603.csv,196,annee_source_absente|pays_deduit|ligne_dupliquee
2020-622eee92-1,2020,rgpd,RGPD,en_ligne,en ligne,TECHEM FRANCE,TECHEM FRANCE,LE PLESSIS ROBINSON,92,92,FR,,energie,energie_environnement,Energie,eef24aed__open-data-controles-2020-vd-20210603.csv,197,annee_source_absente|pays_deduit
2020-66b1d063-1,2020,rgpd,RGPD,sur_pieces,sur pièces,TECHEM FRANCE,TECHEM FRANCE,LE PLESSIS ROBINSON,92,92,FR,,energie,energie_environnement,Energie,eef24aed__open-data-controles-2020-vd-20210603.csv,198,annee_source_absente|pays_deduit
2020-10c1cf86-1,2020,rgpd,RGPD,sur_pieces,sur pièces,SLIMPAY,SLIMPAY,PARIS,75,75,FR,,commerce,commerce,Commerce,eef24aed__open-data-controles-2020-vd-20210603.csv,199,annee_source_absente|pays_deduit
2020-27422ce2-1,2020,rgpd,RGPD,en_ligne,en ligne,SMOVENGO,SMOVENGO,PUTEAUX,92,92,FR,,transports,transports,Transports,eef24aed__open-data-controles-2020-vd-20210603.csv,200,annee_source_absente|pays_deduit
2020-5f5e99db-1,2020,rgpd,RGPD,sur_pieces,sur pièces,SMOVENGO,SMOVENGO,PUTEAUX,92,92,FR,,transports,transports,Transports,eef24aed__open-data-controles-2020-vd-20210603.csv,201,annee_source_absente|pays_deduit
2020-7882ae1e-1,2020,rgpd,RGPD,sur_pieces,sur pièces,SMOVENGO,SMOVENGO,PARIS,75,75,FR,,transports,transports,Transports,eef24aed__open-data-controles-2020-vd-20210603.csv,203,annee_source_absente|pays_deduit
2020-f8362274-1,2020,rgpd,RGPD,en_ligne,en ligne,OCEA SMART BUILDING,OCEA SMART BUILDING,COURBEVOIE,92,92,FR,,energie,energie_environnement,Energie,eef24aed__open-data-controles-2020-vd-20210603.csv,204,annee_source_absente|pays_deduit
2020-da335da4-1,2020,rgpd,RGPD,sur_pieces,sur pièces,OCEA SMART BUILDING,OCEA SMART BUILDING,COURBEVOIE,92,92,FR,,energie,energie_environnement,Energie,eef24aed__open-data-controles-2020-vd-20210603.csv,205,annee_source_absente|pays_deduit
2020-368be1d0-1,2020,rgpd,RGPD,en_ligne,en ligne,COMPTAGE IMMOBILIER SERVICES ISTA,COMPTAGE IMMOBILIER SERVICES ISTA,MASSY,91,91,FR,,commerce,commerce,Commerce,eef24aed__open-data-controles-2020-vd-20210603.csv,206,annee_source_absente|pays_deduit
2020-d5f88694-1,2020,rgpd,RGPD,sur_pieces,sur pièces,COMPTAGE IMMOBILIER SERVICES ISTA,COMPTAGE IMMOBILIER SERVICES ISTA,MASSY,91,91,FR,,commerce,commerce,Commerce,eef24aed__open-data-controles-2020-vd-20210603.csv,207,annee_source_absente|pays_deduit
2020-f8a9ae98-1,2020,rgpd,RGPD,en_ligne,en ligne,COMUTO,COMUTO,PARIS,75,75,FR,,transports,transports,Transports,eef24aed__open-data-controles-2020-vd-20210603.csv,208,annee_source_absente|pays_deduit
2020-a10c9a70-1,2020,rgpd,RGPD,sur_pieces,sur pièces,COMUTO,COMUTO,PARIS,75,75,FR,,transports,transports,Transports,eef24aed__open-data-controles-2020-vd-20210603.csv,209,annee_source_absente|pays_deduit
2020-f1520cf8-1,2020,rgpd,RGPD,en_ligne,en ligne,TOTAL DIRECT ENERGIE,TOTAL DIRECT ENERGIE,PARIS,75,75,FR,,energie,energie_environnement,Energie,eef24aed__open-data-controles-2020-vd-20210603.csv,210,annee_source_absente|pays_deduit
2020-e4cfac62-1,2020,rgpd,RGPD,sur_pieces,sur pièces,TOTAL DIRECT ENERGIE,TOTAL DIRECT ENERGIE,PARIS,75,75,FR,,energie,energie_environnement,Energie,eef24aed__open-data-controles-2020-vd-20210603.csv,211,annee_source_absente|pays_deduit
2020-d78759cf-1,2020,rgpd,RGPD,en_ligne,en ligne,AUDENTIA,AUDENTIA,VERSAILLES,78,78,FR,,commerce,commerce,Commerce,eef24aed__open-data-controles-2020-vd-20210603.csv,212,annee_source_absente|pays_deduit
2020-dbaefa84-1,2020,rgpd,RGPD,en_ligne,en ligne,TRED CHARIOT,TRED CHARIOT,ANGERS,49,49,FR,,commerce,commerce,Commerce,eef24aed__open-data-controles-2020-vd-20210603.csv,213,annee_source_absente|pays_deduit
2020-6202fea6-1,2020,rgpd,RGPD,sur_pieces,sur pièces,CLEARVIEW,CLEARVIEW,NEW YORK (USA),,,FR,,commerce,commerce,Commerce,eef24aed__open-data-controles-2020-vd-20210603.csv,214,annee_source_absente|departement_vide|pays_deduit
2020-f0e0025a-1,2020,rgpd,RGPD,en_ligne,en ligne,LULU DANS MA RUE,LULU DANS MA RUE,PARIS,75,75,FR,,commerce,commerce,Commerce,eef24aed__open-data-controles-2020-vd-20210603.csv,215,annee_source_absente|pays_deduit
2020-d7687eee-1,2020,rgpd,RGPD,sur_pieces,sur pièces,LULU DANS MA RUE,LULU DANS MA RUE,PARIS,75,75,FR,,commerce,commerce,Commerce,eef24aed__open-data-controles-2020-vd-20210603.csv,216,annee_source_absente|pays_deduit
2020-aed2d2d9-1,2020,rgpd,RGPD,en_ligne,en ligne,LIME,LIME,PARIS,75,75,FR,,transports,transports,Transports,eef24aed__open-data-controles-2020-vd-20210603.csv,217,annee_source_absente|pays_deduit
2020-1cef9744-1,2020,rgpd,RGPD,sur_pieces,sur pièces,LIME,LIME,PARIS,75,75,FR,,transports,transports,Transports,eef24aed__open-data-controles-2020-vd-20210603.csv,218,annee_source_absente|pays_deduit
2020-474b5efe-1,2020,rgpd,RGPD,sur_place,sur place,OFFICE FRANCAIS DE L'IMMIGRATION ET DE L'INTEGRATION,OFFICE FRANCAIS DE L IMMIGRATION ET DE L INTEGRATION,PARIS,75,75,FR,,regalien,etat_regalien,Régalien,eef24aed__open-data-controles-2020-vd-20210603.csv,219,annee_source_absente|pays_deduit
2020-32f9fde7-1,2020,rgpd,RGPD,sur_audition,sur audition,INFLUENCE MAKER,INFLUENCE MAKER,PRECY-SUR-OISE,60,60,FR,,politique,politique,Activités politiques,eef24aed__open-data-controles-2020-vd-20210603.csv,220,annee_source_absente|pays_deduit
2020-085418fa-1,2020,rgpd,RGPD,sur_audition,sur audition,SELFCONTACT,SELFCONTACT,NOYON,60,60,FR,,politique,politique,Activités politiques,eef24aed__open-data-controles-2020-vd-20210603.csv,221,annee_source_absente|pays_deduit
2020-a6db371e-1,2020,rgpd,RGPD,en_ligne,en ligne,WEBEDIA,WEBEDIA,LEVALLOIS-PERRET,92,92,FR,,commerce,commerce,Commerce,eef24aed__open-data-controles-2020-vd-20210603.csv,222,annee_source_absente|pays_deduit
2020-302387d3-1,2020,rgpd,RGPD,sur_pieces,sur pièces,WEBEDIA,WEBEDIA,LEVALLOIS-PERRET,92,92,FR,,commerce,commerce,Commerce,eef24aed__open-data-controles-2020-vd-20210603.csv,223,annee_source_absente|pays_deduit
2020-8d6aaca4-1,2020,rgpd,RGPD,en_ligne,en ligne,DOCTISSIMO,DOCTISSIMO,PARIS,75,75,FR,,sante,sante_social,Santé,eef24aed__open-data-controles-2020-vd-20210603.csv,224,annee_source_absente|pays_deduit
2020-d91fb796-1,2020,rgpd,RGPD,sur_place,sur place,DOCTISSIMO,DOCTISSIMO,PARIS,75,75,FR,,sante,sante_social,Santé,eef24aed__open-data-controles-2020-vd-20210603.csv,225,annee_source_absente|pays_deduit
2020-8d6aaca4-2,2020,rgpd,RGPD,en_ligne,en ligne,DOCTISSIMO,DOCTISSIMO,PARIS,75,75,FR,,sante,sante_social,Santé,eef24aed__open-data-controles-2020-vd-20210603.csv,226,annee_source_absente|pays_deduit|ligne_dupliquee
2020-ccdf90e7-1,2020,rgpd,RGPD,sur_audition,sur audition,MINISTERE DE L'INTERIEUR,MINISTERE DE L INTERIEUR,PARIS,75,75,FR,,regalien,etat_regalien,Régalien,eef24aed__open-data-controles-2020-vd-20210603.csv,227,annee_source_absente|pays_deduit
2020-4b27b4f2-1,2020,rgpd,RGPD,en_ligne,en ligne,MARMITON,MARMITON,PARIS,75,75,FR,,commerce,commerce,Commerce,eef24aed__open-data-controles-2020-vd-20210603.csv,228,annee_source_absente|pays_deduit
2020-46e7c80d-1,2020,rgpd,RGPD,sur_pieces,sur pièces,MARMITON,MARMITON,PARIS,75,75,FR,,commerce,commerce,Commerce,eef24aed__open-data-controles-2020-vd-20210603.csv,229,annee_source_absente|pays_deduit
2020-91bdef02-1,2020,rgpd,RGPD,en_ligne,en ligne,MF-TEL,MF TEL,ALLAUCH,13,13,FR,,banque,banque,Banque,eef24aed__open-data-controles-2020-vd-20210603.csv,230,annee_source_absente|pays_deduit
2020-2e654355-1,2020,rgpd,RGPD,sur_pieces,sur pièces,MF-TEL,MF TEL,ALLAUCH,13,13,FR,,banque,banque,Banque,eef24aed__open-data-controles-2020-vd-20210603.csv,231,annee_source_absente|pays_deduit
2020-1be2e471-1,2020,rgpd,RGPD,en_ligne,en ligne,VERIZON,VERIZON,SUNNYVALE (USA),,,FR,,commerce,commerce,Commerce,eef24aed__open-data-controles-2020-vd-20210603.csv,232,annee_source_absente|departement_vide|pays_deduit
2020-93056cc9-1,2020,rgpd,RGPD,en_ligne,en ligne,MICROSOFT France,MICROSOFT FRANCE,ISSY LES MOULINEAUX,92,92,FR,,commerce,commerce,Commerce,eef24aed__open-data-controles-2020-vd-20210603.csv,233,annee_source_absente|pays_deduit
2020-2e63b8cb-1,2020,rgpd,RGPD,sur_place,sur place,SNCF VOYAGEURS,SNCF VOYAGEURS,NANTES,44,44,FR,,transports,transports,Transports,eef24aed__open-data-controles-2020-vd-20210603.csv,234,annee_source_absente|pays_deduit
2020-c5ac11bb-1,2020,rgpd,RGPD,sur_place,sur place,MINISTERE DE LA TRANSITION ECOLOGIQUE,MINISTERE DE LA TRANSITION ECOLOGIQUE,PUTEAUX,92,92,FR,,regalien,etat_regalien,Régalien,eef24aed__open-data-controles-2020-vd-20210603.csv,235,annee_source_absente|pays_deduit
2020-3951668b-1,2020,rgpd,RGPD,sur_place,sur place,MINISTERE DE L'INTERIEUR,MINISTERE DE L INTERIEUR,BLOIS,41,41,FR,,regalien,etat_regalien,Régalien,eef24aed__open-data-controles-2020-vd-20210603.csv,237,annee_source_absente|pays_deduit
2020-21721985-1,2020,rgpd,RGPD,sur_place,sur place,MINISTERE DE L'INTERIEUR,MINISTERE DE L INTERIEUR,OUISTREHAM,14,14,FR,,regalien,etat_regalien,Régalien,eef24aed__open-data-controles-2020-vd-20210603.csv,239,annee_source_absente|pays_deduit
2020-2e7ea800-1,2020,rgpd,RGPD,sur_pieces,sur pièces,MALAKOFF HUMANIS PREVOYANCE / QUATREM,MALAKOFF HUMANIS PREVOYANCE QUATREM,PARIS,75,75,FR,,sante,sante_social,Santé,eef24aed__open-data-controles-2020-vd-20210603.csv,241,annee_source_absente|pays_deduit
2020-c5407926-1,2020,rgpd,RGPD,sur_place,sur place,COMMUNE DE DOUVRES LA DELIVRANDE,COMMUNE DE DOUVRES LA DELIVRANDE,DOUVRES LE DELIVRANDE,14,14,FR,,collectivites_territoriales,collectivites_territoriales,Collectivités territoriales,eef24aed__open-data-controles-2020-vd-20210603.csv,242,annee_source_absente|pays_deduit
2020-ebbf200a-1,2020,rgpd,RGPD,sur_place,sur place,CONSEIL NATIONAL DES ACTIVITES PRIVEES DE SECURITE,CONSEIL NATIONAL DES ACTIVITES PRIVEES DE SECURITE,PARIS,75,75,FR,,regalien,etat_regalien,Régalien,eef24aed__open-data-controles-2020-vd-20210603.csv,244,annee_source_absente|pays_deduit
2020-f7026e65-1,2020,rgpd,RGPD,sur_place,sur place,CONSEIL NATIONAL DES ACTIVITES PRIVEES DE SECURITE,CONSEIL NATIONAL DES ACTIVITES PRIVEES DE SECURITE,AUBERVILLIERS,93,93,FR,,regalien,etat_regalien,Régalien,eef24aed__open-data-controles-2020-vd-20210603.csv,245,annee_source_absente|pays_deduit
2020-ce3d77ad-1,2020,rgpd,RGPD,en_ligne,en ligne,M6 DIGITAL SERVICES,M6 DIGITAL SERVICES,NEUILLY SUR SEINE,92,92,FR,,commerce,commerce,Commerce,eef24aed__open-data-controles-2020-vd-20210603.csv,247,annee_source_absente|pays_deduit
2020-030761ca-1,2020,rgpd,RGPD,sur_pieces,sur pièces,M6 DIGITAL SERVICES,M6 DIGITAL SERVICES,NEUILLY SUR SEINE,92,92,FR,,commerce,commerce,Commerce,eef24aed__open-data-controles-2020-vd-20210603.csv,248,annee_source_absente|pays_deduit
2020-1105b57d-1,2020,rgpd,RGPD,en_ligne,en ligne,2CED,2CED,REZE,44,44,FR,,commerce,commerce,Commerce,eef24aed__open-data-controles-2020-vd-20210603.csv,249,annee_source_absente|pays_deduit
2020-147c1a1c-1,2020,rgpd,RGPD,sur_pieces,sur pièces,2CED,2CED,REZE,44,44,FR,,commerce,commerce,Commerce,eef24aed__open-data-controles-2020-vd-20210603.csv,250,annee_source_absente|pays_deduit
2020-93056cc9-2,2020,rgpd,RGPD,en_ligne,en ligne,MICROSOFT France,MICROSOFT FRANCE,ISSY LES MOULINEAUX,92,92,FR,,commerce,commerce,Commerce,eef24aed__open-data-controles-2020-vd-20210603.csv,251,annee_source_absente|pays_deduit|ligne_dupliquee
2020-1be2e471-2,2020,rgpd,RGPD,en_ligne,en ligne,VERIZON,VERIZON,SUNNYVALE (USA),,,FR,,commerce,commerce,Commerce,eef24aed__open-data-controles-2020-vd-20210603.csv,252,annee_source_absente|departement_vide|pays_deduit|ligne_dupliquee
2020-b7aaa448-1,2020,rgpd,RGPD,en_ligne,en ligne,LEOCARE,LEOCARE,PARIS,75,75,FR,,assurance,assurance,Assurance,eef24aed__open-data-controles-2020-vd-20210603.csv,253,annee_source_absente|pays_deduit
2020-114796d2-1,2020,rgpd,RGPD,sur_pieces,sur pièces,AUCHAN,AUCHAN,CROIX,59,59,FR,,commerce,commerce,Commerce,eef24aed__open-data-controles-2020-vd-20210603.csv,254,annee_source_absente|pays_deduit
2020-c291f452-1,2020,rgpd,RGPD,sur_pieces,sur pièces,DECATHLON,DECATHLON,VILLENEUVE D'ASCQ,59,59,FR,,commerce,commerce,Commerce,eef24aed__open-data-controles-2020-vd-20210603.csv,255,annee_source_absente|pays_deduit
2020-52d044d4-1,2020,rgpd,RGPD,sur_pieces,sur pièces,SEPHORA,SEPHORA,NEUILLY-SUR-SEINE,92,92,FR,,commerce,commerce,Commerce,eef24aed__open-data-controles-2020-vd-20210603.csv,256,annee_source_absente|pays_deduit
2020-9f5f1a28-1,2020,rgpd,RGPD,sur_pieces,sur pièces,LEROY MERLIN,LEROY MERLIN,LEZENNES,59,59,FR,,commerce,commerce,Commerce,eef24aed__open-data-controles-2020-vd-20210603.csv,257,annee_source_absente|pays_deduit
2020-1cbf63b7-1,2020,rgpd,RGPD,sur_pieces,sur pièces,HUFFINGTON POST,HUFFINGTON POST,PARIS,75,75,FR,,presse,presse,Presse,eef24aed__open-data-controles-2020-vd-20210603.csv,258,annee_source_absente|pays_deduit
2020-115a96be-1,2020,rgpd,RGPD,sur_pieces,sur pièces,FREE MOBILE,FREE MOBILE,PARIS,75,75,FR,,telecommunications,telecommunications,Télécommunications,eef24aed__open-data-controles-2020-vd-20210603.csv,259,annee_source_absente|pays_deduit
2020-a061e290-1,2020,rgpd,RGPD,sur_pieces,sur pièces,DEPARTEMENT DE SEINE SAINT DENIS,DEPARTEMENT DE SEINE SAINT DENIS,BOBIGNY,93,93,FR,,social,sante_social,Social,eef24aed__open-data-controles-2020-vd-20210603.csv,260,annee_source_absente|pays_deduit
2020-046a60d6-1,2020,rgpd,RGPD,en_ligne,en ligne,SAS TRADITIONS DU PERIGORD,SAS TRADITIONS DU PERIGORD,CARSAC-AILLAC,24,24,FR,,commerce,commerce,Commerce,eef24aed__open-data-controles-2020-vd-20210603.csv,261,annee_source_absente|pays_deduit
2020-3730c0c5-1,2020,rgpd,RGPD,sur_pieces,sur pièces,SAS TRADITIONS DU PERIGORD,SAS TRADITIONS DU PERIGORD,CARSAC-AILLAC,24,24,FR,,commerce,commerce,Commerce,eef24aed__open-data-controles-2020-vd-20210603.csv,262,annee_source_absente|pays_deduit
2020-8ec1f7f7-1,2020,rgpd,RGPD,en_ligne,en ligne,COVERD,COVERD,BOULOGNE-BILLANCOURT,92,92,FR,,assurance,assurance,Assurance,eef24aed__open-data-controles-2020-vd-20210603.csv,263,annee_source_absente|pays_deduit
2020-90c0af37-1,2020,rgpd,RGPD,sur_place,sur place,SOGESSUR,SOGESSUR,LA DEFENSE,92,92,FR,,assurance,assurance,Assurance,eef24aed__open-data-controles-2020-vd-20210603.csv,264,annee_source_absente|pays_deduit
2020-95a6288e-1,2020,rgpd,RGPD,sur_pieces,sur pièces,LE PARADIS DU FRUIT,LE PARADIS DU FRUIT,PARIS,75,75,FR,,commerce,commerce,Commerce,eef24aed__open-data-controles-2020-vd-20210603.csv,265,annee_source_absente|pays_deduit
2020-59ed6b2c-1,2020,rgpd,RGPD,sur_place,sur place,INSTITUT DE CANCEROLOGIE DE L'OUEST,INSTITUT DE CANCEROLOGIE DE L OUEST,SAINT-HERBLAIN,44,44,FR,,sante,sante_social,Santé,eef24aed__open-data-controles-2020-vd-20210603.csv,266,annee_source_absente|pays_deduit
2020-7118a0c6-1,2020,rgpd,RGPD,sur_place,sur place,CHU DE NANTES,CHU DE NANTES,NANTES,44,44,FR,,sante,sante_social,Santé,eef24aed__open-data-controles-2020-vd-20210603.csv,268,annee_source_absente|pays_deduit
2020-dee1ba2b-2,2020,rgpd,RGPD,en_ligne,en ligne,MINISTERE DES SOLIDARITES ET DE LA SANTE,MINISTERE DES SOLIDARITES ET DE LA SANTE,PARIS,75,75,FR,,sante,sante_social,Santé,eef24aed__open-data-controles-2020-vd-20210603.csv,270,annee_source_absente|pays_deduit|ligne_dupliquee
2020-aa648115-1,2020,rgpd,RGPD,sur_place,sur place,INSTITUT NATIONAL DE RECHERCHE EN INFORMATIQUE ET EN AUTOMATIQUE,INSTITUT NATIONAL DE RECHERCHE EN INFORMATIQUE ET EN AUTOMATIQUE,PARIS,75,75,FR,,sante,sante_social,Santé,eef24aed__open-data-controles-2020-vd-20210603.csv,271,annee_source_absente|organisme_multiligne|pays_deduit
2020-aa648115-2,2020,rgpd,RGPD,sur_place,sur place,INSTITUT NATIONAL DE RECHERCHE EN INFORMATIQUE ET EN AUTOMATIQUE,INSTITUT NATIONAL DE RECHERCHE EN INFORMATIQUE ET EN AUTOMATIQUE,PARIS,75,75,FR,,sante,sante_social,Santé,eef24aed__open-data-controles-2020-vd-20210603.csv,273,annee_source_absente|organisme_multiligne|pays_deduit|ligne_dupliquee
2020-c3d8492d-1,2020,rgpd,RGPD,en_ligne,en ligne,LUKO COVER,LUKO COVER,PARIS,75,75,FR,,assurance,assurance,Assurance,eef24aed__open-data-controles-2020-vd-20210603.csv,275,annee_source_absente|pays_deduit
2020-f04ea04f-1,2020,rgpd,RGPD,sur_audition,sur audition,LUKO COVER,LUKO COVER,PARIS,75,75,FR,,assurance,assurance,Assurance,eef24aed__open-data-controles-2020-vd-20210603.csv,276,annee_source_absente|pays_deduit
2020-c1acd77c-1,2020,rgpd,RGPD,en_ligne,en ligne,DISCORD,DISCORD,SAN FRANCISCO (USA),,,FR,,telecommunications,telecommunications,Télécommunications,eef24aed__open-data-controles-2020-vd-20210603.csv,277,annee_source_absente|departement_vide|pays_deduit
2020-8ac4edca-1,2020,rgpd,RGPD,sur_pieces,sur pièces,DISCORD,DISCORD,SAN FRANCISCO (USA),,,FR,,telecommunications,telecommunications,Télécommunications,eef24aed__open-data-controles-2020-vd-20210603.csv,278,annee_source_absente|departement_vide|pays_deduit
2020-815b07d1-1,2020,rgpd,RGPD,en_ligne,en ligne,AMALFI SAS,AMALFI SAS,MONTREUIL,93,93,FR,,assurance,assurance,Assurance,eef24aed__open-data-controles-2020-vd-20210603.csv,279,annee_source_absente|pays_deduit
2020-e37e5f3d-1,2020,rgpd,RGPD,sur_audition,sur audition,AMALFI SAS,AMALFI SAS,MONTREUIL,93,93,FR,,assurance,assurance,Assurance,eef24aed__open-data-controles-2020-vd-20210603.csv,280,annee_source_absente|pays_deduit
2020-ce1aecb9-1,2020,rgpd,RGPD,en_ligne,en ligne,ALAN,ALAN,PARIS,75,75,FR,,assurance,assurance,Assurance,eef24aed__open-data-controles-2020-vd-20210603.csv,281,annee_source_absente|pays_deduit
2020-8f36345d-1,2020,rgpd,RGPD,sur_audition,sur audition,ALAN,ALAN,PARIS,75,75,FR,,assurance,assurance,Assurance,eef24aed__open-data-controles-2020-vd-20210603.csv,282,annee_source_absente|pays_deduit
2020-7cf1453d-1,2020,rgpd,RGPD,en_ligne,en ligne,COMMUNE DE MAIZIÈRES-LÈS-METZ,COMMUNE DE MAIZIERES LES METZ,MAIZIÈRES-LÈS-METZ,57,57,FR,,collectivites_territoriales,collectivites_territoriales,Collectivités territoriales,eef24aed__open-data-controles-2020-vd-20210603.csv,283,annee_source_absente|pays_deduit
2020-010dc621-1,2020,rgpd,RGPD,en_ligne,en ligne,SHIFT TECHNOLOGY,SHIFT TECHNOLOGY,PARIS,75,75,FR,,assurance,assurance,Assurance,eef24aed__open-data-controles-2020-vd-20210603.csv,284,annee_source_absente|pays_deduit
2020-3e6235a2-1,2020,rgpd,RGPD,sur_pieces,sur pièces,MINISTÈRE DE L'INTERIEUR MINISTÈRE DES AFFAIRES ÉTRANGÈRES,MINISTERE DE L INTERIEUR MINISTERE DES AFFAIRES ETRANGERES,PARIS,75,75,FR,,regalien,etat_regalien,Régalien,eef24aed__open-data-controles-2020-vd-20210603.csv,285,annee_source_absente|organisme_multiligne|pays_deduit
2020-3e6235a2-2,2020,rgpd,RGPD,sur_pieces,sur pièces,MINISTÈRE DE L'INTERIEUR MINISTÈRE DES AFFAIRES ÉTRANGÈRES,MINISTERE DE L INTERIEUR MINISTERE DES AFFAIRES ETRANGERES,PARIS,75,75,FR,,regalien,etat_regalien,Régalien,eef24aed__open-data-controles-2020-vd-20210603.csv,287,annee_source_absente|organisme_multiligne|pays_deduit|ligne_dupliquee
2020-0d6847e8-1,2020,rgpd,RGPD,en_ligne,en ligne,LA FINANCIERE DES PAIEMENTS ELECTRONIQUES,LA FINANCIERE DES PAIEMENTS ELECTRONIQUES,CHARENTON-LE-PONT,94,94,FR,,banque,banque,Banque,eef24aed__open-data-controles-2020-vd-20210603.csv,289,annee_source_absente|pays_deduit
2021-9b7fd0c4-1,2021,rgpd,RGPD,en_ligne,en ligne,BRICO PRIVE,BRICO PRIVE,L'UNION,31,31,FR,FRANCE,commerce,commerce,Commerce,e0815411__open-data-controles-2021-v20220921.csv,5,annee_source_absente
2021-46e11ba1-1,2021,rgpd,RGPD,sur_pieces,sur pièces,CLUSTREE,CLUSTREE,PARIS,75,75,FR,FRANCE,travail,travail,Travail,e0815411__open-data-controles-2021-v20220921.csv,6,annee_source_absente
2021-5a7c85d0-1,2021,rgpd,RGPD,sur_audition,sur audition,MEDIAN CONSEIL,MEDIAN CONSEIL,PAU,64,64,FR,FRANCE,sante,sante_social,Santé,e0815411__open-data-controles-2021-v20220921.csv,7,annee_source_absente
2021-4fdebe35-1,2021,rgpd,RGPD,sur_place,sur place,MINISTÈRE DES ARMÉES,MINISTERE DES ARMEES,NIMES,30,30,FR,FRANCE,regalien,etat_regalien,Régalien,e0815411__open-data-controles-2021-v20220921.csv,8,annee_source_absente
2021-10e9f7ec-1,2021,rgpd,RGPD,en_ligne,en ligne,LE FIGARO,LE FIGARO,PARIS,75,75,FR,FRANCE,commerce,commerce,Commerce,e0815411__open-data-controles-2021-v20220921.csv,9,annee_source_absente
2021-10e9f7ec-2,2021,rgpd,RGPD,en_ligne,en ligne,LE FIGARO,LE FIGARO,PARIS,75,75,FR,FRANCE,commerce,commerce,Commerce,e0815411__open-data-controles-2021-v20220921.csv,10,annee_source_absente|ligne_dupliquee
2021-15a45d97-1,2021,rgpd,RGPD,en_ligne,en ligne,LES PUBLICATIONS CONDE NAST,LES PUBLICATIONS CONDE NAST,PARIS,75,75,FR,FRANCE,commerce,commerce,Commerce,e0815411__open-data-controles-2021-v20220921.csv,11,annee_source_absente
2021-15a45d97-2,2021,rgpd,RGPD,en_ligne,en ligne,LES PUBLICATIONS CONDE NAST,LES PUBLICATIONS CONDE NAST,PARIS,75,75,FR,FRANCE,commerce,commerce,Commerce,e0815411__open-data-controles-2021-v20220921.csv,12,annee_source_absente|ligne_dupliquee
2021-7108004b-1,2021,rgpd,RGPD,en_ligne,en ligne,TIK TOK,TIK TOK,LONDRES,,,GB,ROYAUME - UNI,telecommunications,telecommunications,Télécommunications,e0815411__open-data-controles-2021-v20220921.csv,13,annee_source_absente|departement_vide
2021-636c7a8b-1,2021,rgpd,RGPD,sur_place,sur place,SCRC Cabinet FER et C.A INVESTIGATION,SCRC CABINET FER ET C A INVESTIGATION,CLERMONT FERRAND,63,63,FR,FRANCE,commerce,commerce,Commerce,e0815411__open-data-controles-2021-v20220921.csv,14,annee_source_absente
2021-f1adc5f0-1,2021,rgpd,RGPD,sur_audition,sur audition,COSMO CONNECTED,COSMO CONNECTED,PARIS,75,75,FR,FRANCE,transports,transports,Transports,e0815411__open-data-controles-2021-v20220921.csv,15,annee_source_absente
2021-275ad4ff-1,2021,rgpd,RGPD,sur_place,sur place,CEGEDIM LOGICIELS MEDICAUX FRANCE GROUPEMENT POUR L'ELABORATION ET LA REALISATION DE STATISTIQUES (G.E.R.S) ALLIANCE SOFTWARE SMART RX SANTESTAT,CEGEDIM LOGICIELS MEDICAUX FRANCE GROUPEMENT POUR L ELABORATION ET LA REALISATION DE STATISTIQUES G E R S ALLIANCE SOFTWARE SMART RX SANTESTAT,CHAURAY,79,79,FR,FRANCE,sante,sante_social,Santé,e0815411__open-data-controles-2021-v20220921.csv,16,annee_source_absente|organisme_multiligne
2021-bc506afc-1,2021,rgpd,RGPD,sur_place,sur place,SANTESTAT,SANTESTAT,BOULOGNE-BILLANCOURT,92,92,FR,FRANCE,sante,sante_social,Santé,e0815411__open-data-controles-2021-v20220921.csv,25,annee_source_absente
2021-6d6326e5-1,2021,rgpd,RGPD,sur_place,sur place,CEGEDIM LOGICIELS MEDICAUX FRANCE (CLM FRANCE),CEGEDIM LOGICIELS MEDICAUX FRANCE CLM FRANCE,BOULOGNE-BILLANCOURT,92,92,FR,FRANCE,sante,sante_social,Santé,e0815411__open-data-controles-2021-v20220921.csv,26,annee_source_absente
2021-1efd1bd4-1,2021,rgpd,RGPD,sur_place,sur place,AGENCE RÉGIONALE DE SANTÉ NOUVELLE AQUITAINE,AGENCE REGIONALE DE SANTE NOUVELLE AQUITAINE,BORDEAUX,33,33,FR,FRANCE,sante,sante_social,Santé,e0815411__open-data-controles-2021-v20220921.csv,27,annee_source_absente|organisme_multiligne
2021-26a6dfb1-1,2021,rgpd,RGPD,sur_place,sur place,AGENCE RÉGIONALE DE SANTÉ CENTRE-VAL-DE-LOIRE,AGENCE REGIONALE DE SANTE CENTRE VAL DE LOIRE,ORLEANS,45,45,FR,FRANCE,sante,sante_social,Santé,e0815411__open-data-controles-2021-v20220921.csv,29,annee_source_absente|organisme_multiligne
2021-42158191-1,2021,rgpd,RGPD,sur_pieces,sur pièces,AGENCE RÉGIONALE DE SANTÉ ILE-DE-FRANCE,AGENCE REGIONALE DE SANTE ILE DE FRANCE,PARIS,75,75,FR,FRANCE,sante,sante_social,Santé,e0815411__open-data-controles-2021-v20220921.csv,31,annee_source_absente|organisme_multiligne
2021-42158191-2,2021,rgpd,RGPD,sur_pieces,sur pièces,AGENCE RÉGIONALE DE SANTÉ ILE-DE-FRANCE,AGENCE REGIONALE DE SANTE ILE DE FRANCE,PARIS,75,75,FR,FRANCE,sante,sante_social,Santé,e0815411__open-data-controles-2021-v20220921.csv,33,annee_source_absente|ligne_dupliquee
2021-c4a4842a-1,2021,rgpd,RGPD,sur_place,sur place,RECTORAT DE L'ACADÉMIE D'ORLÉANS - TOURS,RECTORAT DE L ACADEMIE D ORLEANS TOURS,ORLEANS,45,45,FR,FRANCE,sante,sante_social,Santé,e0815411__open-data-controles-2021-v20220921.csv,34,annee_source_absente
2021-b8500731-1,2021,rgpd,RGPD,sur_place,sur place,SELARL PHARMACIE BELLAICHE,SELARL PHARMACIE BELLAICHE,PARIS,75,75,FR,FRANCE,sante,sante_social,Santé,e0815411__open-data-controles-2021-v20220921.csv,35,annee_source_absente
2021-8294a375-1,2021,rgpd,RGPD,sur_place,sur place,SOCIÉTE PHARMACIE ACTIPHARMA,SOCIETE PHARMACIE ACTIPHARMA,PARIS,75,75,FR,FRANCE,sante,sante_social,Santé,e0815411__open-data-controles-2021-v20220921.csv,36,annee_source_absente
2021-adf0279e-1,2021,rgpd,RGPD,sur_place,sur place,ASSISTANCE PUBLIQUE-HOPITAUX DE PARIS,ASSISTANCE PUBLIQUE HOPITAUX DE PARIS,PARIS,75,75,FR,FRANCE,sante,sante_social,Santé,e0815411__open-data-controles-2021-v20220921.csv,37,annee_source_absente
2021-adf0279e-2,2021,rgpd,RGPD,sur_place,sur place,ASSISTANCE PUBLIQUE-HOPITAUX DE PARIS,ASSISTANCE PUBLIQUE HOPITAUX DE PARIS,PARIS,75,75,FR,FRANCE,sante,sante_social,Santé,e0815411__open-data-controles-2021-v20220921.csv,38,annee_source_absente|ligne_dupliquee
2021-44a3fac3-1,2021,rgpd,RGPD,sur_place,sur place,MINISTÈRE DE L'INTÉRIEUR,MINISTERE DE L INTERIEUR,LOGNES,77,77,FR,FRANCE,regalien,etat_regalien,Régalien,e0815411__open-data-controles-2021-v20220921.csv,39,annee_source_absente
2021-da78f0a9-1,2021,rgpd,RGPD,sur_place,sur place,PRÉFECTURE DU NORD,PREFECTURE DU NORD,LILLE,59,59,FR,FRANCE,regalien,etat_regalien,Régalien,e0815411__open-data-controles-2021-v20220921.csv,40,annee_source_absente
2021-a70495cc-1,2021,rgpd,RGPD,sur_place,sur place,GMF ASSURANCES,GMF ASSURANCES,LEVALLOIS-PERRET,92,92,FR,FRANCE,regalien,etat_regalien,Régalien,e0815411__open-data-controles-2021-v20220921.csv,41,annee_source_absente
2021-3e86017e-1,2021,rgpd,RGPD,sur_place,sur place,PRÉFECTURE DE SEINE-MARITIME,PREFECTURE DE SEINE MARITIME,ROUEN,76,76,FR,FRANCE,regalien,etat_regalien,Régalien,e0815411__open-data-controles-2021-v20220921.csv,42,annee_source_absente
2021-1a1f44cb-1,2021,rgpd,RGPD,sur_place,sur place,HÔTEL DE POLICE DE CHARTRES,HOTEL DE POLICE DE CHARTRES,CHARTRES,28,28,FR,FRANCE,regalien,etat_regalien,Régalien,e0815411__open-data-controles-2021-v20220921.csv,43,annee_source_absente
2021-7c4b9e30-1,2021,rgpd,RGPD,sur_audition,sur audition,COMUTO,COMUTO,PARIS,75,75,FR,FRANCE,travail,travail,Travail,e0815411__open-data-controles-2021-v20220921.csv,44,annee_source_absente
2021-a43f6949-1,2021,rgpd,RGPD,sur_pieces,sur pièces,LIME,LIME,PARIS,75,75,FR,FRANCE,transports,transports,Transports,e0815411__open-data-controles-2021-v20220921.csv,45,annee_source_absente
2021-d46f4b29-1,2021,rgpd,RGPD,sur_pieces,sur pièces,DOCTISSIMO,DOCTISSIMO,PARIS,75,75,FR,FRANCE,sante,sante_social,Santé,e0815411__open-data-controles-2021-v20220921.csv,46,annee_source_absente
2021-c2e6899a-1,2021,rgpd,RGPD,sur_place,sur place,MINISTÈRE DE L'INTÉRIEUR,MINISTERE DE L INTERIEUR,ECULLY,69,69,FR,FRANCE,regalien,etat_regalien,Régalien,e0815411__open-data-controles-2021-v20220921.csv,47,annee_source_absente
2021-8fd62cb0-1,2021,rgpd,RGPD,sur_place,sur place,MINISTÈRE DE L'INTÉRIEUR,MINISTERE DE L INTERIEUR,PONTOISE,95,95,FR,FRANCE,regalien,etat_regalien,Régalien,e0815411__open-data-controles-2021-v20220921.csv,49,annee_source_absente
2021-4eed9a1c-1,2021,rgpd,RGPD,sur_place,sur place,HOTEL DE POLICE DE LILLE,HOTEL DE POLICE DE LILLE,LILLE,59,59,FR,FRANCE,regalien,etat_regalien,Régalien,e0815411__open-data-controles-2021-v20220921.csv,50,annee_source_absente
2021-ff3c2bf1-1,2021,rgpd,RGPD,sur_place,sur place,MINISTÈRE DE L'INTÉRIEUR,MINISTERE DE L INTERIEUR,ROISSY EN FRANCE,95,95,FR,FRANCE,regalien,etat_regalien,Régalien,e0815411__open-data-controles-2021-v20220921.csv,51,annee_source_absente
2021-faa0016e-1,2021,rgpd,RGPD,sur_audition,sur audition,M.F-TEL (TRANSCASH),M F TEL TRANSCASH,ALLAUCH,13,13,FR,FRANCE,banque,banque,Banque,e0815411__open-data-controles-2021-v20220921.csv,52,annee_source_absente
2021-b57ae52f-1,2021,rgpd,RGPD,en_ligne,en ligne,VERIZON,VERIZON,SUNNYVALE,,,US,ETATS-UNIS,commerce,commerce,Commerce,e0815411__open-data-controles-2021-v20220921.csv,53,annee_source_absente|departement_vide
2021-610d7436-1,2021,rgpd,RGPD,sur_audition,sur audition,VERIZON,VERIZON,SUNNYVALE,,,US,ETATS-UNIS,commerce,commerce,Commerce,e0815411__open-data-controles-2021-v20220921.csv,54,annee_source_absente|departement_vide
2021-3a7daf7d-1,2021,rgpd,RGPD,sur_audition,sur audition,MICROSOFT FRANCE,MICROSOFT FRANCE,PARIS,75,75,FR,FRANCE,commerce,commerce,Commerce,e0815411__open-data-controles-2021-v20220921.csv,55,annee_source_absente
2021-715cac0d-1,2021,rgpd,RGPD,en_ligne,en ligne,MICROSOFT FRANCE,MICROSOFT FRANCE,PARIS,75,75,FR,FRANCE,commerce,commerce,Commerce,e0815411__open-data-controles-2021-v20220921.csv,56,annee_source_absente
2021-b0d9ee7b-1,2021,rgpd,RGPD,sur_pieces,sur pièces,SQUARED,SQUARED,COLOMBELLES,14,14,FR,FRANCE,statistiques_publiques,etat_regalien,Statistiques et enquêtes publiques,e0815411__open-data-controles-2021-v20220921.csv,57,annee_source_absente
2021-e3f4d531-1,2021,rgpd,RGPD,sur_audition,sur audition,QUATREM / MALAKOFF HUMANIS PREVOYANCE,QUATREM MALAKOFF HUMANIS PREVOYANCE,PARIS,75,75,FR,FRANCE,sante,sante_social,Santé,e0815411__open-data-controles-2021-v20220921.csv,58,annee_source_absente
2021-2099a039-1,2021,rgpd,RGPD,sur_place,sur place,QUATREM / MALAKOFF HUMANIS PREVOYANCE,QUATREM MALAKOFF HUMANIS PREVOYANCE,PARIS,75,75,FR,FRANCE,sante,sante_social,Santé,e0815411__open-data-controles-2021-v20220921.csv,59,annee_source_absente
2021-5a40588b-1,2021,rgpd,RGPD,sur_pieces,sur pièces,CONSEIL NATIONAL DES ACTIVITÉS PRIVÉES DE SECURITÉ,CONSEIL NATIONAL DES ACTIVITES PRIVEES DE SECURITE,PARIS,75,75,FR,FRANCE,regalien,etat_regalien,Régalien,e0815411__open-data-controles-2021-v20220921.csv,60,annee_source_absente
2021-3a7daf7d-2,2021,rgpd,RGPD,sur_audition,sur audition,MICROSOFT FRANCE,MICROSOFT FRANCE,PARIS,75,75,FR,FRANCE,commerce,commerce,Commerce,e0815411__open-data-controles-2021-v20220921.csv,61,annee_source_absente|ligne_dupliquee
2021-8c7bd95e-1,2021,rgpd,RGPD,sur_audition,sur audition,LEOCARE,LEOCARE,PARIS,75,75,FR,FRANCE,assurance,assurance,Assurance,e0815411__open-data-controles-2021-v20220921.csv,62,annee_source_absente
2021-687e1d92-1,2021,rgpd,RGPD,sur_audition,sur audition,COVERD,COVERD,PARIS,75,75,FR,FRANCE,assurance,assurance,Assurance,e0815411__open-data-controles-2021-v20220921.csv,63,annee_source_absente
2021-b7970d27-1,2021,rgpd,RGPD,sur_pieces,sur pièces,KG COM,KG COM,VILLEURBANNE,69,69,FR,FRANCE,commerce,commerce,Commerce,e0815411__open-data-controles-2021-v20220921.csv,64,annee_source_absente
2021-3d9b8404-1,2021,rgpd,RGPD,en_ligne,en ligne,KG COM,KG COM,VILLEURBANNE,69,69,FR,FRANCE,commerce,commerce,Commerce,e0815411__open-data-controles-2021-v20220921.csv,65,annee_source_absente
2021-98b84d6c-1,2021,rgpd,RGPD,sur_place,sur place,KG COM,KG COM,VILLEURBANNE,69,69,FR,FRANCE,commerce,commerce,Commerce,e0815411__open-data-controles-2021-v20220921.csv,66,annee_source_absente
2021-3ced77c0-1,2021,rgpd,RGPD,en_ligne,en ligne,MINISTÈRE DES SOLIDARITÉS ET DE LA SANTÉ,MINISTERE DES SOLIDARITES ET DE LA SANTE,PARIS,75,75,FR,FRANCE,sante,sante_social,Santé,e0815411__open-data-controles-2021-v20220921.csv,67,annee_source_absente
2021-9dcd2c06-1,2021,rgpd,RGPD,sur_place,sur place,MINISTÈRE DES SOLIDARITÉS ET DE LA SANTÉ,MINISTERE DES SOLIDARITES ET DE LA SANTE,PARIS,75,75,FR,FRANCE,sante,sante_social,Santé,e0815411__open-data-controles-2021-v20220921.csv,68,annee_source_absente
2021-037f93c1-1,2021,rgpd,RGPD,sur_place,sur place,MINISTÈRE DE L'INTÉRIEUR,MINISTERE DE L INTERIEUR,ISSY LES MOULINEAUX,92,92,FR,FRANCE,regalien,etat_regalien,Régalien,e0815411__open-data-controles-2021-v20220921.csv,69,annee_source_absente
2021-896db8d8-1,2021,rgpd,RGPD,sur_place,sur place,MINISTÈRE DE L'INTÉRIEUR,MINISTERE DE L INTERIEUR,NANTES,44,44,FR,FRANCE,regalien,etat_regalien,Régalien,e0815411__open-data-controles-2021-v20220921.csv,70,annee_source_absente
2021-2f1f649d-1,2021,rgpd,RGPD,sur_pieces,sur pièces,MINISTÈRE DE L'INTÉRIEUR,MINISTERE DE L INTERIEUR,PARIS,75,75,FR,FRANCE,regalien,etat_regalien,Régalien,e0815411__open-data-controles-2021-v20220921.csv,71,annee_source_absente
2021-429111e7-1,2021,rgpd,RGPD,sur_place,sur place,MINISTÈRE DE L'INTÉRIEUR,MINISTERE DE L INTERIEUR,NANTERRE,92,92,FR,FRANCE,regalien,etat_regalien,Régalien,e0815411__open-data-controles-2021-v20220921.csv,72,annee_source_absente
2021-2574ab0b-1,2021,rgpd,RGPD,sur_place,sur place,MINISTÈRE DE L'EUROPE ET DES AFFAIRES ÉTRANGÈRES,MINISTERE DE L EUROPE ET DES AFFAIRES ETRANGERES,NANTES,44,44,FR,FRANCE,regalien,etat_regalien,Régalien,e0815411__open-data-controles-2021-v20220921.csv,73,annee_source_absente
2021-2f1f649d-2,2021,rgpd,RGPD,sur_pieces,sur pièces,MINISTÈRE DE L'INTÉRIEUR,MINISTERE DE L INTERIEUR,PARIS,75,75,FR,FRANCE,regalien,etat_regalien,Régalien,e0815411__open-data-controles-2021-v20220921.csv,74,annee_source_absente|ligne_dupliquee
2021-d7b8e617-1,2021,rgpd,RGPD,sur_audition,sur audition,LA FINANCIÈRE DES PAIEMENTS ÉLECTRONIQUES,LA FINANCIERE DES PAIEMENTS ELECTRONIQUES,CHARENTON-LE-PONT,94,94,FR,FRANCE,banque,banque,Banque,e0815411__open-data-controles-2021-v20220921.csv,75,annee_source_absente
2021-11fcf3cc-1,2021,rgpd,RGPD,en_ligne,en ligne,BIOTYFULL,BIOTYFULL,SURESNES,92,92,FR,FRANCE,commerce,commerce,Commerce,e0815411__open-data-controles-2021-v20220921.csv,76,annee_source_absente
2021-f4b11496-1,2021,rgpd,RGPD,sur_audition,sur audition,BIOTYFULL,BIOTYFULL,PARIS,75,75,FR,FRANCE,commerce,commerce,Commerce,e0815411__open-data-controles-2021-v20220921.csv,77,annee_source_absente
2021-f3cb51da-1,2021,rgpd,RGPD,en_ligne,en ligne,LIBÉRATION,LIBERATION,PARIS,75,75,FR,FRANCE,presse,presse,Presse,e0815411__open-data-controles-2021-v20220921.csv,78,annee_source_absente
2021-c2d7067f-1,2021,rgpd,RGPD,sur_pieces,sur pièces,LIBÉRATION,LIBERATION,PARIS,75,75,FR,FRANCE,presse,presse,Presse,e0815411__open-data-controles-2021-v20220921.csv,79,annee_source_absente
2021-f3cb51da-2,2021,rgpd,RGPD,en_ligne,en ligne,LIBÉRATION,LIBERATION,PARIS,75,75,FR,FRANCE,presse,presse,Presse,e0815411__open-data-controles-2021-v20220921.csv,80,annee_source_absente|ligne_dupliquee
2021-c2d7067f-2,2021,rgpd,RGPD,sur_pieces,sur pièces,LIBÉRATION,LIBERATION,PARIS,75,75,FR,FRANCE,presse,presse,Presse,e0815411__open-data-controles-2021-v20220921.csv,81,annee_source_absente|ligne_dupliquee
2021-533eaf5c-1,2021,rgpd,RGPD,en_ligne,en ligne,CHAPITRE.COM,CHAPITRE COM,PARIS,75,75,FR,FRANCE,culture,education_culture_sport,Culture,e0815411__open-data-controles-2021-v20220921.csv,82,annee_source_absente
2021-30d533b4-1,2021,rgpd,RGPD,sur_pieces,sur pièces,CHAPITRE.COM,CHAPITRE COM,PARIS,75,75,FR,FRANCE,culture,education_culture_sport,Culture,e0815411__open-data-controles-2021-v20220921.csv,83,annee_source_absente
2021-533eaf5c-2,2021,rgpd,RGPD,en_ligne,en ligne,CHAPITRE.COM,CHAPITRE COM,PARIS,75,75,FR,FRANCE,culture,education_culture_sport,Culture,e0815411__open-data-controles-2021-v20220921.csv,84,annee_source_absente|ligne_dupliquee
2021-31cb83a4-1,2021,rgpd,RGPD,en_ligne,en ligne,SALESFORCE.COM FRANCE,SALESFORCE COM FRANCE,PARIS,75,75,FR,FRANCE,commerce,commerce,Commerce,e0815411__open-data-controles-2021-v20220921.csv,85,annee_source_absente
2021-258cff0e-1,2021,rgpd,RGPD,sur_audition,sur audition,SALESFORCE.COM FRANCE,SALESFORCE COM FRANCE,PARIS,75,75,FR,FRANCE,commerce,commerce,Commerce,e0815411__open-data-controles-2021-v20220921.csv,86,annee_source_absente
2021-fa996cca-1,2021,rgpd,RGPD,sur_audition,sur audition,AUTOBIZ SAS,AUTOBIZ SAS,PARIS,75,75,FR,FRANCE,commerce,commerce,Commerce,e0815411__open-data-controles-2021-v20220921.csv,87,annee_source_absente
2021-5d585669-1,2021,rgpd,RGPD,sur_audition,sur audition,MARKETING IMMOBILIER,MARKETING IMMOBILIER,PARIS,75,75,FR,FRANCE,commerce,commerce,Commerce,e0815411__open-data-controles-2021-v20220921.csv,88,annee_source_absente
2021-80035523-1,2021,rgpd,RGPD,sur_pieces,sur pièces,SAUCEAMERICA.COM,SAUCEAMERICA COM,,,,FR,,inconnu,autres,,e0815411__open-data-controles-2021-v20220921.csv,89,annee_source_absente|departement_vide|ville_vide|pays_vide|secteur_vide
2021-00dc913e-1,2021,rgpd,RGPD,sur_place,sur place,KAREN OPTIC,KAREN OPTIC,CHELLES,77,77,FR,FRANCE,commerce,commerce,Commerce,e0815411__open-data-controles-2021-v20220921.csv,90,annee_source_absente
2021-6b113b2d-1,2021,rgpd,RGPD,sur_place,sur place,KAREN OPTIC,KAREN OPTIC,LAGNY-SUR-MARNE,77,77,FR,FRANCE,commerce,commerce,Commerce,e0815411__open-data-controles-2021-v20220921.csv,91,annee_source_absente
2021-de327fdd-1,2021,rgpd,RGPD,en_ligne,en ligne,ENI GAS & POWER FRANCE,ENI GAS POWER FRANCE,LEVALLOIS-PERRET,92,92,FR,FRANCE,energie,energie_environnement,Energie,e0815411__open-data-controles-2021-v20220921.csv,92,annee_source_absente
2021-afe0f362-1,2021,rgpd,RGPD,sur_pieces,sur pièces,ENI GAS & POWER FRANCE,ENI GAS POWER FRANCE,LEVALLOIS-PERRET,92,92,FR,FRANCE,energie,energie_environnement,Energie,e0815411__open-data-controles-2021-v20220921.csv,93,annee_source_absente
2021-2c0bd555-1,2021,rgpd,RGPD,sur_audition,sur audition,MY TRAFFIC,MY TRAFFIC,PARIS,75,75,FR,FRANCE,commerce,commerce,Commerce,e0815411__open-data-controles-2021-v20220921.csv,94,annee_source_absente
2021-c97ff295-1,2021,rgpd,RGPD,sur_pieces,sur pièces,KORIAN,KORIAN,PARIS,75,75,FR,FRANCE,sante,sante_social,Santé,e0815411__open-data-controles-2021-v20220921.csv,95,annee_source_absente
2021-280153ac-1,2021,rgpd,RGPD,sur_pieces,sur pièces,LEDGER,LEDGER,PARIS,75,75,FR,FRANCE,commerce,commerce,Commerce,e0815411__open-data-controles-2021-v20220921.csv,96,annee_source_absente
2021-186a373b-1,2021,rgpd,RGPD,sur_place,sur place,LEDGER,LEDGER,PARIS,75,75,FR,FRANCE,commerce,commerce,Commerce,e0815411__open-data-controles-2021-v20220921.csv,97,annee_source_absente
2021-1ff96c15-1,2021,rgpd,RGPD,sur_pieces,sur pièces,ITM ALIMENTAIRE INTERNATIONAL,ITM ALIMENTAIRE INTERNATIONAL,PARIS,75,75,FR,FRANCE,commerce,commerce,Commerce,e0815411__open-data-controles-2021-v20220921.csv,98,annee_source_absente
2021-3bff781c-1,2021,rgpd,RGPD,en_ligne,en ligne,WESIGNIT,WESIGNIT,PARIS,75,75,FR,FRANCE,associatif,associatif,Associatif,e0815411__open-data-controles-2021-v20220921.csv,99,annee_source_absente
2021-35c4d2f5-1,2021,rgpd,RGPD,sur_audition,sur audition,WESIGNIT,WESIGNIT,PARIS,75,75,FR,FRANCE,associatif,associatif,Associatif,e0815411__open-data-controles-2021-v20220921.csv,100,annee_source_absente
2021-e01f2bda-1,2021,rgpd,RGPD,en_ligne,en ligne,GROUPE CANAL PLUS,GROUPE CANAL PLUS,ISSY LES MOULINEAUX,92,92,FR,FRANCE,commerce,commerce,Commerce,e0815411__open-data-controles-2021-v20220921.csv,101,annee_source_absente
2021-07387494-1,2021,rgpd,RGPD,sur_pieces,sur pièces,GROUPE CANAL PLUS,GROUPE CANAL PLUS,ISSY LES MOULINEAUX,92,92,FR,FRANCE,commerce,commerce,Commerce,e0815411__open-data-controles-2021-v20220921.csv,102,annee_source_absente
2021-82114c8f-1,2021,rgpd,RGPD,sur_pieces,sur pièces,"MINISTÈRE DE L'ÉDUCATION NATIONALE, DE LA JEUNESSE ET DES SPORTS",MINISTERE DE L EDUCATION NATIONALE DE LA JEUNESSE ET DES SPORTS,PARIS,75,75,FR,FRANCE,education,education_culture_sport,Education,e0815411__open-data-controles-2021-v20220921.csv,103,annee_source_absente
2021-828e549d-1,2021,rgpd,RGPD,sur_pieces,sur pièces,CORNERSTONE ONDEMAND GLOBAL OPERATIONS INC.,CORNERSTONE ONDEMAND GLOBAL OPERATIONS INC,PARIS,75,75,FR,FRANCE,travail,travail,Travail,e0815411__open-data-controles-2021-v20220921.csv,104,annee_source_absente
2021-828e549d-2,2021,rgpd,RGPD,sur_pieces,sur pièces,CORNERSTONE ONDEMAND GLOBAL OPERATIONS INC.,CORNERSTONE ONDEMAND GLOBAL OPERATIONS INC,PARIS,75,75,FR,FRANCE,travail,travail,Travail,e0815411__open-data-controles-2021-v20220921.csv,105,annee_source_absente|ligne_dupliquee
2021-a6a88b0a-1,2021,rgpd,RGPD,en_ligne,en ligne,EDF,EDF,PARIS,75,75,FR,FRANCE,energie,energie_environnement,Energie,e0815411__open-data-controles-2021-v20220921.csv,106,annee_source_absente
2021-69c3817d-1,2021,rgpd,RGPD,sur_pieces,sur pièces,EDF,EDF,PARIS,75,75,FR,FRANCE,energie,energie_environnement,Energie,e0815411__open-data-controles-2021-v20220921.csv,107,annee_source_absente
2021-2f549c17-1,2021,rgpd,RGPD,en_ligne,en ligne,SOCIÉTE GÉNERALE,SOCIETE GENERALE,PARIS,75,75,FR,FRANCE,banque,banque,Banque,e0815411__open-data-controles-2021-v20220921.csv,108,annee_source_absente
2021-fdceba12-1,2021,rgpd,RGPD,sur_pieces,sur pièces,SOCIÉTE GÉNERALE,SOCIETE GENERALE,PARIS,75,75,FR,FRANCE,banque,banque,Banque,e0815411__open-data-controles-2021-v20220921.csv,109,annee_source_absente
2021-5ec79656-1,2021,rgpd,RGPD,en_ligne,en ligne,ENGIE,ENGIE,COURBEVOIE,92,92,FR,FRANCE,energie,energie_environnement,Energie,e0815411__open-data-controles-2021-v20220921.csv,110,annee_source_absente
2021-73fe7385-1,2021,rgpd,RGPD,sur_pieces,sur pièces,ENGIE,ENGIE,COURBEVOIE,92,92,FR,FRANCE,energie,energie_environnement,Energie,e0815411__open-data-controles-2021-v20220921.csv,111,annee_source_absente
2021-51de19c3-1,2021,rgpd,RGPD,sur_pieces,sur pièces,LEPAPE,LEPAPE,PARIS,75,75,FR,FRANCE,commerce,commerce,Commerce,e0815411__open-data-controles-2021-v20220921.csv,112,annee_source_absente
2021-2e03ebb2-1,2021,rgpd,RGPD,sur_audition,sur audition,LINK MOBILITY,LINK MOBILITY,BOULOGNE-BILLANCOURT,92,92,FR,FRANCE,commerce,commerce,Commerce,e0815411__open-data-controles-2021-v20220921.csv,113,annee_source_absente
2021-3cb38132-1,2021,rgpd,RGPD,sur_audition,sur audition,ASSURANCES DAUPHIN,ASSURANCES DAUPHIN,SAINT-CLOUD,92,92,FR,FRANCE,commerce,commerce,Commerce,e0815411__open-data-controles-2021-v20220921.csv,114,annee_source_absente
2021-53832f56-1,2021,rgpd,RGPD,sur_audition,sur audition,MINISTÈRE DES SOLIDARITÉS ET DE LA SANTÉ CNAM,MINISTERE DES SOLIDARITES ET DE LA SANTE CNAM,PARIS,75,75,FR,FRANCE,sante,sante_social,Santé,e0815411__open-data-controles-2021-v20220921.csv,115,annee_source_absente|organisme_multiligne
2021-ba4f6cf3-1,2021,rgpd,RGPD,sur_place,sur place,Maison des associations du 7ème,MAISON DES ASSOCIATIONS DU 7EME,PARIS,75,75,FR,FRANCE,associatif,associatif,Associatif,e0815411__open-data-controles-2021-v20220921.csv,117,annee_source_absente
2021-b45c62a6-1,2021,rgpd,RGPD,sur_place,sur place,CENTRE DE VACCINATION DU STADE DE FRANCE,CENTRE DE VACCINATION DU STADE DE FRANCE,SAINT-DENIS,93,93,FR,FRANCE,sante,sante_social,Santé,e0815411__open-data-controles-2021-v20220921.csv,118,annee_source_absente
2021-a4ee70d8-1,2021,rgpd,RGPD,sur_place,sur place,CENTRE DE VACCINATION SITE HOSPITALIER MARC JACQUET,CENTRE DE VACCINATION SITE HOSPITALIER MARC JACQUET,MELUN,77,77,FR,FRANCE,sante,sante_social,Santé,e0815411__open-data-controles-2021-v20220921.csv,119,annee_source_absente
2021-9dcd2c06-2,2021,rgpd,RGPD,sur_place,sur place,MINISTÈRE DES SOLIDARITÉS ET DE LA SANTÉ,MINISTERE DES SOLIDARITES ET DE LA SANTE,PARIS,75,75,FR,FRANCE,sante,sante_social,Santé,e0815411__open-data-controles-2021-v20220921.csv,120,annee_source_absente|ligne_dupliquee
2021-f438023b-1,2021,rgpd,RGPD,sur_audition,sur audition,ALPHALINK DEVELOPPEMENT,ALPHALINK DEVELOPPEMENT,PORNIC,44,44,FR,FRANCE,commerce,commerce,Commerce,e0815411__open-data-controles-2021-v20220921.csv,121,annee_source_absente
2021-edb2193b-1,2021,rgpd,RGPD,en_ligne,en ligne,DEDALUS FRANCE DEDALUS BIOLOGIE,DEDALUS FRANCE DEDALUS BIOLOGIE,PLESSIS-ROBINSON,92,92,FR,FRANCE,sante,sante_social,Santé,e0815411__open-data-controles-2021-v20220921.csv,122,annee_source_absente|organisme_multiligne
2021-9b261573-1,2021,rgpd,RGPD,sur_pieces,sur pièces,DEDALUS FRANCE DEDALUS BIOLOGIE,DEDALUS FRANCE DEDALUS BIOLOGIE,PLESSIS-ROBINSON,92,92,FR,FRANCE,sante,sante_social,Santé,e0815411__open-data-controles-2021-v20220921.csv,124,annee_source_absente|organisme_multiligne
2021-044f4852-1,2021,rgpd,RGPD,sur_place,sur place,DEDALUS FRANCE DEDALUS BIOLOGIE,DEDALUS FRANCE DEDALUS BIOLOGIE,PLESSIS-ROBINSON,92,92,FR,FRANCE,sante,sante_social,Santé,e0815411__open-data-controles-2021-v20220921.csv,126,annee_source_absente|organisme_multiligne
2021-054de672-1,2021,rgpd,RGPD,sur_pieces,sur pièces,AIR FRANCE,AIR FRANCE,TREMBLAY EN FRANCE,93,93,FR,FRANCE,transports,transports,Transports,e0815411__open-data-controles-2021-v20220921.csv,128,annee_source_absente
2021-edb2193b-2,2021,rgpd,RGPD,en_ligne,en ligne,DEDALUS FRANCE DEDALUS BIOLOGIE,DEDALUS FRANCE DEDALUS BIOLOGIE,PLESSIS-ROBINSON,92,92,FR,FRANCE,sante,sante_social,Santé,e0815411__open-data-controles-2021-v20220921.csv,129,annee_source_absente|organisme_multiligne|ligne_dupliquee
2021-fb6ca25d-1,2021,rgpd,RGPD,en_ligne,en ligne,GIE INFOGREFFE,GIE INFOGREFFE,VINCENNES,94,94,FR,FRANCE,regalien,etat_regalien,Régalien,e0815411__open-data-controles-2021-v20220921.csv,131,annee_source_absente
2021-809161ed-1,2021,rgpd,RGPD,sur_place,sur place,LABORIZON BRETAGNE,LABORIZON BRETAGNE,RENNES,35,35,FR,FRANCE,sante,sante_social,Santé,e0815411__open-data-controles-2021-v20220921.csv,132,annee_source_absente
2021-02c96bef-1,2021,rgpd,RGPD,sur_pieces,sur pièces,LABORIZON BRETAGNE,LABORIZON BRETAGNE,REDON,35,35,FR,FRANCE,sante,sante_social,Santé,e0815411__open-data-controles-2021-v20220921.csv,133,annee_source_absente
2021-69f646c7-1,2021,rgpd,RGPD,sur_place,sur place,LABORATOIRE BIOALLIANCE DES DROITS DE L’HOMME,LABORATOIRE BIOALLIANCE DES DROITS DE LHOMME,ORLEANS,45,45,FR,FRANCE,sante,sante_social,Santé,e0815411__open-data-controles-2021-v20220921.csv,134,annee_source_absente
2021-6c6e5a1a-1,2021,rgpd,RGPD,sur_place,sur place,MCCANN ERICKSON PARIS,MCCANN ERICKSON PARIS,NEUILLY-SUR-SEINE,92,92,FR,FRANCE,travail,travail,Travail,e0815411__open-data-controles-2021-v20220921.csv,135,annee_source_absente
2021-f98201ee-1,2021,rgpd,RGPD,sur_pieces,sur pièces,MCCANN ERICKSON PARIS,MCCANN ERICKSON PARIS,NEUILLY-SUR-SEINE,92,92,FR,FRANCE,travail,travail,Travail,e0815411__open-data-controles-2021-v20220921.csv,136,annee_source_absente
2021-1d704dd3-1,2021,rgpd,RGPD,sur_pieces,sur pièces,MCDONALD'S FRANCE SERVICES,MCDONALD S FRANCE SERVICES,GUYANCOURT,78,78,FR,FRANCE,commerce,commerce,Commerce,e0815411__open-data-controles-2021-v20220921.csv,137,annee_source_absente
2021-d712cf84-1,2021,rgpd,RGPD,sur_place,sur place,CABINET B-A CONSEIL,CABINET B A CONSEIL,ARGENTEUIL,95,95,FR,FRANCE,commerce,commerce,Commerce,e0815411__open-data-controles-2021-v20220921.csv,138,annee_source_absente
2021-8baed7dd-1,2021,rgpd,RGPD,sur_pieces,sur pièces,ASSISTANCE PUBLIQUE-HOPITAUX DE PARIS,ASSISTANCE PUBLIQUE HOPITAUX DE PARIS,PARIS,75,75,FR,FRANCE,sante,sante_social,Santé,e0815411__open-data-controles-2021-v20220921.csv,139,annee_source_absente
2021-3a6e3aed-1,2021,rgpd,RGPD,sur_pieces,sur pièces,MINISTÈRE DES SOLIDARITÉS ET DE LA SANTÉ,MINISTERE DES SOLIDARITES ET DE LA SANTE,PARIS,75,75,FR,FRANCE,sante,sante_social,Santé,e0815411__open-data-controles-2021-v20220921.csv,140,annee_source_absente
2021-d6c725b5-1,2021,rgpd,RGPD,sur_pieces,sur pièces,MINISTÈRE DE L'ÉDUCATION NATIONALE,MINISTERE DE L EDUCATION NATIONALE,PARIS,75,75,FR,FRANCE,sante,sante_social,Santé,e0815411__open-data-controles-2021-v20220921.csv,141,annee_source_absente
2021-ea38b0cb-1,2021,rgpd,RGPD,en_ligne,en ligne,MCDONALD'S FRANCE SERVICES,MCDONALD S FRANCE SERVICES,GUYANCOURT,78,78,FR,FRANCE,commerce,commerce,Commerce,e0815411__open-data-controles-2021-v20220921.csv,142,annee_source_absente
2021-c7731521-1,2021,rgpd,RGPD,sur_pieces,sur pièces,MCDONALD'S FORCE,MCDONALD S FORCE,BOULOGNE-BILLANCOURT,92,92,FR,FRANCE,commerce,commerce,Commerce,e0815411__open-data-controles-2021-v20220921.csv,143,annee_source_absente
2021-1d704dd3-2,2021,rgpd,RGPD,sur_pieces,sur pièces,MCDONALD'S FRANCE SERVICES,MCDONALD S FRANCE SERVICES,GUYANCOURT,78,78,FR,FRANCE,commerce,commerce,Commerce,e0815411__open-data-controles-2021-v20220921.csv,144,annee_source_absente|ligne_dupliquee
2021-9f35056f-1,2021,rgpd,RGPD,en_ligne,en ligne,LBC FRANCE,LBC FRANCE,PARIS,75,75,FR,FRANCE,commerce,commerce,Commerce,e0815411__open-data-controles-2021-v20220921.csv,145,annee_source_absente
2021-26362213-1,2021,rgpd,RGPD,sur_pieces,sur pièces,LBC FRANCE,LBC FRANCE,PARIS,75,75,FR,FRANCE,commerce,commerce,Commerce,e0815411__open-data-controles-2021-v20220921.csv,147,annee_source_absente
2021-ecd3e47c-1,2021,rgpd,RGPD,en_ligne,en ligne,FACEBOOK,FACEBOOK,DUBLIN,,,IE,IRLANDE,telecommunications,telecommunications,Télécommunications,e0815411__open-data-controles-2021-v20220921.csv,149,annee_source_absente|departement_vide
2021-301eb740-1,2021,rgpd,RGPD,sur_pieces,sur pièces,FACEBOOK FRANCE,FACEBOOK FRANCE,PARIS,75,75,FR,FRANCE,telecommunications,telecommunications,Télécommunications,e0815411__open-data-controles-2021-v20220921.csv,150,annee_source_absente
2021-b1ba3168-1,2021,rgpd,RGPD,sur_pieces,sur pièces,FACEBOOK IRELAND,FACEBOOK IRELAND,DUBLIN,,,IE,IRLANDE,telecommunications,telecommunications,Télécommunications,e0815411__open-data-controles-2021-v20220921.csv,151,annee_source_absente|departement_vide
2021-3d4195ab-1,2021,rgpd,RGPD,en_ligne,en ligne,KOMPAR,KOMPAR,PARIS,75,75,FR,FRANCE,commerce,commerce,Commerce,e0815411__open-data-controles-2021-v20220921.csv,152,annee_source_absente
2021-25f9925f-1,2021,rgpd,RGPD,en_ligne,en ligne,PEPPER FRANCE,PEPPER FRANCE,LYON,69,69,FR,FRANCE,commerce,commerce,Commerce,e0815411__open-data-controles-2021-v20220921.csv,153,annee_source_absente
2021-9a9e64cd-1,2021,rgpd,RGPD,sur_pieces,sur pièces,PEPPER FRANCE,PEPPER FRANCE,LYON,69,69,FR,FRANCE,commerce,commerce,Commerce,e0815411__open-data-controles-2021-v20220921.csv,154,annee_source_absente
2021-3bb5ba7d-1,2021,rgpd,RGPD,en_ligne,en ligne,ORANGE,ORANGE,PARIS,75,75,FR,FRANCE,telecommunications,telecommunications,Télécommunications,e0815411__open-data-controles-2021-v20220921.csv,155,annee_source_absente
2021-51fae9d0-1,2021,rgpd,RGPD,sur_pieces,sur pièces,ORANGE,ORANGE,PARIS,75,75,FR,FRANCE,telecommunications,telecommunications,Télécommunications,e0815411__open-data-controles-2021-v20220921.csv,156,annee_source_absente
2021-fbb14367-1,2021,rgpd,RGPD,sur_pieces,sur pièces,FÉDÉRATION FRANCAISE D'ÉQUITATION,FEDERATION FRANCAISE D EQUITATION,LAMOTTE-BEUVRON,41,41,FR,FRANCE,associatif,associatif,Associatif,e0815411__open-data-controles-2021-v20220921.csv,157,annee_source_absente
2021-b85e2278-1,2021,rgpd,RGPD,en_ligne,en ligne,COMMUNE DE LYON,COMMUNE DE LYON,LYON,69,69,FR,FRANCE,collectivites_territoriales,collectivites_territoriales,Collectivités territoriales,e0815411__open-data-controles-2021-v20220921.csv,158,annee_source_absente
2021-d65c32f5-1,2021,rgpd,RGPD,en_ligne,en ligne,COMMUNE DE BORDEAUX,COMMUNE DE BORDEAUX,BORDEAUX,33,33,FR,FRANCE,collectivites_territoriales,collectivites_territoriales,Collectivités territoriales,e0815411__open-data-controles-2021-v20220921.csv,159,annee_source_absente
2021-09b10899-1,2021,rgpd,RGPD,sur_pieces,sur pièces,I-RAISER GROUP,I RAISER GROUP,SAINT-SEBASTIEN-SUR-LOIRE,44,44,FR,FRANCE,associatif,associatif,Associatif,e0815411__open-data-controles-2021-v20220921.csv,160,annee_source_absente
2021-ff3c52b7-1,2021,rgpd,RGPD,en_ligne,en ligne,JEUXVIDEO.COM,JEUXVIDEO COM,PARIS,75,75,FR,FRANCE,commerce,commerce,Commerce,e0815411__open-data-controles-2021-v20220921.csv,161,annee_source_absente
2021-68b55e1a-1,2021,rgpd,RGPD,sur_pieces,sur pièces,JEUXVIDEO.COM,JEUXVIDEO COM,LEVALLOIS-PERRET,92,92,FR,FRANCE,commerce,commerce,Commerce,e0815411__open-data-controles-2021-v20220921.csv,162,annee_source_absente
2021-6c00a7f4-1,2021,rgpd,RGPD,en_ligne,en ligne,ALLOCINE.FR,ALLOCINE FR,PARIS,75,75,FR,FRANCE,commerce,commerce,Commerce,e0815411__open-data-controles-2021-v20220921.csv,163,annee_source_absente
2021-8ada0a27-1,2021,rgpd,RGPD,sur_pieces,sur pièces,ALLOCINE.FR,ALLOCINE FR,PARIS,75,75,FR,FRANCE,commerce,commerce,Commerce,e0815411__open-data-controles-2021-v20220921.csv,164,annee_source_absente
2021-a77fed77-1,2021,rgpd,RGPD,en_ligne,en ligne,PRESTASHOP,PRESTASHOP,PARIS,75,75,FR,FRANCE,commerce,commerce,Commerce,e0815411__open-data-controles-2021-v20220921.csv,165,annee_source_absente
2021-5ae35e2b-1,2021,rgpd,RGPD,en_ligne,en ligne,20 MINUTES FRANCE,20 MINUTES FRANCE,PARIS,75,75,FR,FRANCE,presse,presse,Presse,e0815411__open-data-controles-2021-v20220921.csv,166,annee_source_absente
2021-c959fffd-1,2021,rgpd,RGPD,en_ligne,en ligne,COMMUNE DE BEAUNE,COMMUNE DE BEAUNE,BEAUNE,21,21,FR,FRANCE,collectivites_territoriales,collectivites_territoriales,Collectivités territoriales,e0815411__open-data-controles-2021-v20220921.csv,167,annee_source_absente
2021-ff948502-1,2021,rgpd,RGPD,en_ligne,en ligne,NEW OXATIS,NEW OXATIS,MARSEILLE,13,13,FR,FRANCE,commerce,commerce,Commerce,e0815411__open-data-controles-2021-v20220921.csv,168,annee_source_absente
2021-5ac99594-1,2021,rgpd,RGPD,sur_pieces,sur pièces,NEW OXATIS,NEW OXATIS,MARSEILLE,13,13,FR,FRANCE,commerce,commerce,Commerce,e0815411__open-data-controles-2021-v20220921.csv,169,annee_source_absente
2021-9453a8fe-1,2021,rgpd,RGPD,en_ligne,en ligne,VYBE,VYBE,CLICHY,92,92,FR,FRANCE,banque,banque,Banque,e0815411__open-data-controles-2021-v20220921.csv,170,annee_source_absente
2021-c6b8bca1-1,2021,rgpd,RGPD,sur_audition,sur audition,VYBE,VYBE,PARIS,75,75,FR,FRANCE,banque,banque,Banque,e0815411__open-data-controles-2021-v20220921.csv,171,annee_source_absente
2021-b44d99ff-1,2021,rgpd,RGPD,sur_pieces,sur pièces,SELAS CERBALLIANCE EURE,SELAS CERBALLIANCE EURE,EVREUX,27,27,FR,FRANCE,sante,sante_social,Santé,e0815411__open-data-controles-2021-v20220921.csv,172,annee_source_absente
2021-5c0326e5-1,2021,rgpd,RGPD,sur_pieces,sur pièces,SELAS OCEALAB,SELAS OCEALAB,VANNES,56,56,FR,FRANCE,sante,sante_social,Santé,e0815411__open-data-controles-2021-v20220921.csv,173,annee_source_absente
2021-d8ab1554-1,2021,rgpd,RGPD,sur_pieces,sur pièces,SELAS BIOPOLE,SELAS BIOPOLE,PONTIVY,56,56,FR,FRANCE,sante,sante_social,Santé,e0815411__open-data-controles-2021-v20220921.csv,174,annee_source_absente
2021-21c3275c-1,2021,rgpd,RGPD,sur_place,sur place,CHU DE CLERMONT - FERRAND,CHU DE CLERMONT FERRAND,CLERMONT-FERRAND,63,63,FR,FRANCE,collectivites_territoriales,collectivites_territoriales,Collectivités territoriales,e0815411__open-data-controles-2021-v20220921.csv,175,annee_source_absente
2021-dfe8023a-1,2021,rgpd,RGPD,en_ligne,en ligne,COMMUNE DE TOULOUSE,COMMUNE DE TOULOUSE,TOULOUSE,31,31,FR,FRANCE,collectivites_territoriales,collectivites_territoriales,Collectivités territoriales,e0815411__open-data-controles-2021-v20220921.csv,176,annee_source_absente
2021-dfa11aff-1,2021,rgpd,RGPD,sur_place,sur place,CEGEDIM GERS SAS SOCIÉTÉ DE GROUPEMENT POUR L'ELABORATION ET LA REALISATION DE STATISTIQUES,CEGEDIM GERS SAS SOCIETE DE GROUPEMENT POUR L ELABORATION ET LA REALISATION DE STATISTIQUES,BOULOGNE-BILLANCOURT,92,92,FR,FRANCE,sante,sante_social,Santé,e0815411__open-data-controles-2021-v20220921.csv,177,annee_source_absente|organisme_multiligne
2021-6a0427d8-1,2021,rgpd,RGPD,en_ligne,en ligne,GREEN LANTERN,GREEN LANTERN,PARIS,75,75,FR,FRANCE,environnement,energie_environnement,Environnement,e0815411__open-data-controles-2021-v20220921.csv,180,annee_source_absente
2021-2ae644aa-1,2021,rgpd,RGPD,sur_audition,sur audition,GREEN LANTERN,GREEN LANTERN,PARIS,75,75,FR,FRANCE,environnement,energie_environnement,Environnement,e0815411__open-data-controles-2021-v20220921.csv,181,annee_source_absente
2021-cfbea078-1,2021,rgpd,RGPD,en_ligne,en ligne,OFFSPEND,OFFSPEND,PARIS,75,75,FR,FRANCE,environnement,energie_environnement,Environnement,e0815411__open-data-controles-2021-v20220921.csv,182,annee_source_absente
2021-35d6ff18-1,2021,rgpd,RGPD,sur_audition,sur audition,OFFSPEND,OFFSPEND,PARIS,75,75,FR,FRANCE,environnement,energie_environnement,Environnement,e0815411__open-data-controles-2021-v20220921.csv,183,annee_source_absente
2021-491c754f-1,2021,rgpd,RGPD,en_ligne,en ligne,MINISTÈRE DE LA JUSTICE,MINISTERE DE LA JUSTICE,PARIS,75,75,FR,FRANCE,regalien,etat_regalien,Régalien,e0815411__open-data-controles-2021-v20220921.csv,184,annee_source_absente
2021-87fba380-1,2021,rgpd,RGPD,sur_place,sur place,INOX ALU CONCEPT,INOX ALU CONCEPT,LORIOL-SUR-DRÔME,26,26,FR,FRANCE,travail,travail,Travail,e0815411__open-data-controles-2021-v20220921.csv,185,annee_source_absente
2021-9769c131-1,2021,rgpd,RGPD,en_ligne,en ligne,lolivier.fr,LOLIVIER FR,MARCQ-EN-BAROEUL,59,59,FR,FRANCE,assurance,assurance,Assurance,e0815411__open-data-controles-2021-v20220921.csv,186,annee_source_absente
2021-c6a97fe1-1,2021,rgpd,RGPD,en_ligne,en ligne,cnp.fr,CNP FR,PARIS,75,75,FR,FRANCE,assurance,assurance,Assurance,e0815411__open-data-controles-2021-v20220921.csv,187,annee_source_absente
2021-54781874-1,2021,rgpd,RGPD,en_ligne,en ligne,netflix.fr,NETFLIX FR,PARIS,75,75,FR,FRANCE,telecommunications,telecommunications,Télécommunications,e0815411__open-data-controles-2021-v20220921.csv,188,annee_source_absente
2021-7c44dcc5-1,2021,rgpd,RGPD,en_ligne,en ligne,ebay.fr,EBAY FR,PARIS,75,75,FR,FRANCE,commerce,commerce,Commerce,e0815411__open-data-controles-2021-v20220921.csv,189,annee_source_absente
2021-9e5a4048-1,2021,rgpd,RGPD,en_ligne,en ligne,airbnb.fr,AIRBNB FR,PARIS,75,75,FR,FRANCE,tourisme,commerce,Tourisme,e0815411__open-data-controles-2021-v20220921.csv,190,annee_source_absente
2021-55a1420c-1,2021,rgpd,RGPD,en_ligne,en ligne,cci.fr,CCI FR,LEVALOIS-PERRET,92,92,FR,FRANCE,banque,banque,Banque,e0815411__open-data-controles-2021-v20220921.csv,191,annee_source_absente
2021-b8226f3b-1,2021,rgpd,RGPD,en_ligne,en ligne,dropbox.com/fr,DROPBOX COM FR,PARIS,,,FR,FRANCE,telecommunications,telecommunications,Télécommunications,e0815411__open-data-controles-2021-v20220921.csv,192,annee_source_absente|departement_vide
2021-1189b7d8-1,2021,rgpd,RGPD,en_ligne,en ligne,nike.com/fr,NIKE COM FR,PARIS,75,75,FR,FRANCE,commerce,commerce,Commerce,e0815411__open-data-controles-2021-v20220921.csv,193,annee_source_absente
2021-f69b4f62-1,2021,rgpd,RGPD,en_ligne,en ligne,adidas.fr,ADIDAS FR,STRASBOURG,67,67,FR,FRANCE,commerce,commerce,Commerce,e0815411__open-data-controles-2021-v20220921.csv,194,annee_source_absente
2021-bb022dab-1,2021,rgpd,RGPD,en_ligne,en ligne,COMMUNE DE STRASBOURG,COMMUNE DE STRASBOURG,STRASBOURG,67,67,FR,FRANCE,collectivites_territoriales,collectivites_territoriales,Collectivités territoriales,e0815411__open-data-controles-2021-v20220921.csv,195,annee_source_absente
2021-14916837-1,2021,rgpd,RGPD,en_ligne,en ligne,sony.fr,SONY FR,PUTEAUX,92,92,FR,FRANCE,telecommunications,telecommunications,Télécommunications,e0815411__open-data-controles-2021-v20220921.csv,196,annee_source_absente
2021-a774c66f-1,2021,rgpd,RGPD,en_ligne,en ligne,mi.com,MI COM,BOULOGNE-BILLANCOURT,92,92,FR,FRANCE,commerce,commerce,Commerce,e0815411__open-data-controles-2021-v20220921.csv,197,annee_source_absente
2021-f59e7d07-1,2021,rgpd,RGPD,en_ligne,en ligne,aliexpress.com,ALIEXPRESS COM,PARIS,75,75,FR,FRANCE,commerce,commerce,Commerce,e0815411__open-data-controles-2021-v20220921.csv,198,annee_source_absente
2021-dc3748a4-1,2021,rgpd,RGPD,en_ligne,en ligne,dell.com,DELL COM,MONTPELLIER,34,34,FR,FRANCE,commerce,commerce,Commerce,e0815411__open-data-controles-2021-v20220921.csv,199,annee_source_absente
2021-3c1cb7c3-1,2021,rgpd,RGPD,en_ligne,en ligne,nintendo.fr,NINTENDO FR,COURBEVOIE,92,92,FR,FRANCE,jeux,education_culture_sport,Jeux,e0815411__open-data-controles-2021-v20220921.csv,200,annee_source_absente
2021-a48ec02a-1,2021,rgpd,RGPD,en_ligne,en ligne,SNCF.com,SNCF COM,BOBIGNY,93,93,FR,FRANCE,transports,transports,Transports,e0815411__open-data-controles-2021-v20220921.csv,201,annee_source_absente
2021-2d7d5776-1,2021,rgpd,RGPD,en_ligne,en ligne,ameli.fr,AMELI FR,PARIS,75,75,FR,FRANCE,sante,sante_social,Santé,e0815411__open-data-controles-2021-v20220921.csv,202,annee_source_absente
2021-fbad2478-1,2021,rgpd,RGPD,en_ligne,en ligne,espace-des-marques.com,ESPACE DES MARQUES COM,LA BOISSIERE DES LANDES,85,85,FR,FRANCE,commerce,commerce,Commerce,e0815411__open-data-controles-2021-v20220921.csv,203,annee_source_absente
2021-2041a036-1,2021,rgpd,RGPD,en_ligne,en ligne,frisquet.com,FRISQUET COM,MEAUX,75,75,FR,FRANCE,commerce,commerce,Commerce,e0815411__open-data-controles-2021-v20220921.csv,204,annee_source_absente
2021-ab24a5eb-1,2021,rgpd,RGPD,en_ligne,en ligne,marcjacobs.com,MARCJACOBS COM,PARIS,75,75,FR,FRANCE,commerce,commerce,Commerce,e0815411__open-data-controles-2021-v20220921.csv,205,annee_source_absente
2021-6e386aa5-1,2021,rgpd,RGPD,en_ligne,en ligne,MONECHO,MONECHO,PLAISIR,78,78,FR,FRANCE,sante,sante_social,Santé,e0815411__open-data-controles-2021-v20220921.csv,206,annee_source_absente
2021-055000e6-1,2021,rgpd,RGPD,sur_pieces,sur pièces,MONECHO,MONECHO,PLAISIR,78,78,FR,FRANCE,sante,sante_social,Santé,e0815411__open-data-controles-2021-v20220921.csv,207,annee_source_absente
2021-6e386aa5-2,2021,rgpd,RGPD,en_ligne,en ligne,MONECHO,MONECHO,PLAISIR,78,78,FR,FRANCE,sante,sante_social,Santé,e0815411__open-data-controles-2021-v20220921.csv,208,annee_source_absente|ligne_dupliquee
2021-4abe1bd0-1,2021,rgpd,RGPD,en_ligne,en ligne,NATIONAL EDUCATION TECHNOLOGIES,NATIONAL EDUCATION TECHNOLOGIES,VANCOUVER,,,CA,CANADA,commerce,commerce,Commerce,e0815411__open-data-controles-2021-v20220921.csv,209,annee_source_absente|departement_vide
2021-bfdcae29-1,2021,rgpd,RGPD,sur_pieces,sur pièces,NATIONAL EDUCATION TECHNOLOGIES,NATIONAL EDUCATION TECHNOLOGIES,VANCOUVER,,,CA,CANADA,commerce,commerce,Commerce,e0815411__open-data-controles-2021-v20220921.csv,210,annee_source_absente|departement_vide
2021-84847aec-1,2021,rgpd,RGPD,en_ligne,en ligne,"MINISTÈRE DE L'ÉDUCATION NATIONALE, DE LA JEUNESSE ET DES SPORTS",MINISTERE DE L EDUCATION NATIONALE DE LA JEUNESSE ET DES SPORTS,PARIS,75,75,FR,FRANCE,education,education_culture_sport,Education,e0815411__open-data-controles-2021-v20220921.csv,211,annee_source_absente
2021-0dd5b2f0-1,2021,rgpd,RGPD,en_ligne,en ligne,VILLE DE PARIS,VILLE DE PARIS,PARIS,75,75,FR,FRANCE,collectivites_territoriales,collectivites_territoriales,Collectivités territoriales,e0815411__open-data-controles-2021-v20220921.csv,212,annee_source_absente
2021-c1963802-1,2021,rgpd,RGPD,en_ligne,en ligne,CAISSE NATIONALE DES ALLOCATIONS FAMILIALES,CAISSE NATIONALE DES ALLOCATIONS FAMILIALES,PARIS,75,75,FR,FRANCE,collectivites_territoriales,collectivites_territoriales,Collectivités territoriales,e0815411__open-data-controles-2021-v20220921.csv,213,annee_source_absente
2021-7a9edfd0-1,2021,rgpd,RGPD,en_ligne,en ligne,GROUPE D'INTÉRÊTS PUBLIC PIX,GROUPE D INTERETS PUBLIC PIX,PARIS,75,75,FR,FRANCE,associatif,associatif,Associatif,e0815411__open-data-controles-2021-v20220921.csv,214,annee_source_absente
2021-c87e617d-1,2021,rgpd,RGPD,sur_place,sur place,SECURITAS,SECURITAS,MUIZON,51,51,FR,FRANCE,commerce,commerce,Commerce,e0815411__open-data-controles-2021-v20220921.csv,215,annee_source_absente
2021-406a4e51-1,2021,rgpd,RGPD,en_ligne,en ligne,DIRECTION DE L'INFORMATION LÉGALE ET ADMINISTRATIVE,DIRECTION DE L INFORMATION LEGALE ET ADMINISTRATIVE,PARIS,75,75,FR,FRANCE,regalien,etat_regalien,Régalien,e0815411__open-data-controles-2021-v20220921.csv,216,annee_source_absente
2021-5d562dc3-1,2021,rgpd,RGPD,en_ligne,en ligne,ARS NOVA SYSTEMS,ARS NOVA SYSTEMS,NANTES,44,44,FR,FRANCE,commerce,commerce,Commerce,e0815411__open-data-controles-2021-v20220921.csv,217,annee_source_absente
2021-3d9ea55b-1,2021,rgpd,RGPD,sur_pieces,sur pièces,ARS NOVA SYSTEMS,ARS NOVA SYSTEMS,NANTES,44,44,FR,FRANCE,commerce,commerce,Commerce,e0815411__open-data-controles-2021-v20220921.csv,218,annee_source_absente
2021-57a44be8-1,2021,rgpd,RGPD,sur_place,sur place,COMMUNE DE BEAUCAIRE,COMMUNE DE BEAUCAIRE,BEAUCAIRE,30,30,FR,FRANCE,collectivites_territoriales,collectivites_territoriales,Collectivités territoriales,e0815411__open-data-controles-2021-v20220921.csv,219,annee_source_absente
2021-ad01edaa-1,2021,rgpd,RGPD,sur_pieces,sur pièces,COMMUNE DE BEAUCAIRE,COMMUNE DE BEAUCAIRE,BEAUCAIRE,30,30,FR,FRANCE,collectivites_territoriales,collectivites_territoriales,Collectivités territoriales,e0815411__open-data-controles-2021-v20220921.csv,220,annee_source_absente
2021-57a44be8-2,2021,rgpd,RGPD,sur_place,sur place,COMMUNE DE BEAUCAIRE,COMMUNE DE BEAUCAIRE,BEAUCAIRE,30,30,FR,FRANCE,collectivites_territoriales,collectivites_territoriales,Collectivités territoriales,e0815411__open-data-controles-2021-v20220921.csv,221,annee_source_absente|ligne_dupliquee
2021-a7cd8e58-1,2021,rgpd,RGPD,sur_place,sur place,MJ SPORTS INTERSPORT,MJ SPORTS INTERSPORT,SARRAN,45,45,FR,FRANCE,commerce,commerce,Commerce,e0815411__open-data-controles-2021-v20220921.csv,222,annee_source_absente
2021-eebca56d-1,2021,rgpd,RGPD,en_ligne,en ligne,SHOWROOMPRIVE.COM,SHOWROOMPRIVE COM,PARIS,75,75,FR,FRANCE,commerce,commerce,Commerce,e0815411__open-data-controles-2021-v20220921.csv,223,annee_source_absente
2021-5606528f-1,2021,rgpd,RGPD,en_ligne,en ligne,XOOLOO,XOOLOO,PARIS,75,75,FR,FRANCE,commerce,commerce,Commerce,e0815411__open-data-controles-2021-v20220921.csv,224,annee_source_absente
2021-b3bb181d-1,2021,rgpd,RGPD,sur_place,sur place,XOOLOO,XOOLOO,PARIS,75,75,FR,FRANCE,commerce,commerce,Commerce,e0815411__open-data-controles-2021-v20220921.csv,225,annee_source_absente
2021-5606528f-2,2021,rgpd,RGPD,en_ligne,en ligne,XOOLOO,XOOLOO,PARIS,75,75,FR,FRANCE,commerce,commerce,Commerce,e0815411__open-data-controles-2021-v20220921.csv,226,annee_source_absente|ligne_dupliquee
2021-f4706596-1,2021,rgpd,RGPD,en_ligne,en ligne,GOOGLE,GOOGLE,PARIS,75,75,FR,FRANCE,commerce,commerce,Commerce,e0815411__open-data-controles-2021-v20220921.csv,227,annee_source_absente
2021-8beb7c7f-1,2021,rgpd,RGPD,sur_pieces,sur pièces,BLADE,BLADE,PARIS,75,75,FR,FRANCE,commerce,commerce,Commerce,e0815411__open-data-controles-2021-v20220921.csv,228,annee_source_absente
2021-3be6dae2-1,2021,rgpd,RGPD,sur_place,sur place,COMMUNE DE BRIENON-SUR-ARMANCON,COMMUNE DE BRIENON SUR ARMANCON,BRIENON-SUR-ARMANCON,89,89,FR,FRANCE,collectivites_territoriales,collectivites_territoriales,Collectivités territoriales,e0815411__open-data-controles-2021-v20220921.csv,229,annee_source_absente
2021-a9b7029f-1,2021,rgpd,RGPD,sur_place,sur place,SANI 92,SANI 92,GENNEVILLIERS,92,92,FR,FRANCE,transports,transports,Transports,e0815411__open-data-controles-2021-v20220921.csv,230,annee_source_absente
2021-3bb06e01-1,2021,rgpd,RGPD,en_ligne,en ligne,APPLE,APPLE,PARIS,75,75,FR,FRANCE,commerce,commerce,Commerce,e0815411__open-data-controles-2021-v20220921.csv,231,annee_source_absente
2021-3bb06e01-2,2021,rgpd,RGPD,en_ligne,en ligne,APPLE,APPLE,PARIS,75,75,FR,FRANCE,commerce,commerce,Commerce,e0815411__open-data-controles-2021-v20220921.csv,232,annee_source_absente|ligne_dupliquee
2021-702d04b9-1,2021,rgpd,RGPD,sur_pieces,sur pièces,APPLE,APPLE,PARIS,75,75,FR,FRANCE,commerce,commerce,Commerce,e0815411__open-data-controles-2021-v20220921.csv,233,annee_source_absente
2021-a6414a82-1,2021,rgpd,RGPD,sur_place,sur place,APPLE,APPLE,PARIS,75,75,FR,FRANCE,commerce,commerce,Commerce,e0815411__open-data-controles-2021-v20220921.csv,234,annee_source_absente
2021-53bc65d0-1,2021,rgpd,RGPD,en_ligne,en ligne,MINISTÈRE DU TRAVAIL,MINISTERE DU TRAVAIL,PARIS,75,75,FR,FRANCE,travail,travail,Travail,e0815411__open-data-controles-2021-v20220921.csv,235,annee_source_absente
2021-7a9dc76e-1,2021,rgpd,RGPD,sur_pieces,sur pièces,BSSANTE.COM,BSSANTE COM,ROUBAIX,59,59,FR,FRANCE,sante,sante_social,Santé,e0815411__open-data-controles-2021-v20220921.csv,237,annee_source_absente
2021-4d0cf03d-1,2021,rgpd,RGPD,sur_pieces,sur pièces,UBIQUS,UBIQUS,PUTEAUX,92,92,FR,FRANCE,commerce,commerce,Commerce,e0815411__open-data-controles-2021-v20220921.csv,238,annee_source_absente
2021-09f57513-1,2021,rgpd,RGPD,sur_pieces,sur pièces,UMANIS,UMANIS,LEVALLOIS-PERRET,92,92,FR,FRANCE,commerce,commerce,Commerce,e0815411__open-data-controles-2021-v20220921.csv,239,annee_source_absente
2021-265606d5-1,2021,rgpd,RGPD,en_ligne,en ligne,COMMUNE DE MARSEILLE,COMMUNE DE MARSEILLE,MARSEILLE,13,13,FR,FRANCE,collectivites_territoriales,collectivites_territoriales,Collectivités territoriales,e0815411__open-data-controles-2021-v20220921.csv,240,annee_source_absente
2021-01734488-1,2021,rgpd,RGPD,sur_place,sur place,ASSOCIATION POUR LE SOUTIEN A LA FONDATION DES FEMMES,ASSOCIATION POUR LE SOUTIEN A LA FONDATION DES FEMMES,PARIS,75,75,FR,FRANCE,associatif,associatif,Associatif,e0815411__open-data-controles-2021-v20220921.csv,241,annee_source_absente
2021-e6c43e35-1,2021,rgpd,RGPD,en_ligne,en ligne,CENTRE HOSPITALIER UNIVERSITAIRE DE LIMOGES,CENTRE HOSPITALIER UNIVERSITAIRE DE LIMOGES,PARIS,75,75,FR,FRANCE,sante,sante_social,Santé,e0815411__open-data-controles-2021-v20220921.csv,242,annee_source_absente
2021-f9b062cc-1,2021,rgpd,RGPD,sur_pieces,sur pièces,ASTORYA SGI SOLUTION GLOBALE INFORMATIQUE,ASTORYA SGI SOLUTION GLOBALE INFORMATIQUE,NANTES,44,44,FR,FRANCE,commerce,commerce,Commerce,e0815411__open-data-controles-2021-v20220921.csv,243,annee_source_absente
2021-2dbdf40d-1,2021,rgpd,RGPD,sur_audition,sur audition,OATH BRANDS,OATH BRANDS,PARIS,75,75,FR,FRANCE,commerce,commerce,Commerce,e0815411__open-data-controles-2021-v20220921.csv,244,annee_source_absente
2021-3cb1050d-1,2021,rgpd,RGPD,sur_place,sur place,INRIA,INRIA,PARIS,75,75,FR,FRANCE,sante,sante_social,Santé,e0815411__open-data-controles-2021-v20220921.csv,245,annee_source_absente
2021-ac8f93e6-1,2021,rgpd,RGPD,sur_place,sur place,IN GROUPE,IN GROUPE,FLERS-EN-ESCREBIEUX,59,59,FR,FRANCE,regalien,etat_regalien,Régalien,e0815411__open-data-controles-2021-v20220921.csv,246,annee_source_absente
2021-12c95ad6-1,2021,rgpd,RGPD,sur_place,sur place,AÉROPORTS DE PARIS,AEROPORTS DE PARIS,ROISSY-EN-FRANCE,95,95,FR,FRANCE,sante,sante_social,Santé,e0815411__open-data-controles-2021-v20220921.csv,247,annee_source_absente
2021-41c4c346-1,2021,rgpd,RGPD,sur_place,sur place,MUSÉE DU QUAI BRANLY - JACQUES CHIRAC,MUSEE DU QUAI BRANLY JACQUES CHIRAC,PARIS,75,75,FR,FRANCE,culture,education_culture_sport,Culture,e0815411__open-data-controles-2021-v20220921.csv,248,annee_source_absente
2021-e2ad50cc-1,2021,rgpd,RGPD,sur_place,sur place,LA FELICITA,LA FELICITA,PARIS,75,75,FR,FRANCE,sante,sante_social,Santé,e0815411__open-data-controles-2021-v20220921.csv,249,annee_source_absente
2021-2646f307-1,2021,rgpd,RGPD,sur_place,sur place,IQVIA OPÉRATIONS FRANCE SAS IQVIA HOLDINGS FRANCE SAS IQVIA RDS FRANCE,IQVIA OPERATIONS FRANCE SAS IQVIA HOLDINGS FRANCE SAS IQVIA RDS FRANCE,COURBEVOIE,92,92,FR,FRANCE,sante,sante_social,Santé,e0815411__open-data-controles-2021-v20220921.csv,250,annee_source_absente|organisme_multiligne
2021-2646f307-2,2021,rgpd,RGPD,sur_place,sur place,IQVIA OPÉRATIONS FRANCE SAS IQVIA HOLDINGS FRANCE SAS IQVIA RDS FRANCE,IQVIA OPERATIONS FRANCE SAS IQVIA HOLDINGS FRANCE SAS IQVIA RDS FRANCE,COURBEVOIE,92,92,FR,FRANCE,sante,sante_social,Santé,e0815411__open-data-controles-2021-v20220921.csv,253,annee_source_absente|organisme_multiligne|ligne_dupliquee
2021-48231819-1,2021,rgpd,RGPD,sur_place,sur place,IQVIA OPÉRATIONS FRANCE SAS IQVIA HOLDINGS FRANCE SAS IQVIA RDS FRANCE,IQVIA OPERATIONS FRANCE SAS IQVIA HOLDINGS FRANCE SAS IQVIA RDS FRANCE,PARIS,75,75,FR,FRANCE,sante,sante_social,Santé,e0815411__open-data-controles-2021-v20220921.csv,256,annee_source_absente|organisme_multiligne
2021-48231819-2,2021,rgpd,RGPD,sur_place,sur place,IQVIA OPÉRATIONS FRANCE SAS IQVIA HOLDINGS FRANCE SAS IQVIA RDS FRANCE,IQVIA OPERATIONS FRANCE SAS IQVIA HOLDINGS FRANCE SAS IQVIA RDS FRANCE,PARIS,75,75,FR,FRANCE,sante,sante_social,Santé,e0815411__open-data-controles-2021-v20220921.csv,259,annee_source_absente|organisme_multiligne|ligne_dupliquee
2021-48231819-3,2021,rgpd,RGPD,sur_place,sur place,IQVIA OPÉRATIONS FRANCE SAS IQVIA HOLDINGS FRANCE SAS IQVIA RDS FRANCE,IQVIA OPERATIONS FRANCE SAS IQVIA HOLDINGS FRANCE SAS IQVIA RDS FRANCE,PARIS,75,75,FR,FRANCE,sante,sante_social,Santé,e0815411__open-data-controles-2021-v20220921.csv,263,annee_source_absente|organisme_multiligne|ligne_dupliquee
2021-48231819-4,2021,rgpd,RGPD,sur_place,sur place,IQVIA OPÉRATIONS FRANCE SAS IQVIA HOLDINGS FRANCE SAS IQVIA RDS FRANCE,IQVIA OPERATIONS FRANCE SAS IQVIA HOLDINGS FRANCE SAS IQVIA RDS FRANCE,PARIS,75,75,FR,FRANCE,sante,sante_social,Santé,e0815411__open-data-controles-2021-v20220921.csv,267,annee_source_absente|organisme_multiligne|ligne_dupliquee
2021-48231819-5,2021,rgpd,RGPD,sur_place,sur place,IQVIA OPÉRATIONS FRANCE SAS IQVIA HOLDINGS FRANCE SAS IQVIA RDS FRANCE,IQVIA OPERATIONS FRANCE SAS IQVIA HOLDINGS FRANCE SAS IQVIA RDS FRANCE,PARIS,75,75,FR,FRANCE,sante,sante_social,Santé,e0815411__open-data-controles-2021-v20220921.csv,270,annee_source_absente|organisme_multiligne|ligne_dupliquee
2021-48231819-6,2021,rgpd,RGPD,sur_place,sur place,IQVIA OPÉRATIONS FRANCE SAS IQVIA HOLDINGS FRANCE SAS IQVIA RDS FRANCE,IQVIA OPERATIONS FRANCE SAS IQVIA HOLDINGS FRANCE SAS IQVIA RDS FRANCE,PARIS,75,75,FR,FRANCE,sante,sante_social,Santé,e0815411__open-data-controles-2021-v20220921.csv,273,annee_source_absente|organisme_multiligne|ligne_dupliquee
2021-c243cb6d-1,2021,rgpd,RGPD,en_ligne,en ligne,Lemedecin.fr,LEMEDECIN FR,PARIS,75,75,FR,FRANCE,sante,sante_social,Santé,e0815411__open-data-controles-2021-v20220921.csv,277,annee_source_absente
2021-696b2d65-1,2021,rgpd,RGPD,sur_audition,sur audition,Lemedecin.fr,LEMEDECIN FR,PARIS,75,75,FR,FRANCE,sante,sante_social,Santé,e0815411__open-data-controles-2021-v20220921.csv,278,annee_source_absente
2021-0561b9b6-1,2021,rgpd,RGPD,sur_place,sur place,CERBA,CERBA,SAINT OUEN L'AUMONE,95,95,FR,FRANCE,sante,sante_social,Santé,e0815411__open-data-controles-2021-v20220921.csv,279,annee_source_absente
2021-9c0493d0-1,2021,rgpd,RGPD,en_ligne,en ligne,CERBA,CERBA,PARIS,75,75,FR,FRANCE,sante,sante_social,Santé,e0815411__open-data-controles-2021-v20220921.csv,280,annee_source_absente
2021-f17f4e86-1,2021,rgpd,RGPD,en_ligne,en ligne,hotels.com,HOTELS COM,PARIS,75,75,FR,FRANCE,tourisme,commerce,Tourisme,e0815411__open-data-controles-2021-v20220921.csv,281,annee_source_absente
2021-19f56fd6-1,2021,rgpd,RGPD,en_ligne,en ligne,opodo.fr,OPODO FR,PARIS,75,75,FR,FRANCE,tourisme,commerce,Tourisme,e0815411__open-data-controles-2021-v20220921.csv,282,annee_source_absente
2021-08fd723a-1,2021,rgpd,RGPD,en_ligne,en ligne,dyson.fr,DYSON FR,PARIS,75,75,FR,FRANCE,commerce,commerce,Commerce,e0815411__open-data-controles-2021-v20220921.csv,283,annee_source_absente
2021-3073f07b-1,2021,rgpd,RGPD,en_ligne,en ligne,spotify.com,SPOTIFY COM,PARIS,75,75,FR,FRANCE,culture,education_culture_sport,Culture,e0815411__open-data-controles-2021-v20220921.csv,284,annee_source_absente
2021-47f4bd84-1,2021,rgpd,RGPD,en_ligne,en ligne,zalando.fr,ZALANDO FR,PARIS,75,75,FR,FRANCE,commerce,commerce,Commerce,e0815411__open-data-controles-2021-v20220921.csv,285,annee_source_absente
2021-eca13f50-1,2021,rgpd,RGPD,en_ligne,en ligne,twitter.com,TWITTER COM,PARIS,75,75,FR,FRANCE,telecommunications,telecommunications,Télécommunications,e0815411__open-data-controles-2021-v20220921.csv,286,annee_source_absente
2021-4c717cb3-1,2021,rgpd,RGPD,en_ligne,en ligne,proprietaire.dossierfacile.fr,PROPRIETAIRE DOSSIERFACILE FR,PUTEAUX,92,92,FR,FRANCE,regalien,etat_regalien,Régalien,e0815411__open-data-controles-2021-v20220921.csv,287,annee_source_absente
2021-4918dcc2-1,2021,rgpd,RGPD,en_ligne,en ligne,pap.fr,PAP FR,PARIS,75,75,FR,FRANCE,immobilier,immobilier,Immobilier,e0815411__open-data-controles-2021-v20220921.csv,288,annee_source_absente
2021-cbc8f219-1,2021,rgpd,RGPD,en_ligne,en ligne,buffalo-grill.fr,BUFFALO GRILL FR,MONTROUGE,92,92,FR,FRANCE,commerce,commerce,Commerce,e0815411__open-data-controles-2021-v20220921.csv,289,annee_source_absente
2021-46b7d9b3-1,2021,rgpd,RGPD,en_ligne,en ligne,asus.com/fr,ASUS COM FR,NOISY LE GRAND,93,93,FR,FRANCE,commerce,commerce,Commerce,e0815411__open-data-controles-2021-v20220921.csv,290,annee_source_absente
2021-94c01967-1,2021,rgpd,RGPD,en_ligne,en ligne,maiia.com,MAIIA COM,BOULOGNE-BILLANCOURT,92,92,FR,FRANCE,sante,sante_social,Santé,e0815411__open-data-controles-2021-v20220921.csv,291,annee_source_absente
2021-d32a2e8d-1,2021,rgpd,RGPD,en_ligne,en ligne,hp.com,HP COM,MEUDON,92,92,FR,FRANCE,commerce,commerce,Commerce,e0815411__open-data-controles-2021-v20220921.csv,292,annee_source_absente
2021-a0b7935a-1,2021,rgpd,RGPD,en_ligne,en ligne,getaround.com,GETAROUND COM,PARIS,75,75,FR,FRANCE,transports,transports,Transports,e0815411__open-data-controles-2021-v20220921.csv,293,annee_source_absente
2021-bcd43452-1,2021,rgpd,RGPD,en_ligne,en ligne,retraitesdeletat.gouv.fr,RETRAITESDELETAT GOUV FR,NANTES,44,44,FR,FRANCE,regalien,etat_regalien,Régalien,e0815411__open-data-controles-2021-v20220921.csv,294,annee_source_absente
2021-cb6d5e6f-1,2021,rgpd,RGPD,en_ligne,en ligne,service.eau.veolia.fr,SERVICE EAU VEOLIA FR,PARIS,75,75,FR,FRANCE,energie,energie_environnement,Energie,e0815411__open-data-controles-2021-v20220921.csv,295,annee_source_absente
2021-20c57203-1,2021,rgpd,RGPD,en_ligne,en ligne,infotrafic.com,INFOTRAFIC COM,PUISEUX PONTOISE,95,95,FR,FRANCE,transports,transports,Transports,e0815411__open-data-controles-2021-v20220921.csv,296,annee_source_absente
2021-25282e53-1,2021,rgpd,RGPD,en_ligne,en ligne,corsair.com,CORSAIR COM,PARIS,75,75,FR,FRANCE,commerce,commerce,Commerce,e0815411__open-data-controles-2021-v20220921.csv,297,annee_source_absente
2021-021d3764-1,2021,rgpd,RGPD,en_ligne,en ligne,cmgsportsclub.com,CMGSPORTSCLUB COM,PARIS,75,75,FR,FRANCE,commerce,commerce,Commerce,e0815411__open-data-controles-2021-v20220921.csv,298,annee_source_absente
2021-8ff28df2-1,2021,rgpd,RGPD,en_ligne,en ligne,gap-FRANCE.fr,GAP FRANCE FR,PARIS,75,75,FR,FRANCE,commerce,commerce,Commerce,e0815411__open-data-controles-2021-v20220921.csv,299,annee_source_absente
2021-ddce58cb-1,2021,rgpd,RGPD,en_ligne,en ligne,dorcel.com,DORCEL COM,LANESTER,56,56,FR,FRANCE,commerce,commerce,Commerce,e0815411__open-data-controles-2021-v20220921.csv,300,annee_source_absente
2021-140eb1c2-1,2021,rgpd,RGPD,en_ligne,en ligne,superdry.fr,SUPERDRY FR,PARIS,75,75,FR,FRANCE,commerce,commerce,Commerce,e0815411__open-data-controles-2021-v20220921.csv,301,annee_source_absente
2021-f823dd22-1,2021,rgpd,RGPD,en_ligne,en ligne,newbalance.fr,NEWBALANCE FR,PARIS,75,75,FR,FRANCE,commerce,commerce,Commerce,e0815411__open-data-controles-2021-v20220921.csv,302,annee_source_absente
2021-5fe49cb4-1,2021,rgpd,RGPD,en_ligne,en ligne,carburant.esso.fr,CARBURANT ESSO FR,NANTERRE,92,92,FR,FRANCE,energie,energie_environnement,Energie,e0815411__open-data-controles-2021-v20220921.csv,303,annee_source_absente
2021-e2f29a56-1,2021,rgpd,RGPD,en_ligne,en ligne,pepsi.fr,PEPSI FR,COLOMBES,92,92,FR,FRANCE,commerce,commerce,Commerce,e0815411__open-data-controles-2021-v20220921.csv,304,annee_source_absente
2021-92699b55-1,2021,rgpd,RGPD,en_ligne,en ligne,visa.fr,VISA FR,PARIS,75,75,FR,FRANCE,banque,banque,Banque,e0815411__open-data-controles-2021-v20220921.csv,305,annee_source_absente
2021-b3d2f404-1,2021,rgpd,RGPD,en_ligne,en ligne,mastercard.fr,MASTERCARD FR,PARIS,75,75,FR,FRANCE,banque,banque,Banque,e0815411__open-data-controles-2021-v20220921.csv,306,annee_source_absente
2021-dbd07c87-1,2021,rgpd,RGPD,en_ligne,en ligne,westernunion.com,WESTERNUNION COM,COURBEVOIE,92,92,FR,FRANCE,banque,banque,Banque,e0815411__open-data-controles-2021-v20220921.csv,307,annee_source_absente
2021-d7928724-1,2021,rgpd,RGPD,en_ligne,en ligne,europcar.fr,EUROPCAR FR,PARIS,75,75,FR,FRANCE,transports,transports,Transports,e0815411__open-data-controles-2021-v20220921.csv,308,annee_source_absente
2021-87f6ed74-1,2021,rgpd,RGPD,en_ligne,en ligne,intel.fr,INTEL FR,MEUDON,92,92,FR,FRANCE,commerce,commerce,Commerce,e0815411__open-data-controles-2021-v20220921.csv,309,annee_source_absente
2021-8d2c5540-1,2021,rgpd,RGPD,en_ligne,en ligne,amd.com,AMD COM,EYBENS,38,38,FR,FRANCE,commerce,commerce,Commerce,e0815411__open-data-controles-2021-v20220921.csv,310,annee_source_absente
2021-c8014a75-1,2021,rgpd,RGPD,en_ligne,en ligne,twitch.tv,TWITCH TV,COURBEVOIE,92,92,FR,FRANCE,culture,education_culture_sport,Culture,e0815411__open-data-controles-2021-v20220921.csv,311,annee_source_absente
2021-117fad48-1,2021,rgpd,RGPD,en_ligne,en ligne,avis.fr,AVIS FR,PUTEAUX,92,92,FR,FRANCE,transports,transports,Transports,e0815411__open-data-controles-2021-v20220921.csv,312,annee_source_absente
2021-c22cdffa-1,2021,rgpd,RGPD,en_ligne,en ligne,groupon.fr,GROUPON FR,PARIS,,,FR,FRANCE,commerce,commerce,Commerce,e0815411__open-data-controles-2021-v20220921.csv,313,annee_source_absente|departement_vide
2021-a23e9153-1,2021,rgpd,RGPD,en_ligne,en ligne,cisco.com,CISCO COM,ISSY LES MOULINEAUX,92,92,FR,FRANCE,commerce,commerce,Commerce,e0815411__open-data-controles-2021-v20220921.csv,314,annee_source_absente
2021-3681facd-1,2021,rgpd,RGPD,en_ligne,en ligne,oracle.com,ORACLE COM,COLOMBES,92,92,FR,FRANCE,commerce,commerce,Commerce,e0815411__open-data-controles-2021-v20220921.csv,315,annee_source_absente
2021-cee6ec52-1,2021,rgpd,RGPD,en_ligne,en ligne,sap.com/FRANCE,SAP COM FRANCE,LEVALLOIS-PERRET,92,92,FR,FRANCE,commerce,commerce,Commerce,e0815411__open-data-controles-2021-v20220921.csv,316,annee_source_absente
2021-a3f18ab8-1,2021,rgpd,RGPD,en_ligne,en ligne,bordeaux.fr,BORDEAUX FR,BORDEAUX,33,33,FR,FRANCE,collectivites_territoriales,collectivites_territoriales,Collectivités territoriales,e0815411__open-data-controles-2021-v20220921.csv,317,annee_source_absente
2021-2cffdd57-1,2021,rgpd,RGPD,en_ligne,en ligne,lyon.fr,LYON FR,LYON,69,69,FR,FRANCE,collectivites_territoriales,collectivites_territoriales,Collectivités territoriales,e0815411__open-data-controles-2021-v20220921.csv,318,annee_source_absente
2021-076601f0-1,2021,rgpd,RGPD,en_ligne,en ligne,CENTRE DES MONUMENTS NATIONAUX,CENTRE DES MONUMENTS NATIONAUX,PARIS,75,75,FR,FRANCE,culture,education_culture_sport,Culture,e0815411__open-data-controles-2021-v20220921.csv,319,annee_source_absente
2021-38dc91fd-1,2021,rgpd,RGPD,sur_place,sur place,HALIODX,HALIODX,MARSEILLE,13,13,FR,FRANCE,sante,sante_social,Santé,e0815411__open-data-controles-2021-v20220921.csv,320,annee_source_absente
2021-e2fa2695-1,2021,rgpd,RGPD,sur_place,sur place,CAISSE D'ÉPARGNE DE MIDI-PYRENEES,CAISSE D EPARGNE DE MIDI PYRENEES,TOULOUSE,31,31,FR,FRANCE,banque,banque,Banque,e0815411__open-data-controles-2021-v20220921.csv,321,annee_source_absente
2021-cefb96cc-1,2021,rgpd,RGPD,sur_place,sur place,ASSOCIATION GREP et SOCIÉTÉ GREP INTERIM,ASSOCIATION GREP ET SOCIETE GREP INTERIM,LYON,69,69,FR,FRANCE,associatif,associatif,Associatif,e0815411__open-data-controles-2021-v20220921.csv,322,annee_source_absente
2021-3e5d72e9-1,2021,rgpd,RGPD,en_ligne,en ligne,CHRU DE BESANCON,CHRU DE BESANCON,PARIS,75,75,FR,FRANCE,sante,sante_social,Santé,e0815411__open-data-controles-2021-v20220921.csv,323,annee_source_absente
2021-ec134e4f-1,2021,rgpd,RGPD,en_ligne,en ligne,NET SOLUTION PARTNER,NET SOLUTION PARTNER,PARIS,75,75,FR,FRANCE,commerce,commerce,Commerce,e0815411__open-data-controles-2021-v20220921.csv,324,annee_source_absente
2021-f5c44dfa-1,2021,rgpd,RGPD,sur_place,sur place,NET SOLUTION PARTNER,NET SOLUTION PARTNER,PARIS,75,75,FR,FRANCE,commerce,commerce,Commerce,e0815411__open-data-controles-2021-v20220921.csv,325,annee_source_absente
2021-bb987437-1,2021,rgpd,RGPD,sur_place,sur place,NATHALEX,NATHALEX,DOULLENS,80,80,FR,FRANCE,commerce,commerce,Commerce,e0815411__open-data-controles-2021-v20220921.csv,326,annee_source_absente
2021-806620ef-1,2021,rgpd,RGPD,en_ligne,en ligne,ART DIFFUS,ART DIFFUS,PARIS,75,75,FR,FRANCE,commerce,commerce,Commerce,e0815411__open-data-controles-2021-v20220921.csv,327,annee_source_absente
2021-5d2883a7-1,2021,rgpd,RGPD,sur_place,sur place,ART DIFFUS,ART DIFFUS,PARIS,75,75,FR,FRANCE,commerce,commerce,Commerce,e0815411__open-data-controles-2021-v20220921.csv,328,annee_source_absente
2021-d52fab7a-1,2021,rgpd,RGPD,sur_place,sur place,EMAILING NETWORK SARL,EMAILING NETWORK SARL,BOULOGNE-BILLANCOURT,92,92,FR,FRANCE,commerce,commerce,Commerce,e0815411__open-data-controles-2021-v20220921.csv,329,annee_source_absente
2021-1020b683-1,2021,rgpd,RGPD,sur_audition,sur audition,AVOSVOTES,AVOSVOTES,PARIS,75,75,FR,FRANCE,vote_electronique,politique,Vote électronique,e0815411__open-data-controles-2021-v20220921.csv,330,annee_source_absente
2021-6f16dc28-1,2021,rgpd,RGPD,sur_place,sur place,BAC UP,BAC UP,PARIS,75,75,FR,FRANCE,travail,travail,Travail,e0815411__open-data-controles-2021-v20220921.csv,331,annee_source_absente
2021-5eb54a7e-1,2021,rgpd,RGPD,en_ligne,en ligne,EMAILING NETWORK SARL,EMAILING NETWORK SARL,PARIS,75,75,FR,FRANCE,travail,travail,Travail,e0815411__open-data-controles-2021-v20220921.csv,332,annee_source_absente
2021-66949d9b-1,2021,rgpd,RGPD,en_ligne,en ligne,VESTIAIRE COLLECTIVE,VESTIAIRE COLLECTIVE,PARIS,75,75,FR,FRANCE,commerce,commerce,Commerce,e0815411__open-data-controles-2021-v20220921.csv,333,annee_source_absente
2021-66507f33-1,2021,rgpd,RGPD,sur_place,sur place,VESTIAIRE COLLECTIVE,VESTIAIRE COLLECTIVE,PARIS,75,75,FR,FRANCE,commerce,commerce,Commerce,e0815411__open-data-controles-2021-v20220921.csv,334,annee_source_absente
2021-94048efc-1,2021,rgpd,RGPD,sur_place,sur place,GENDARMERIE DE CLERMONT,GENDARMERIE DE CLERMONT,CLERMONT,60,60,FR,FRANCE,regalien,etat_regalien,Régalien,e0815411__open-data-controles-2021-v20220921.csv,335,annee_source_absente
2021-fbcb975c-1,2021,rgpd,RGPD,en_ligne,en ligne,QUALIPLAINTE,QUALIPLAINTE,LA TOUR D'AIGUES,84,84,FR,FRANCE,regalien,etat_regalien,Régalien,e0815411__open-data-controles-2021-v20220921.csv,336,annee_source_absente
2021-e770a49b-1,2021,rgpd,RGPD,sur_pieces,sur pièces,QUALIPLAINTE,QUALIPLAINTE,LA TOUR D'AIGUES,84,84,FR,FRANCE,regalien,etat_regalien,Régalien,e0815411__open-data-controles-2021-v20220921.csv,337,annee_source_absente
2021-694630c0-1,2021,rgpd,RGPD,sur_place,sur place,OPENHEALTH,OPENHEALTH,VANNES,56,56,FR,FRANCE,sante,sante_social,Santé,e0815411__open-data-controles-2021-v20220921.csv,338,annee_source_absente
2021-6e162e00-1,2021,rgpd,RGPD,sur_pieces,sur pièces,DOCTOLIB,DOCTOLIB,LEVALLOIS-PERRET,92,92,FR,FRANCE,sante,sante_social,Santé,e0815411__open-data-controles-2021-v20220921.csv,339,annee_source_absente
2021-905a6141-1,2021,rgpd,RGPD,sur_place,sur place,TRENCUBE,TRENCUBE,TOULOUSE,31,31,FR,FRANCE,commerce,commerce,Commerce,e0815411__open-data-controles-2021-v20220921.csv,340,annee_source_absente
2021-e7fe0eb1-1,2021,rgpd,RGPD,en_ligne,en ligne,PLEDG,PLEDG,SAINT-PABU,29,29,FR,FRANCE,banque,banque,Banque,e0815411__open-data-controles-2021-v20220921.csv,341,annee_source_absente
2021-6add9ef9-1,2021,rgpd,RGPD,sur_place,sur place,PLEDG,PLEDG,PARIS,75,75,FR,FRANCE,banque,banque,Banque,e0815411__open-data-controles-2021-v20220921.csv,342,annee_source_absente
2021-6cdf7010-1,2021,rgpd,RGPD,sur_place,sur place,SNC VH 198,SNC VH 198,PARIS,75,75,FR,FRANCE,immobilier,immobilier,Immobilier,e0815411__open-data-controles-2021-v20220921.csv,343,annee_source_absente
2021-9bc3672f-1,2021,rgpd,RGPD,sur_place,sur place,SFK GROUP,SFK GROUP,PARIS,75,75,FR,FRANCE,commerce,commerce,Commerce,e0815411__open-data-controles-2021-v20220921.csv,344,annee_source_absente
2021-4e463565-1,2021,rgpd,RGPD,en_ligne,en ligne,ZE WAY,ZE WAY,PARIS,75,75,FR,FRANCE,commerce,commerce,Commerce,e0815411__open-data-controles-2021-v20220921.csv,345,annee_source_absente
2021-184ab1c3-1,2021,rgpd,RGPD,sur_place,sur place,ZE WAY,ZE WAY,PARIS,75,75,FR,FRANCE,commerce,commerce,Commerce,e0815411__open-data-controles-2021-v20220921.csv,346,annee_source_absente
2021-aedb71cd-1,2021,rgpd,RGPD,en_ligne,en ligne,NEOSURF CARDS,NEOSURF CARDS,PARIS,75,75,FR,FRANCE,banque,banque,Banque,e0815411__open-data-controles-2021-v20220921.csv,347,annee_source_absente
2021-24d5f8e4-1,2021,rgpd,RGPD,sur_place,sur place,NEOSURF CARDS,NEOSURF CARDS,PARIS,75,75,FR,FRANCE,banque,banque,Banque,e0815411__open-data-controles-2021-v20220921.csv,348,annee_source_absente
2021-1dae6c47-1,2021,rgpd,RGPD,en_ligne,en ligne,VOODOO,VOODOO,PARIS,75,75,FR,FRANCE,jeux,education_culture_sport,Jeux,e0815411__open-data-controles-2021-v20220921.csv,349,annee_source_absente
2021-559e39aa-1,2021,rgpd,RGPD,sur_pieces,sur pièces,VOODOO,VOODOO,PARIS,75,75,FR,FRANCE,jeux,education_culture_sport,Jeux,e0815411__open-data-controles-2021-v20220921.csv,350,annee_source_absente
2021-3c0ea332-1,2021,rgpd,RGPD,en_ligne,en ligne,ASSOCIATION POUR L'EMPLOI DES CADRES,ASSOCIATION POUR L EMPLOI DES CADRES,PARIS,75,75,FR,FRANCE,associatif,associatif,Associatif,e0815411__open-data-controles-2021-v20220921.csv,351,annee_source_absente
2021-ffcb5f28-1,2021,rgpd,RGPD,sur_place,sur place,EPITECH,EPITECH,LE KREMLIN-BICETRE,94,94,FR,FRANCE,education,education_culture_sport,Education,e0815411__open-data-controles-2021-v20220921.csv,352,annee_source_absente
2021-c9036cfb-1,2021,rgpd,RGPD,sur_place,sur place,FRANCETEST,FRANCETEST,STRASBOURG,67,67,FR,FRANCE,sante,sante_social,Santé,e0815411__open-data-controles-2021-v20220921.csv,353,annee_source_absente
2021-c486bf92-1,2021,rgpd,RGPD,sur_place,sur place,PHARMACIE DE L'ANGE,PHARMACIE DE L ANGE,STRASBOURG,67,67,FR,FRANCE,sante,sante_social,Santé,e0815411__open-data-controles-2021-v20220921.csv,354,annee_source_absente
2021-55ef58a9-1,2021,rgpd,RGPD,sur_place,sur place,PHARMACIE DE LA MARSEILLAISE,PHARMACIE DE LA MARSEILLAISE,STRASBOURG,67,67,FR,FRANCE,sante,sante_social,Santé,e0815411__open-data-controles-2021-v20220921.csv,355,annee_source_absente
2021-5d2688d0-1,2021,rgpd,RGPD,sur_place,sur place,COMMUNAUTÉ D'UNIVERSITÉ ET D'ÉTABLISSEMENTS UNIVERSITÉ FÉDÉRALE DE TOULOUSE MIDI-PYRÉNÉE,COMMUNAUTE D UNIVERSITE ET D ETABLISSEMENTS UNIVERSITE FEDERALE DE TOULOUSE MIDI PYRENEE,TOULOUSE,31,31,FR,FRANCE,education,education_culture_sport,Education,e0815411__open-data-controles-2021-v20220921.csv,356,annee_source_absente
2021-77f9bf9e-1,2021,rgpd,RGPD,sur_place,sur place,WELLPACK,WELLPACK,MALAKOFF,92,92,FR,FRANCE,commerce,commerce,Commerce,e0815411__open-data-controles-2021-v20220921.csv,357,annee_source_absente
2021-f2ceff8a-1,2021,rgpd,RGPD,sur_audition,sur audition,MKD GROUPE,MKD GROUPE,PARIS,75,75,FR,FRANCE,commerce,commerce,Commerce,e0815411__open-data-controles-2021-v20220921.csv,358,annee_source_absente
2021-54875dea-1,2021,rgpd,RGPD,sur_place,sur place,BEEHIVE (bar/brasserie LA RUCHE),BEEHIVE BAR BRASSERIE LA RUCHE,LYON,69,69,FR,FRANCE,commerce,commerce,Commerce,e0815411__open-data-controles-2021-v20220921.csv,359,annee_source_absente
2021-8baa12dc-1,2021,rgpd,RGPD,sur_place,sur place,DOOVISION,DOOVISION,EMERAINVILLE,77,77,FR,FRANCE,sante,sante_social,Santé,e0815411__open-data-controles-2021-v20220921.csv,360,annee_source_absente
2021-63a78828-1,2021,rgpd,RGPD,sur_place,sur place,BOUYGUES IMMOBILIER,BOUYGUES IMMOBILIER,ISSY LES MOULINEAUX,92,92,FR,FRANCE,immobilier,immobilier,Immobilier,e0815411__open-data-controles-2021-v20220921.csv,361,annee_source_absente
2021-9d25df06-1,2021,rgpd,RGPD,sur_place,sur place,CRÉDIT DU NORD,CREDIT DU NORD,LILLE,59,59,FR,FRANCE,banque,banque,Banque,e0815411__open-data-controles-2021-v20220921.csv,362,annee_source_absente
2021-af0b363b-1,2021,rgpd,RGPD,sur_place,sur place,FÉDÉRATION FRANCAISE DE NATATION,FEDERATION FRANCAISE DE NATATION,CLICHY,92,92,FR,FRANCE,sport,education_culture_sport,Sport,e0815411__open-data-controles-2021-v20220921.csv,363,annee_source_absente
2021-38497103-1,2021,rgpd,RGPD,sur_place,sur place,SAFTI,SAFTI,TOULOUSE,31,31,FR,FRANCE,immobilier,immobilier,Immobilier,e0815411__open-data-controles-2021-v20220921.csv,364,annee_source_absente
2021-1ad19704-1,2021,rgpd,RGPD,sur_place,sur place,NEXITY,NEXITY,PARIS,75,75,FR,FRANCE,immobilier,immobilier,Immobilier,e0815411__open-data-controles-2021-v20220921.csv,365,annee_source_absente
2021-2cd9e7c0-1,2021,rgpd,RGPD,sur_place,sur place,ÉCOLE DE LA 2ème CHANCE (E2C),ECOLE DE LA 2EME CHANCE E2C,MARSEILLE,13,13,FR,FRANCE,education,education_culture_sport,Éducation,e0815411__open-data-controles-2021-v20220921.csv,366,annee_source_absente
2021-22d14899-1,2021,rgpd,RGPD,sur_place,sur place,LYCAMOBILE,LYCAMOBILE,PARIS,75,75,FR,FRANCE,travail,travail,Travail,e0815411__open-data-controles-2021-v20220921.csv,367,annee_source_absente
2021-287f965b-1,2021,rgpd,RGPD,sur_place,sur place,SOCIÉTÉ QARE,SOCIETE QARE,PARIS,75,75,FR,FRANCE,sante,sante_social,Santé,e0815411__open-data-controles-2021-v20220921.csv,368,annee_source_absente
2021-00c07794-1,2021,rgpd,RGPD,sur_place,sur place,SOFTWAY MEDICAL,SOFTWAY MEDICAL,MEYREUIL,13,13,FR,FRANCE,sante,sante_social,Santé,e0815411__open-data-controles-2021-v20220921.csv,369,annee_source_absente
2021-2af89f85-1,2021,rgpd,RGPD,en_ligne,en ligne,IPOOME,IPOOME,ISSY LES MOULINEAUX,92,92,FR,FRANCE,commerce,commerce,Commerce,e0815411__open-data-controles-2021-v20220921.csv,370,annee_source_absente
2021-e75b82cf-1,2021,rgpd,RGPD,sur_place,sur place,IPOOME,IPOOME,ISSY LES MOULINEAUX,92,92,FR,FRANCE,commerce,commerce,Commerce,e0815411__open-data-controles-2021-v20220921.csv,371,annee_source_absente
2021-b79a62d1-1,2021,rgpd,RGPD,en_ligne,en ligne,KERING,KERING,PARIS,75,75,FR,FRANCE,commerce,commerce,Commerce,e0815411__open-data-controles-2021-v20220921.csv,372,annee_source_absente
2021-e66d7436-1,2021,rgpd,RGPD,sur_place,sur place,SOLWARE HOLDING,SOLWARE HOLDING,DARDILLY,69,69,FR,FRANCE,nouvelles_technologies,telecommunications,Nouvelles technologies,e0815411__open-data-controles-2021-v20220921.csv,373,annee_source_absente
2021-2e399ffd-1,2021,rgpd,RGPD,sur_place,sur place,SINOTRANS AIR,SINOTRANS AIR,PUTEAUX,92,92,FR,FRANCE,travail,travail,Travail,e0815411__open-data-controles-2021-v20220921.csv,374,annee_source_absente
2021-a3c35409-1,2021,rgpd,RGPD,sur_place,sur place,SOCIÉTÉS APLUS INFORMATIQUE ET FORM APLUS,SOCIETES APLUS INFORMATIQUE ET FORM APLUS,NICE,06,06,FR,FRANCE,travail,travail,Travail,e0815411__open-data-controles-2021-v20220921.csv,375,annee_source_absente|organisme_multiligne
2021-da1df629-1,2021,rgpd,RGPD,sur_place,sur place,INSTITUT EUROPÉEN SCIENCES HUMAINES,INSTITUT EUROPEEN SCIENCES HUMAINES,SAINT-LEGER-DE-FOUGERET,58,58,FR,FRANCE,education,education_culture_sport,Education,e0815411__open-data-controles-2021-v20220921.csv,377,annee_source_absente|organisme_multiligne
2021-34af4484-1,2021,rgpd,RGPD,sur_place,sur place,MARIDIS,MARIDIS,MARIGNANE,13,13,FR,FRANCE,commerce,commerce,Commerce,e0815411__open-data-controles-2021-v20220921.csv,379,annee_source_absente
2021-fbf71381-1,2021,rgpd,RGPD,sur_place,sur place,I@D FRANCE,I D FRANCE,LIEUSAINT,77,77,FR,FRANCE,immobilier,immobilier,Immobilier,e0815411__open-data-controles-2021-v20220921.csv,380,annee_source_absente
2021-d562b5fa-1,2021,rgpd,RGPD,sur_place,sur place,SCION DATA AGENCY,SCION DATA AGENCY,NEUILLY-SUR-SEINE,92,92,FR,FRANCE,nouvelles_technologies,telecommunications,Nouvelles technologies,e0815411__open-data-controles-2021-v20220921.csv,381,annee_source_absente
2021-ee8bd91b-1,2021,rgpd,RGPD,sur_place,sur place,Caisse Centrale Activité Sociale (CCAS),CAISSE CENTRALE ACTIVITE SOCIALE CCAS,MONTRIEUIL,93,93,FR,FRANCE,social,sante_social,Social,e0815411__open-data-controles-2021-v20220921.csv,382,annee_source_absente
2021-88eceb7a-1,2021,rgpd,RGPD,sur_place,sur place,HEBERGEMENT ET INFOGÉRANCE DES SYSTEMES D'INFORMATIONS,HEBERGEMENT ET INFOGERANCE DES SYSTEMES D INFORMATIONS,PARIS,75,75,FR,FRANCE,sante,sante_social,Santé,e0815411__open-data-controles-2021-v20220921.csv,383,annee_source_absente
2021-e43c46b9-1,2021,rgpd,RGPD,en_ligne,en ligne,meteoFRANCE.fr,METEOFRANCE FR,SAINT MANDE,75,75,FR,FRANCE,inconnu,autres,,e0815411__open-data-controles-2021-v20220921.csv,384,annee_source_absente|secteur_vide
2021-df5f15c4-1,2021,rgpd,RGPD,en_ligne,en ligne,dons.restosducoeur.org,DONS RESTOSDUCOEUR ORG,PARIS,75,75,FR,FRANCE,associatif,associatif,Associatif,e0815411__open-data-controles-2021-v20220921.csv,385,annee_source_absente
2021-8020abfb-1,2021,rgpd,RGPD,en_ligne,en ligne,agroparistech.fr,AGROPARISTECH FR,PARIS,75,75,FR,FRANCE,education,education_culture_sport,Education,e0815411__open-data-controles-2021-v20220921.csv,386,annee_source_absente
2021-9b7468c9-1,2021,rgpd,RGPD,en_ligne,en ligne,mines-nancy.univ-lorraine.fr,MINES NANCY UNIV LORRAINE FR,NANCY,54,54,FR,FRANCE,education,education_culture_sport,Education,e0815411__open-data-controles-2021-v20220921.csv,387,annee_source_absente
2021-f861d749-1,2021,rgpd,RGPD,en_ligne,en ligne,inp-toulouse.fr,INP TOULOUSE FR,TOULOUSE,31,31,FR,FRANCE,education,education_culture_sport,Education,e0815411__open-data-controles-2021-v20220921.csv,388,annee_source_absente
2021-620bd871-1,2021,rgpd,RGPD,en_ligne,en ligne,isae-supaero.fr,ISAE SUPAERO FR,TOULOUSE,31,31,FR,FRANCE,education,education_culture_sport,Education,e0815411__open-data-controles-2021-v20220921.csv,389,annee_source_absente
2021-c880d157-1,2021,rgpd,RGPD,en_ligne,en ligne,monalbumphoto.fr,MONALBUMPHOTO FR,PARIS,75,75,FR,FRANCE,commerce,commerce,Commerce,e0815411__open-data-controles-2021-v20220921.csv,390,annee_source_absente
2021-2e8eeac6-1,2021,rgpd,RGPD,en_ligne,en ligne,shop.mango.com,SHOP MANGO COM,PARIS,75,75,FR,FRANCE,commerce,commerce,Commerce,e0815411__open-data-controles-2021-v20220921.csv,391,annee_source_absente
2021-78ce635f-1,2021,rgpd,RGPD,en_ligne,en ligne,zara.com,ZARA COM,PARIS,75,75,FR,FRANCE,commerce,commerce,Commerce,e0815411__open-data-controles-2021-v20220921.csv,392,annee_source_absente
2021-7a304f6d-1,2021,rgpd,RGPD,en_ligne,en ligne,ray-ban.com,RAY BAN COM,VALBONNE,06,06,FR,FRANCE,commerce,commerce,Commerce,e0815411__open-data-controles-2021-v20220921.csv,393,annee_source_absente
2021-2f2d588d-1,2021,rgpd,RGPD,en_ligne,en ligne,nouveaupartianticapitaliste.org,NOUVEAUPARTIANTICAPITALISTE ORG,PARIS,75,75,FR,FRANCE,politique,politique,Activités politiques,e0815411__open-data-controles-2021-v20220921.csv,394,annee_source_absente
2021-ee65a387-1,2021,rgpd,RGPD,en_ligne,en ligne,resistons-FRANCE.fr,RESISTONS FRANCE FR,PARIS,75,75,FR,FRANCE,politique,politique,Activités politiques,e0815411__open-data-controles-2021-v20220921.csv,395,annee_source_absente
2021-6926a576-1,2021,rgpd,RGPD,en_ligne,en ligne,parti-socialiste.fr,PARTI SOCIALISTE FR,PARIS,75,75,FR,FRANCE,politique,politique,Activités politiques,e0815411__open-data-controles-2021-v20220921.csv,396,annee_source_absente
2021-b0cba451-1,2021,rgpd,RGPD,en_ligne,en ligne,upr.fr,UPR FR,PARIS,75,75,FR,FRANCE,politique,politique,Activités politiques,e0815411__open-data-controles-2021-v20220921.csv,397,annee_source_absente
2021-90b3afd7-1,2021,rgpd,RGPD,en_ligne,en ligne,change.org,CHANGE ORG,PARIS,75,75,FR,FRANCE,associatif,associatif,Associatif,e0815411__open-data-controles-2021-v20220921.csv,398,annee_source_absente
2021-fc0a40fd-1,2021,rgpd,RGPD,en_ligne,en ligne,ryanair.com,RYANAIR COM,MARIGNANE,13,13,FR,FRANCE,transports,transports,Transports,e0815411__open-data-controles-2021-v20220921.csv,399,annee_source_absente
2021-034954e4-1,2021,rgpd,RGPD,en_ligne,en ligne,thalys.com,THALYS COM,BELGIQUE,,,FR,FRANCE,transports,transports,Transports,e0815411__open-data-controles-2021-v20220921.csv,400,annee_source_absente|departement_vide
2021-bfc5c506-1,2021,rgpd,RGPD,en_ligne,en ligne,thetrainline.com,THETRAINLINE COM,PARIS,75,75,FR,FRANCE,transports,transports,Transports,e0815411__open-data-controles-2021-v20220921.csv,401,annee_source_absente
2021-d5b80728-1,2021,rgpd,RGPD,en_ligne,en ligne,auchan.fr,AUCHAN FR,VILLENEUVE D'ASCQ,59,59,FR,FRANCE,commerce,commerce,Commerce,e0815411__open-data-controles-2021-v20220921.csv,402,annee_source_absente
2021-6f1b4a74-1,2021,rgpd,RGPD,en_ligne,en ligne,decathlon.fr,DECATHLON FR,VILLENEUVE D'ASCQ,59,59,FR,FRANCE,commerce,commerce,Commerce,e0815411__open-data-controles-2021-v20220921.csv,403,annee_source_absente
2021-044b723b-1,2021,rgpd,RGPD,en_ligne,en ligne,sephora.fr,SEPHORA FR,NEUILLY-SUR-SEINE,92,92,FR,FRANCE,commerce,commerce,Commerce,e0815411__open-data-controles-2021-v20220921.csv,404,annee_source_absente
2021-ca6120f2-1,2021,rgpd,RGPD,en_ligne,en ligne,laredoute.fr,LAREDOUTE FR,ROUBAIX,59,59,FR,FRANCE,commerce,commerce,Commerce,e0815411__open-data-controles-2021-v20220921.csv,405,annee_source_absente
2021-2fc1f587-1,2021,rgpd,RGPD,en_ligne,en ligne,rueducommerce.fr,RUEDUCOMMERCE FR,PARIS,75,75,FR,FRANCE,commerce,commerce,Commerce,e0815411__open-data-controles-2021-v20220921.csv,406,annee_source_absente
2021-d35d52ff-1,2021,rgpd,RGPD,en_ligne,en ligne,easydeclaration.com,EASYDECLARATION COM,PARIS,75,75,FR,FRANCE,sante,sante_social,Santé,e0815411__open-data-controles-2021-v20220921.csv,407,annee_source_absente
2021-dca3c732-1,2021,rgpd,RGPD,en_ligne,en ligne,spareka.fr,SPAREKA FR,MONTREUIL,93,93,FR,FRANCE,commerce,commerce,Commerce,e0815411__open-data-controles-2021-v20220921.csv,408,annee_source_absente
2021-62a8c244-1,2021,rgpd,RGPD,en_ligne,en ligne,grandfrais.com,GRANDFRAIS COM,GIVORS,75,75,FR,FRANCE,commerce,commerce,Commerce,e0815411__open-data-controles-2021-v20220921.csv,409,annee_source_absente
2021-66548b15-1,2021,rgpd,RGPD,en_ligne,en ligne,sos-accessoire.com,SOS ACCESSOIRE COM,ELANCOURT,78,78,FR,FRANCE,commerce,commerce,Commerce,e0815411__open-data-controles-2021-v20220921.csv,410,annee_source_absente
2021-832fb1ec-1,2021,rgpd,RGPD,en_ligne,en ligne,interflora.fr,INTERFLORA FR,LYON,69,69,FR,FRANCE,commerce,commerce,Commerce,e0815411__open-data-controles-2021-v20220921.csv,411,annee_source_absente
2021-6c45a49f-1,2021,rgpd,RGPD,en_ligne,en ligne,medadom.com,MEDADOM COM,PARIS,75,75,FR,FRANCE,sante,sante_social,Santé,e0815411__open-data-controles-2021-v20220921.csv,412,annee_source_absente
2021-ef2a0472-1,2021,rgpd,RGPD,en_ligne,en ligne,www.geneanet.org,WWW GENEANET ORG,PARIS,75,75,FR,FRANCE,commerce,commerce,Commerce,e0815411__open-data-controles-2021-v20220921.csv,413,annee_source_absente
2021-dcc3cd7b-1,2021,rgpd,RGPD,en_ligne,en ligne,chassepassion.net,CHASSEPASSION NET,CHESSY,77,77,FR,FRANCE,commerce,commerce,Commerce,e0815411__open-data-controles-2021-v20220921.csv,414,annee_source_absente
2021-02477e9c-1,2021,rgpd,RGPD,en_ligne,en ligne,tscfrance.com,TSCFRANCE COM,FLAXLANDEN,68,68,FR,FRANCE,commerce,commerce,Commerce,e0815411__open-data-controles-2021-v20220921.csv,415,annee_source_absente
2021-9c7e5da9-1,2021,rgpd,RGPD,en_ligne,en ligne,magasingrandtrain.sncf.com,MAGASINGRANDTRAIN SNCF COM,BOULOGNE-BILLANCOURT,92,92,FR,FRANCE,commerce,commerce,Commerce,e0815411__open-data-controles-2021-v20220921.csv,416,annee_source_absente
2021-5df96d95-1,2021,rgpd,RGPD,sur_pieces,sur pièces,EXPERTSENDER,EXPERTSENDER,GDANSK,,,PL,POLOGNE,commerce,commerce,Commerce,e0815411__open-data-controles-2021-v20220921.csv,417,annee_source_absente|departement_vide
2021-ae3f743d-1,2021,rgpd,RGPD,en_ligne,en ligne,LAKOOZ,LAKOOZ,PARIS,75,75,FR,FRANCE,commerce,commerce,Commerce,e0815411__open-data-controles-2021-v20220921.csv,418,annee_source_absente
2021-07dd631b-1,2021,rgpd,RGPD,sur_place,sur place,LAKOOZ,LAKOOZ,PARIS,75,75,FR,FRANCE,commerce,commerce,Commerce,e0815411__open-data-controles-2021-v20220921.csv,419,annee_source_absente
2021-1937627a-1,2021,rgpd,RGPD,en_ligne,en ligne,COSMOSPACE - TELEMAQUE,COSMOSPACE TELEMAQUE,VALBONNE,06,06,FR,FRANCE,commerce,commerce,Commerce,e0815411__open-data-controles-2021-v20220921.csv,420,annee_source_absente
2021-7d298973-1,2021,rgpd,RGPD,sur_place,sur place,COSMOSPACE - TELEMAQUE,COSMOSPACE TELEMAQUE,VALBONNE,06,06,FR,FRANCE,commerce,commerce,Commerce,e0815411__open-data-controles-2021-v20220921.csv,421,annee_source_absente
2021-7d298973-2,2021,rgpd,RGPD,sur_place,sur place,COSMOSPACE - TELEMAQUE,COSMOSPACE TELEMAQUE,VALBONNE,06,06,FR,FRANCE,commerce,commerce,Commerce,e0815411__open-data-controles-2021-v20220921.csv,422,annee_source_absente|ligne_dupliquee
2021-85d65bd9-1,2021,rgpd,RGPD,sur_place,sur place,VINCI IMMOBILIER PROMOTION,VINCI IMMOBILIER PROMOTION,BOULOGNE-BILLANCOURT,92,92,FR,FRANCE,immobilier,immobilier,Immobilier,e0815411__open-data-controles-2021-v20220921.csv,423,annee_source_absente
2021-01a802a8-1,2021,rgpd,RGPD,sur_place,sur place,IBOO,IBOO,NANTES,44,44,FR,FRANCE,commerce,commerce,Commerce,e0815411__open-data-controles-2021-v20220921.csv,424,annee_source_absente
2021-4ce26d36-1,2021,rgpd,RGPD,sur_place,sur place,DOCAPOST,DOCAPOST,IVRY-SUR-SEINE,94,94,FR,FRANCE,inconnu,autres,,e0815411__open-data-controles-2021-v20220921.csv,425,annee_source_absente|secteur_vide
2021-33cf00c8-1,2021,rgpd,RGPD,sur_place,sur place,EMOTION'S AGENCY - SANIPASS SOLUTIONS,EMOTION S AGENCY SANIPASS SOLUTIONS,MONDREVILLE,14,14,FR,FRANCE,sante,sante_social,Santé,e0815411__open-data-controles-2021-v20220921.csv,426,annee_source_absente
2021-f9f6f42d-1,2021,rgpd,RGPD,en_ligne,en ligne,GENIUSWARE,GENIUSWARE,PARIS,75,75,FR,FRANCE,nouvelles_technologies,telecommunications,Nouvelles technologies,e0815411__open-data-controles-2021-v20220921.csv,427,annee_source_absente
2021-12ad65a1-1,2021,rgpd,RGPD,sur_place,sur place,TRANS'EXPRESS SERVICES,TRANS EXPRESS SERVICES,ANNECY,74,74,FR,FRANCE,travail,travail,Travail,e0815411__open-data-controles-2021-v20220921.csv,428,annee_source_absente
2021-835060cd-1,2021,rgpd,RGPD,sur_place,sur place,COMMUNE DE CHAMBÉRY,COMMUNE DE CHAMBERY,CHAMBERY,73,73,FR,FRANCE,collectivites_territoriales,collectivites_territoriales,Collectivités territoriales,e0815411__open-data-controles-2021-v20220921.csv,429,annee_source_absente
2021-4aec655f-1,2021,rgpd,RGPD,en_ligne,en ligne,FRANCE EDL,FRANCE EDL,PARIS,75,75,FR,FRANCE,environnement,energie_environnement,Environnement,e0815411__open-data-controles-2021-v20220921.csv,430,annee_source_absente
2021-9f183065-1,2021,rgpd,RGPD,sur_pieces,sur pièces,COMMUNE D'ORLÉANS,COMMUNE D ORLEANS,ORLÉANS,45,45,FR,FRANCE,collectivites_territoriales,collectivites_territoriales,Collectivités territoriales,e0815411__open-data-controles-2021-v20220921.csv,431,annee_source_absente
2022-447986d4-1,2022,rgpd,RGPD,sur_place,sur place,UNIVERSITÉ DE LILLE,UNIVERSITE DE LILLE,LILLE,59,59,FR,FRANCE,education,education_culture_sport,Éducation,c2bdd9d5__open-data-controles-cnil-2022-v20231003.csv,4,annee_source_absente
2022-47347b6b-1,2022,rgpd,RGPD,sur_pieces,sur pièces,MINISTÈRE DE L'INTÉRIEUR ET DES OUTRE-MERS,MINISTERE DE L INTERIEUR ET DES OUTRE MERS,PARIS,75,75,FR,FRANCE,regalien,etat_regalien,Régalien,c2bdd9d5__open-data-controles-cnil-2022-v20231003.csv,5,annee_source_absente
2022-47347b6b-2,2022,rgpd,RGPD,sur_pieces,sur pièces,MINISTÈRE DE L'INTÉRIEUR ET DES OUTRE-MERS,MINISTERE DE L INTERIEUR ET DES OUTRE MERS,PARIS,75,75,FR,FRANCE,regalien,etat_regalien,Régalien,c2bdd9d5__open-data-controles-cnil-2022-v20231003.csv,6,annee_source_absente|ligne_dupliquee
2022-8caa5a29-1,2022,rgpd,RGPD,sur_place,sur place,D-CODES,D CODES,NEUILLY-SUR-SEINE,92,92,FR,FRANCE,politique,politique,Activités politiques,c2bdd9d5__open-data-controles-cnil-2022-v20231003.csv,7,annee_source_absente
2022-9830523c-1,2022,rgpd,RGPD,sur_pieces,sur pièces,D-CODES,D CODES,NEUILLY-SUR-SEINE,92,92,FR,FRANCE,politique,politique,Activités politiques,c2bdd9d5__open-data-controles-cnil-2022-v20231003.csv,8,annee_source_absente
2022-1be7ad8e-1,2022,rgpd,RGPD,sur_place,sur place,ON AIR,ON AIR,LIEUSAINT,77,77,FR,FRANCE,sport,education_culture_sport,Sport,c2bdd9d5__open-data-controles-cnil-2022-v20231003.csv,9,annee_source_absente
2022-a87f3faf-1,2022,rgpd,RGPD,sur_place,sur place,FONDATION POUR LA NATURE ET L'HOMME,FONDATION POUR LA NATURE ET L HOMME,BOULOGNE-BILLANCOURT,92,92,FR,FRANCE,associatif,associatif,Associatif,c2bdd9d5__open-data-controles-cnil-2022-v20231003.csv,10,annee_source_absente
2022-d3747264-1,2022,rgpd,RGPD,sur_audition,sur audition,SCION DATA AGENCY,SCION DATA AGENCY,NEUILLY-SUR-SEINE,92,92,FR,FRANCE,commerce,commerce,Commerce,c2bdd9d5__open-data-controles-cnil-2022-v20231003.csv,11,annee_source_absente
2022-34465bc9-1,2022,rgpd,RGPD,sur_place,sur place,SIGNATURE INT,SIGNATURE INT,PARIS,75,75,FR,FRANCE,commerce,commerce,Commerce,c2bdd9d5__open-data-controles-cnil-2022-v20231003.csv,12,annee_source_absente
2022-190d457c-1,2022,rgpd,RGPD,sur_audition,sur audition,SIGNATURE INT,SIGNATURE INT,PARIS,75,75,FR,FRANCE,commerce,commerce,Commerce,c2bdd9d5__open-data-controles-cnil-2022-v20231003.csv,14,annee_source_absente
2022-59935c65-1,2022,rgpd,RGPD,sur_audition,sur audition,IBOO,IBOO,NANTES,44,44,FR,FRANCE,commerce,commerce,Commerce,c2bdd9d5__open-data-controles-cnil-2022-v20231003.csv,16,annee_source_absente
2022-c41e286f-1,2022,rgpd,RGPD,sur_pieces,sur pièces,GENIUSWARE,GENIUSWARE,MONTESSON,78,78,FR,FRANCE,commerce,commerce,Commerce,c2bdd9d5__open-data-controles-cnil-2022-v20231003.csv,17,annee_source_absente
2022-b5335472-1,2022,rgpd,RGPD,sur_audition,sur audition,GENIUSWARE,GENIUSWARE,MONTESSON,78,78,FR,FRANCE,commerce,commerce,Commerce,c2bdd9d5__open-data-controles-cnil-2022-v20231003.csv,18,annee_source_absente
2022-71bda69a-1,2022,rgpd,RGPD,en_ligne,en ligne,DISTRIX,DISTRIX,TOULOUSE,32,32,FR,FRANCE,commerce,commerce,Commerce,c2bdd9d5__open-data-controles-cnil-2022-v20231003.csv,19,annee_source_absente
2022-0c679119-1,2022,rgpd,RGPD,sur_pieces,sur pièces,DISTRIX,DISTRIX,TOULOUSE,31,31,FR,FRANCE,commerce,commerce,Commerce,c2bdd9d5__open-data-controles-cnil-2022-v20231003.csv,20,annee_source_absente
2022-a9c66802-1,2022,rgpd,RGPD,en_ligne,en ligne,FRANCE EDL,FRANCE EDL,LYON,69,69,FR,FRANCE,immobilier,immobilier,Immobilier,c2bdd9d5__open-data-controles-cnil-2022-v20231003.csv,21,annee_source_absente
2022-a9c66802-2,2022,rgpd,RGPD,en_ligne,en ligne,FRANCE EDL,FRANCE EDL,LYON,69,69,FR,FRANCE,immobilier,immobilier,Immobilier,c2bdd9d5__open-data-controles-cnil-2022-v20231003.csv,22,annee_source_absente|ligne_dupliquee
2022-1d0fb14c-1,2022,rgpd,RGPD,sur_pieces,sur pièces,BOUYGUES TELECOM,BOUYGUES TELECOM,PARIS,75,75,FR,FRANCE,telecommunications,telecommunications,Télécommunications,c2bdd9d5__open-data-controles-cnil-2022-v20231003.csv,23,annee_source_absente
2022-1da0f0f9-1,2022,rgpd,RGPD,en_ligne,en ligne,BOUYGUES TELECOM,BOUYGUES TELECOM,PARIS,75,75,FR,FRANCE,telecommunications,telecommunications,Télécommunications,c2bdd9d5__open-data-controles-cnil-2022-v20231003.csv,24,annee_source_absente
2022-75894dc1-1,2022,rgpd,RGPD,sur_audition,sur audition,BOUYGUES TELECOM,BOUYGUES TELECOM,PARIS,75,75,FR,FRANCE,telecommunications,telecommunications,Télécommunications,c2bdd9d5__open-data-controles-cnil-2022-v20231003.csv,25,annee_source_absente
2022-a970125b-1,2022,rgpd,RGPD,sur_place,sur place,ASSISTANCE PUBLIQUE - HOPITAUX DE PARIS,ASSISTANCE PUBLIQUE HOPITAUX DE PARIS,PARIS,75,75,FR,FRANCE,sante,sante_social,Santé,c2bdd9d5__open-data-controles-cnil-2022-v20231003.csv,26,annee_source_absente
2022-f5de0764-1,2022,rgpd,RGPD,sur_pieces,sur pièces,CAISSE NATIONALE D'ALLOCATIONS FAMILIALES,CAISSE NATIONALE D ALLOCATIONS FAMILIALES,PARIS,75,75,FR,FRANCE,social,sante_social,Social,c2bdd9d5__open-data-controles-cnil-2022-v20231003.csv,27,annee_source_absente
2022-bad1f83d-1,2022,rgpd,RGPD,sur_pieces,sur pièces,FONDATION DE COOPÉRATION SCIENTIFIQUE,FONDATION DE COOPERATION SCIENTIFIQUE,STRASBOURG,67,67,FR,FRANCE,sante,sante_social,Santé,c2bdd9d5__open-data-controles-cnil-2022-v20231003.csv,28,annee_source_absente
2022-39e57c1c-1,2022,rgpd,RGPD,sur_pieces,sur pièces,FONDATION MÉDITERRANÉE INFECTION,FONDATION MEDITERRANEE INFECTION,MARSEILLE,13,13,FR,FRANCE,sante,sante_social,Santé,c2bdd9d5__open-data-controles-cnil-2022-v20231003.csv,29,annee_source_absente
2022-5af79743-1,2022,rgpd,RGPD,en_ligne,en ligne,VENTE-UNIQUE.COM,VENTE UNIQUE COM,LE PRÉ SAINT-GERVAIS,93,93,FR,FRANCE,commerce,commerce,Commerce,c2bdd9d5__open-data-controles-cnil-2022-v20231003.csv,30,annee_source_absente
2022-60145e38-1,2022,rgpd,RGPD,sur_audition,sur audition,VENTE-UNIQUE.COM,VENTE UNIQUE COM,LE PRÉ SAINT-GERVAIS,93,93,FR,FRANCE,commerce,commerce,Commerce,c2bdd9d5__open-data-controles-cnil-2022-v20231003.csv,31,annee_source_absente
2022-9201e905-1,2022,rgpd,RGPD,en_ligne,en ligne,FNAC DIRECT FNAC DARTY PARTICIPATIONS ET SERVICES,FNAC DIRECT FNAC DARTY PARTICIPATIONS ET SERVICES,PARIS,75,75,FR,FRANCE,commerce,commerce,Commerce,c2bdd9d5__open-data-controles-cnil-2022-v20231003.csv,32,annee_source_absente|organisme_multiligne
2022-f12a4ade-1,2022,rgpd,RGPD,sur_place,sur place,FNAC DIRECT FNAC DARTY PARTICIPATIONS ET SERVICES,FNAC DIRECT FNAC DARTY PARTICIPATIONS ET SERVICES,IVRY-SUR-SEINE,94,94,FR,FRANCE,commerce,commerce,Commerce,c2bdd9d5__open-data-controles-cnil-2022-v20231003.csv,34,annee_source_absente|organisme_multiligne
2022-f12a4ade-2,2022,rgpd,RGPD,sur_place,sur place,FNAC DIRECT FNAC DARTY PARTICIPATIONS ET SERVICES,FNAC DIRECT FNAC DARTY PARTICIPATIONS ET SERVICES,IVRY-SUR-SEINE,94,94,FR,FRANCE,commerce,commerce,Commerce,c2bdd9d5__open-data-controles-cnil-2022-v20231003.csv,36,annee_source_absente|organisme_multiligne|ligne_dupliquee
2022-a0b138b6-1,2022,rgpd,RGPD,sur_audition,sur audition,DIGITLABS,DIGITLABS,BOULOGNE-BILLANCOURT,92,92,FR,FRANCE,commerce,commerce,Commerce,c2bdd9d5__open-data-controles-cnil-2022-v20231003.csv,38,annee_source_absente
2022-2d329190-1,2022,rgpd,RGPD,sur_place,sur place,PROMOTION PICHET,PROMOTION PICHET,PARIS,75,75,FR,FRANCE,immobilier,immobilier,Immobilier,c2bdd9d5__open-data-controles-cnil-2022-v20231003.csv,39,annee_source_absente
2022-cde05a60-1,2022,rgpd,RGPD,en_ligne,en ligne,GOOGLE LLC,GOOGLE LLC,MONTAIN VIEW,,,US,ÉTATS-UNIS,commerce,commerce,Commerce,c2bdd9d5__open-data-controles-cnil-2022-v20231003.csv,40,annee_source_absente|departement_vide
2022-f5f4a444-1,2022,rgpd,RGPD,sur_pieces,sur pièces,GOOGLE LLC,GOOGLE LLC,MONTAIN VIEW,,,US,ÉTATS-UNIS,commerce,commerce,Commerce,c2bdd9d5__open-data-controles-cnil-2022-v20231003.csv,41,annee_source_absente|departement_vide
2022-65ecbc0a-1,2022,rgpd,RGPD,en_ligne,en ligne,ATLASFORMEN,ATLASFORMEN,PARIS,75,75,FR,FRANCE,commerce,commerce,Commerce,c2bdd9d5__open-data-controles-cnil-2022-v20231003.csv,42,annee_source_absente
2022-537dab73-1,2022,rgpd,RGPD,sur_audition,sur audition,ATLASFORMEN,ATLASFORMEN,PARIS,75,75,FR,FRANCE,commerce,commerce,Commerce,c2bdd9d5__open-data-controles-cnil-2022-v20231003.csv,43,annee_source_absente
2022-788b7f4b-1,2022,rgpd,RGPD,en_ligne,en ligne,PARTICULIER,PARTICULIER,ÉGLISENEUVE-PRÈS-BILLOM,63,63,FR,FRANCE,particulier,autres,Particulier,c2bdd9d5__open-data-controles-cnil-2022-v20231003.csv,44,annee_source_absente
2022-8d3e9af1-1,2022,rgpd,RGPD,en_ligne,en ligne,ELYZE,ELYZE,PARIS,75,75,FR,FRANCE,politique,politique,Activités politiques,c2bdd9d5__open-data-controles-cnil-2022-v20231003.csv,45,annee_source_absente
2022-afb54c49-1,2022,rgpd,RGPD,sur_pieces,sur pièces,ELYZE,ELYZE,PARIS,75,75,FR,FRANCE,politique,politique,Activités politiques,c2bdd9d5__open-data-controles-cnil-2022-v20231003.csv,46,annee_source_absente
2022-61d9c8ea-1,2022,rgpd,RGPD,en_ligne,en ligne,ONEPLUS,ONEPLUS,SHENZEN,,,CN,CHINE,telecommunications,telecommunications,Télécommunications,c2bdd9d5__open-data-controles-cnil-2022-v20231003.csv,47,annee_source_absente|departement_vide
2022-0afd9c60-1,2022,rgpd,RGPD,sur_pieces,sur pièces,ONEPLUS TECHNOLOGY CO,ONEPLUS TECHNOLOGY CO,SHENZEN,,,CN,CHINE,telecommunications,telecommunications,Télécommunications,c2bdd9d5__open-data-controles-cnil-2022-v20231003.csv,48,annee_source_absente|departement_vide
2022-88ee80c3-1,2022,rgpd,RGPD,sur_pieces,sur pièces,OPLUS MOBILETECH UK LIMITED,OPLUS MOBILETECH UK LIMITED,LONDRES,,,GB,ROYAUME-UNI,commerce,commerce,Commerce,c2bdd9d5__open-data-controles-cnil-2022-v20231003.csv,49,annee_source_absente|departement_vide
2022-87b5ec6a-1,2022,rgpd,RGPD,sur_place,sur place,COMMUNE DE VERNOUILLET,COMMUNE DE VERNOUILLET,VERNOUILLET,78,78,FR,FRANCE,collectivites_territoriales,collectivites_territoriales,Collectivités territoriales,c2bdd9d5__open-data-controles-cnil-2022-v20231003.csv,50,annee_source_absente
2022-41e8eac2-1,2022,rgpd,RGPD,sur_place,sur place,COMMUNE DE VERNEUIL-SUR-SEINE,COMMUNE DE VERNEUIL SUR SEINE,VERNEUIL-SUR-SEINE,78,78,FR,FRANCE,collectivites_territoriales,collectivites_territoriales,Collectivités territoriales,c2bdd9d5__open-data-controles-cnil-2022-v20231003.csv,51,annee_source_absente
2022-934c9957-1,2022,rgpd,RGPD,en_ligne,en ligne,RAKUTEN,RAKUTEN,PARIS,75,75,FR,FRANCE,commerce,commerce,Commerce,c2bdd9d5__open-data-controles-cnil-2022-v20231003.csv,52,annee_source_absente
2022-075da54f-1,2022,rgpd,RGPD,sur_place,sur place,RAKUTEN,RAKUTEN,PARIS,75,75,FR,FRANCE,commerce,commerce,Commerce,c2bdd9d5__open-data-controles-cnil-2022-v20231003.csv,53,annee_source_absente
2022-075da54f-2,2022,rgpd,RGPD,sur_place,sur place,RAKUTEN,RAKUTEN,PARIS,75,75,FR,FRANCE,commerce,commerce,Commerce,c2bdd9d5__open-data-controles-cnil-2022-v20231003.csv,54,annee_source_absente|ligne_dupliquee
2022-075da54f-3,2022,rgpd,RGPD,sur_place,sur place,RAKUTEN,RAKUTEN,PARIS,75,75,FR,FRANCE,commerce,commerce,Commerce,c2bdd9d5__open-data-controles-cnil-2022-v20231003.csv,55,annee_source_absente|ligne_dupliquee
2022-4f5de6db-1,2022,rgpd,RGPD,en_ligne,en ligne,YOUNITED,YOUNITED,PARIS,75,75,FR,FRANCE,banque,banque,Banque,c2bdd9d5__open-data-controles-cnil-2022-v20231003.csv,56,annee_source_absente
2022-61a29344-1,2022,rgpd,RGPD,sur_place,sur place,YOUNITED,YOUNITED,PARIS,75,75,FR,FRANCE,banque,banque,Banque,c2bdd9d5__open-data-controles-cnil-2022-v20231003.csv,57,annee_source_absente
2022-74b965d6-1,2022,rgpd,RGPD,sur_audition,sur audition,ASSOCIATION REVAV,ASSOCIATION REVAV,NEUILLY PLAISANCE,93,93,FR,FRANCE,associatif,associatif,Associatif,c2bdd9d5__open-data-controles-cnil-2022-v20231003.csv,58,annee_source_absente
2022-933bdb38-1,2022,rgpd,RGPD,sur_audition,sur audition,VO2 MEDICAL,VO2 MEDICAL,PINS-JUSTARET,31,31,FR,FRANCE,sante,sante_social,Santé,c2bdd9d5__open-data-controles-cnil-2022-v20231003.csv,59,annee_source_absente
2022-7c061133-1,2022,rgpd,RGPD,sur_place,sur place,ASSOCIATION FRANÇAISE CONTRE LES MYOPATHIES,ASSOCIATION FRANCAISE CONTRE LES MYOPATHIES,ÉVRY COURCOURONNES,91,91,FR,FRANCE,associatif,associatif,Associatif,c2bdd9d5__open-data-controles-cnil-2022-v20231003.csv,60,annee_source_absente
2022-45a9a186-1,2022,rgpd,RGPD,sur_place,sur place,DIRECTION NATIONALE DU RENSEIGNEMENT ET DES ENQUÊTES DOUANIÈRES,DIRECTION NATIONALE DU RENSEIGNEMENT ET DES ENQUETES DOUANIERES,IVRY-SUR-SEINE,94,94,FR,FRANCE,regalien,etat_regalien,Régalien,c2bdd9d5__open-data-controles-cnil-2022-v20231003.csv,61,annee_source_absente
2022-9616c4c7-1,2022,rgpd,RGPD,sur_place,sur place,M2M ORGANISATION,M2M ORGANISATION,LANGRES,52,52,FR,FRANCE,commerce,commerce,Commerce,c2bdd9d5__open-data-controles-cnil-2022-v20231003.csv,62,annee_source_absente
2022-9328a49a-1,2022,rgpd,RGPD,sur_place,sur place,M2M ORGANISATION,M2M ORGANISATION,CHAUMONT,52,52,FR,FRANCE,commerce,commerce,Commerce,c2bdd9d5__open-data-controles-cnil-2022-v20231003.csv,63,annee_source_absente
2022-1646e094-1,2022,rgpd,RGPD,en_ligne,en ligne,TRANSPORTS DISTRIBUTION LOGISTIQUE,TRANSPORTS DISTRIBUTION LOGISTIQUE,VILLERON,95,95,FR,FRANCE,transports,transports,Transports,c2bdd9d5__open-data-controles-cnil-2022-v20231003.csv,64,annee_source_absente
2022-344df0ca-1,2022,rgpd,RGPD,sur_audition,sur audition,TRANSPORTS DISTRIBUTION LOGISTIQUE,TRANSPORTS DISTRIBUTION LOGISTIQUE,VILLERON,95,95,FR,FRANCE,transports,transports,Transports,c2bdd9d5__open-data-controles-cnil-2022-v20231003.csv,65,annee_source_absente
2022-4b68ea6a-1,2022,rgpd,RGPD,sur_place,sur place,TEMPLIERS SECURITE,TEMPLIERS SECURITE,PARIS,75,75,FR,FRANCE,travail,travail,Travail,c2bdd9d5__open-data-controles-cnil-2022-v20231003.csv,66,annee_source_absente
2022-dcb85738-1,2022,rgpd,RGPD,sur_place,sur place,RECUP'39,RECUP 39,SAINT-CLAUDE,39,39,FR,FRANCE,commerce,commerce,Commerce,c2bdd9d5__open-data-controles-cnil-2022-v20231003.csv,67,annee_source_absente
2022-d4182016-1,2022,rgpd,RGPD,sur_place,sur place,AFFINIS,AFFINIS,PARIS,75,75,FR,FRANCE,commerce,commerce,Commerce,c2bdd9d5__open-data-controles-cnil-2022-v20231003.csv,68,annee_source_absente
2022-d210d74e-1,2022,rgpd,RGPD,sur_place,sur place,ESL ET NETWORK HOLDING SA,ESL ET NETWORK HOLDING SA,PARIS,75,75,FR,FRANCE,commerce,commerce,Commerce,c2bdd9d5__open-data-controles-cnil-2022-v20231003.csv,69,annee_source_absente
2022-5dee86f4-1,2022,rgpd,RGPD,sur_audition,sur audition,MINISTÈRE DE L'INTÉRIEUR ET DES OUTRE-MERS,MINISTERE DE L INTERIEUR ET DES OUTRE MERS,PARIS,75,75,FR,FRANCE,regalien,etat_regalien,Régalien,c2bdd9d5__open-data-controles-cnil-2022-v20231003.csv,70,annee_source_absente
2022-22b7d8ae-1,2022,rgpd,RGPD,sur_audition,sur audition,MINISTÈRE DE LA JUSTICE,MINISTERE DE LA JUSTICE,PARIS,75,75,FR,FRANCE,regalien,etat_regalien,Régalien,c2bdd9d5__open-data-controles-cnil-2022-v20231003.csv,72,annee_source_absente
2022-53ef15ff-1,2022,rgpd,RGPD,sur_pieces,sur pièces,MINISTÈRE DE LA JUSTICE,MINISTERE DE LA JUSTICE,BASTIA,20,20,FR,FRANCE,regalien,etat_regalien,Régalien,c2bdd9d5__open-data-controles-cnil-2022-v20231003.csv,73,annee_source_absente|departement_a_preciser
2022-88f8e446-1,2022,rgpd,RGPD,sur_pieces,sur pièces,MINISTÈRE DE LA JUSTICE,MINISTERE DE LA JUSTICE,MAMOUDZOU,97,97,FR,FRANCE,regalien,etat_regalien,Régalien,c2bdd9d5__open-data-controles-cnil-2022-v20231003.csv,74,annee_source_absente|departement_a_preciser
2022-22efed58-1,2022,rgpd,RGPD,sur_pieces,sur pièces,MINISTÈRE DE LA JUSTICE,MINISTERE DE LA JUSTICE,BOBIGNY,93,93,FR,FRANCE,regalien,etat_regalien,Régalien,c2bdd9d5__open-data-controles-cnil-2022-v20231003.csv,75,annee_source_absente
2022-bdb216d4-1,2022,rgpd,RGPD,sur_pieces,sur pièces,MINISTÈRE DE LA JUSTICE,MINISTERE DE LA JUSTICE,NANTERRE,92,92,FR,FRANCE,regalien,etat_regalien,Régalien,c2bdd9d5__open-data-controles-cnil-2022-v20231003.csv,76,annee_source_absente
2022-5e26f9ea-1,2022,rgpd,RGPD,sur_pieces,sur pièces,MINISTÈRE DE LA JUSTICE,MINISTERE DE LA JUSTICE,SAINT-GAUDENS,31,31,FR,FRANCE,regalien,etat_regalien,Régalien,c2bdd9d5__open-data-controles-cnil-2022-v20231003.csv,77,annee_source_absente
2022-e4474506-1,2022,rgpd,RGPD,sur_place,sur place,COMMUNE DE MAINCY,COMMUNE DE MAINCY,MAINCY,77,77,FR,FRANCE,collectivites_territoriales,collectivites_territoriales,Collectivités territoriales,c2bdd9d5__open-data-controles-cnil-2022-v20231003.csv,78,annee_source_absente
2022-db6d08d3-1,2022,rgpd,RGPD,sur_place,sur place,INSTITUT NATIONAL DE LA STATISTIQUE ET DES ÉTUDES ÉCONOMIQUES,INSTITUT NATIONAL DE LA STATISTIQUE ET DES ETUDES ECONOMIQUES,MONTROUGE,92,92,FR,FRANCE,statistiques_publiques,etat_regalien,Statistiques et enquêtes publiques,c2bdd9d5__open-data-controles-cnil-2022-v20231003.csv,79,annee_source_absente
2022-4a8dfb16-1,2022,rgpd,RGPD,sur_pieces,sur pièces,"MINISTÈRE DE L’ÉDUCATION NATIONALE, DE LA JEUNESSE ET DES SPORTS",MINISTERE DE LEDUCATION NATIONALE DE LA JEUNESSE ET DES SPORTS,PARIS,75,75,FR,FRANCE,regalien,etat_regalien,Régalien,c2bdd9d5__open-data-controles-cnil-2022-v20231003.csv,80,annee_source_absente
2022-1e9608fb-1,2022,rgpd,RGPD,sur_pieces,sur pièces,MINISTÈRE DE LA CULTURE,MINISTERE DE LA CULTURE,PARIS,75,75,FR,FRANCE,regalien,etat_regalien,Régalien,c2bdd9d5__open-data-controles-cnil-2022-v20231003.csv,81,annee_source_absente
2022-92054f89-1,2022,rgpd,RGPD,sur_pieces,sur pièces,MINISTÈRE DE LA TRANSITION ÉCOLOGIQUE,MINISTERE DE LA TRANSITION ECOLOGIQUE,PARIS,75,75,FR,FRANCE,regalien,etat_regalien,Régalien,c2bdd9d5__open-data-controles-cnil-2022-v20231003.csv,82,annee_source_absente
2022-4a9e1e60-1,2022,rgpd,RGPD,sur_pieces,sur pièces,"MINISTÈRE DU TRAVAIL, DE L’EMPLOI ET DE L’INSERTION",MINISTERE DU TRAVAIL DE LEMPLOI ET DE LINSERTION,PARIS,75,75,FR,FRANCE,regalien,etat_regalien,Régalien,c2bdd9d5__open-data-controles-cnil-2022-v20231003.csv,83,annee_source_absente
2022-a688417e-1,2022,rgpd,RGPD,sur_pieces,sur pièces,MINISTÈRE DE L'EUROPE ET DES AFFAIRES ÉTRANGÈRES,MINISTERE DE L EUROPE ET DES AFFAIRES ETRANGERES,PARIS,75,75,FR,FRANCE,regalien,etat_regalien,Régalien,c2bdd9d5__open-data-controles-cnil-2022-v20231003.csv,84,annee_source_absente
2022-a2e872f4-1,2022,rgpd,RGPD,sur_place,sur place,AGAPHONE SAS,AGAPHONE SAS,CABOURG,14,14,FR,FRANCE,commerce,commerce,Commerce,c2bdd9d5__open-data-controles-cnil-2022-v20231003.csv,85,annee_source_absente
2022-e9be38ed-1,2022,rgpd,RGPD,sur_place,sur place,OGEC LA JOLIVERIE,OGEC LA JOLIVERIE,SAINT-SEBASTIEN-SUR-LOIRE,44,44,FR,FRANCE,education,education_culture_sport,Éducation,c2bdd9d5__open-data-controles-cnil-2022-v20231003.csv,86,annee_source_absente
2022-cafe9e02-1,2022,rgpd,RGPD,sur_place,sur place,LHA DEVELOPPEMENT,LHA DEVELOPPEMENT,SAINT-MARCEL,71,71,FR,FRANCE,commerce,commerce,Commerce,c2bdd9d5__open-data-controles-cnil-2022-v20231003.csv,87,annee_source_absente
2022-8c881fcf-1,2022,rgpd,RGPD,sur_place,sur place,PLURIMEDIA,PLURIMEDIA,SCHILTIGHEIM,67,67,FR,FRANCE,presse,presse,Presse,c2bdd9d5__open-data-controles-cnil-2022-v20231003.csv,88,annee_source_absente
2022-63f284dd-1,2022,rgpd,RGPD,en_ligne,en ligne,DE PARTICULIER À PARTICULIER,DE PARTICULIER A PARTICULIER,PARIS,75,75,FR,FRANCE,immobilier,immobilier,Immobilier,c2bdd9d5__open-data-controles-cnil-2022-v20231003.csv,89,annee_source_absente
2022-62ca3ef0-1,2022,rgpd,RGPD,sur_place,sur place,DE PARTICULIER À PARTICULIER,DE PARTICULIER A PARTICULIER,PARIS,75,75,FR,FRANCE,immobilier,immobilier,Immobilier,c2bdd9d5__open-data-controles-cnil-2022-v20231003.csv,90,annee_source_absente
2022-f26d9a11-1,2022,rgpd,RGPD,sur_place,sur place,FOYER DE CACHAN,FOYER DE CACHAN,CACHAN,94,94,FR,FRANCE,associatif,associatif,Associatif,c2bdd9d5__open-data-controles-cnil-2022-v20231003.csv,91,annee_source_absente
2022-960ff40b-1,2022,rgpd,RGPD,sur_place,sur place,BASIC FIT II BASIC FIT France,BASIC FIT II BASIC FIT FRANCE,VILLENEUVE D'ASCQ,59,59,FR,FRANCE,sport,education_culture_sport,Sport,c2bdd9d5__open-data-controles-cnil-2022-v20231003.csv,92,annee_source_absente|organisme_multiligne
2022-9b73a570-1,2022,rgpd,RGPD,sur_place,sur place,BASIC FIT II,BASIC FIT II,LIMOGES,87,87,FR,FRANCE,sport,education_culture_sport,Sport,c2bdd9d5__open-data-controles-cnil-2022-v20231003.csv,94,annee_source_absente
2022-9b73a570-2,2022,rgpd,RGPD,sur_place,sur place,BASIC FIT II,BASIC FIT II,LIMOGES,87,87,FR,FRANCE,sport,education_culture_sport,Sport,c2bdd9d5__open-data-controles-cnil-2022-v20231003.csv,95,annee_source_absente|ligne_dupliquee
2022-836a69cc-1,2022,rgpd,RGPD,en_ligne,en ligne,SNCF CONNECT,SNCF CONNECT,PARIS,75,75,FR,FRANCE,transports,transports,Transports,c2bdd9d5__open-data-controles-cnil-2022-v20231003.csv,96,annee_source_absente
2022-836a69cc-2,2022,rgpd,RGPD,en_ligne,en ligne,SNCF CONNECT,SNCF CONNECT,PARIS,75,75,FR,FRANCE,transports,transports,Transports,c2bdd9d5__open-data-controles-cnil-2022-v20231003.csv,97,annee_source_absente|ligne_dupliquee
2022-915dbb35-1,2022,rgpd,RGPD,sur_place,sur place,SNCF CONNECT,SNCF CONNECT,NANTES,92,92,FR,FRANCE,transports,transports,Transports,c2bdd9d5__open-data-controles-cnil-2022-v20231003.csv,98,annee_source_absente
2022-915dbb35-2,2022,rgpd,RGPD,sur_place,sur place,SNCF CONNECT,SNCF CONNECT,NANTES,92,92,FR,FRANCE,transports,transports,Transports,c2bdd9d5__open-data-controles-cnil-2022-v20231003.csv,99,annee_source_absente|ligne_dupliquee
2022-996967e6-1,2022,rgpd,RGPD,sur_place,sur place,RELÈVE SERVICE PLUS,RELEVE SERVICE PLUS,MONTIGNY-LE-BRETONNEUX,78,78,FR,FRANCE,commerce,commerce,Commerce,c2bdd9d5__open-data-controles-cnil-2022-v20231003.csv,100,annee_source_absente
2022-ed55acdd-1,2022,rgpd,RGPD,sur_place,sur place,CAISSE NATIONALE DE L'ASSURANCE MALADIE,CAISSE NATIONALE DE L ASSURANCE MALADIE,PARIS,75,75,FR,FRANCE,sante,sante_social,Santé,c2bdd9d5__open-data-controles-cnil-2022-v20231003.csv,101,annee_source_absente
2022-882a41ac-1,2022,rgpd,RGPD,sur_place,sur place,LES TULIPIERS,LES TULIPIERS,COLOMIERS,31,31,FR,FRANCE,immobilier,immobilier,Immobilier,c2bdd9d5__open-data-controles-cnil-2022-v20231003.csv,102,annee_source_absente
2022-ebc9814c-1,2022,rgpd,RGPD,sur_pieces,sur pièces,LES TULIPIERS,LES TULIPIERS,COLOMIERS,31,31,FR,FRANCE,immobilier,immobilier,Immobilier,c2bdd9d5__open-data-controles-cnil-2022-v20231003.csv,103,annee_source_absente
2022-60a895db-1,2022,rgpd,RGPD,sur_place,sur place,ADIC,ADIC,UZÈS,30,30,FR,FRANCE,commerce,commerce,Commerce,c2bdd9d5__open-data-controles-cnil-2022-v20231003.csv,104,annee_source_absente
2022-9842f96f-1,2022,rgpd,RGPD,en_ligne,en ligne,LINKEDIN,LINKEDIN,PARIS,75,75,FR,FRANCE,commerce,commerce,Commerce,c2bdd9d5__open-data-controles-cnil-2022-v20231003.csv,105,annee_source_absente
2022-7e393349-1,2022,rgpd,RGPD,sur_place,sur place,LINKEDIN,LINKEDIN,PARIS,75,75,FR,FRANCE,commerce,commerce,Commerce,c2bdd9d5__open-data-controles-cnil-2022-v20231003.csv,106,annee_source_absente
2022-9842f96f-2,2022,rgpd,RGPD,en_ligne,en ligne,LINKEDIN,LINKEDIN,PARIS,75,75,FR,FRANCE,commerce,commerce,Commerce,c2bdd9d5__open-data-controles-cnil-2022-v20231003.csv,107,annee_source_absente|ligne_dupliquee
2022-7cd2bb19-1,2022,rgpd,RGPD,sur_pieces,sur pièces,AXA FRANCE IARD,AXA FRANCE IARD,PARIS,75,75,FR,FRANCE,assurance,assurance,Assurance,c2bdd9d5__open-data-controles-cnil-2022-v20231003.csv,108,annee_source_absente
2022-8765749e-1,2022,rgpd,RGPD,sur_place,sur place,CALOGA,CALOGA,MALAKOFF,92,92,FR,FRANCE,commerce,commerce,Commerce,c2bdd9d5__open-data-controles-cnil-2022-v20231003.csv,109,annee_source_absente
2022-8765749e-2,2022,rgpd,RGPD,sur_place,sur place,CALOGA,CALOGA,MALAKOFF,92,92,FR,FRANCE,commerce,commerce,Commerce,c2bdd9d5__open-data-controles-cnil-2022-v20231003.csv,110,annee_source_absente|ligne_dupliquee
2022-fcaaa356-1,2022,rgpd,RGPD,en_ligne,en ligne,COZY CLOUD,COZY CLOUD,SURESNES,92,92,FR,FRANCE,commerce,commerce,Commerce,c2bdd9d5__open-data-controles-cnil-2022-v20231003.csv,111,annee_source_absente
2022-27b75202-1,2022,rgpd,RGPD,sur_audition,sur audition,COZY CLOUD,COZY CLOUD,SURESNES,92,92,FR,FRANCE,commerce,commerce,Commerce,c2bdd9d5__open-data-controles-cnil-2022-v20231003.csv,112,annee_source_absente
2022-3ff92a8c-1,2022,rgpd,RGPD,en_ligne,en ligne,TAGADAMEDIA,TAGADAMEDIA,PARIS,75,75,FR,FRANCE,commerce,commerce,Commerce,c2bdd9d5__open-data-controles-cnil-2022-v20231003.csv,113,annee_source_absente
2022-68f7842f-1,2022,rgpd,RGPD,sur_place,sur place,TAGADAMEDIA,TAGADAMEDIA,PARIS,75,75,FR,FRANCE,commerce,commerce,Commerce,c2bdd9d5__open-data-controles-cnil-2022-v20231003.csv,114,annee_source_absente
2022-68f7842f-2,2022,rgpd,RGPD,sur_place,sur place,TAGADAMEDIA,TAGADAMEDIA,PARIS,75,75,FR,FRANCE,commerce,commerce,Commerce,c2bdd9d5__open-data-controles-cnil-2022-v20231003.csv,115,annee_source_absente|ligne_dupliquee
2022-a2dfa08f-1,2022,rgpd,RGPD,en_ligne,en ligne,CARREVOLUTIS,CARREVOLUTIS,PARIS,75,75,FR,FRANCE,commerce,commerce,Commerce,c2bdd9d5__open-data-controles-cnil-2022-v20231003.csv,116,annee_source_absente
2022-d0f202ea-1,2022,rgpd,RGPD,sur_place,sur place,CARREVOLUTIS,CARREVOLUTIS,PARIS,75,75,FR,FRANCE,commerce,commerce,Commerce,c2bdd9d5__open-data-controles-cnil-2022-v20231003.csv,117,annee_source_absente
2022-99ad2fbc-1,2022,rgpd,RGPD,sur_place,sur place,CARTÉGIE,CARTEGIE,BRUGES,33,33,FR,FRANCE,commerce,commerce,Commerce,c2bdd9d5__open-data-controles-cnil-2022-v20231003.csv,118,annee_source_absente
2022-99ad2fbc-2,2022,rgpd,RGPD,sur_place,sur place,CARTÉGIE,CARTEGIE,BRUGES,33,33,FR,FRANCE,commerce,commerce,Commerce,c2bdd9d5__open-data-controles-cnil-2022-v20231003.csv,119,annee_source_absente|ligne_dupliquee
2022-6e646136-1,2022,rgpd,RGPD,sur_audition,sur audition,LIPSKY MEDIA,LIPSKY MEDIA,NEUILLY-SUR-SEINE,92,92,FR,FRANCE,commerce,commerce,Commerce,c2bdd9d5__open-data-controles-cnil-2022-v20231003.csv,120,annee_source_absente
2022-ab1ca2eb-1,2022,rgpd,RGPD,sur_place,sur place,ASSOCIATION DIOCÉSAINE DE NICE ÉGLISE SAINT PIERRE D'ARÈNE,ASSOCIATION DIOCESAINE DE NICE EGLISE SAINT PIERRE D ARENE,NICE,06,06,FR,FRANCE,associatif,associatif,Associatif,c2bdd9d5__open-data-controles-cnil-2022-v20231003.csv,121,annee_source_absente|organisme_multiligne
2022-756180df-1,2022,rgpd,RGPD,en_ligne,en ligne,GAMELOFT,GAMELOFT,PARIS,75,75,FR,FRANCE,jeux,education_culture_sport,Jeux,c2bdd9d5__open-data-controles-cnil-2022-v20231003.csv,123,annee_source_absente
2022-c2bac44c-1,2022,rgpd,RGPD,sur_place,sur place,GAMELOFT,GAMELOFT,PARIS,75,75,FR,FRANCE,jeux,education_culture_sport,Jeux,c2bdd9d5__open-data-controles-cnil-2022-v20231003.csv,124,annee_source_absente
2022-756180df-2,2022,rgpd,RGPD,en_ligne,en ligne,GAMELOFT,GAMELOFT,PARIS,75,75,FR,FRANCE,jeux,education_culture_sport,Jeux,c2bdd9d5__open-data-controles-cnil-2022-v20231003.csv,125,annee_source_absente|ligne_dupliquee
2022-b1a8525f-1,2022,rgpd,RGPD,sur_place,sur place,IPECA PREVOYANCE,IPECA PREVOYANCE,PARIS,75,75,FR,FRANCE,sante,sante_social,Santé,c2bdd9d5__open-data-controles-cnil-2022-v20231003.csv,126,annee_source_absente
2022-7a1a0023-1,2022,rgpd,RGPD,sur_place,sur place,CENTRE HOSPITALIER RÉGIONAL DE MARSEILLE (ASSISTANCE PUBLIQUE - HOPITAUX MARSEILLE),CENTRE HOSPITALIER REGIONAL DE MARSEILLE ASSISTANCE PUBLIQUE HOPITAUX MARSEILLE,MARSEILLE,13,13,FR,FRANCE,sante,sante_social,Santé,c2bdd9d5__open-data-controles-cnil-2022-v20231003.csv,127,annee_source_absente|organisme_multiligne
2022-7a1a0023-2,2022,rgpd,RGPD,sur_place,sur place,CENTRE HOSPITALIER RÉGIONAL DE MARSEILLE (ASSISTANCE PUBLIQUE - HOPITAUX MARSEILLE),CENTRE HOSPITALIER REGIONAL DE MARSEILLE ASSISTANCE PUBLIQUE HOPITAUX MARSEILLE,MARSEILLE,13,13,FR,FRANCE,sante,sante_social,Santé,c2bdd9d5__open-data-controles-cnil-2022-v20231003.csv,129,annee_source_absente|organisme_multiligne|ligne_dupliquee
2022-eade4e30-1,2022,rgpd,RGPD,sur_place,sur place,MEDI-SERVICES,MEDI SERVICES,FRANCONVILLE,95,95,FR,FRANCE,sante,sante_social,Santé,c2bdd9d5__open-data-controles-cnil-2022-v20231003.csv,131,annee_source_absente
2022-fd2f46fa-1,2022,rgpd,RGPD,en_ligne,en ligne,FACEBOOK (META PLATFORMS IRELAND LIMITED),FACEBOOK META PLATFORMS IRELAND LIMITED,DUBLIN,,,IE,IRELAND,commerce,commerce,Commerce,c2bdd9d5__open-data-controles-cnil-2022-v20231003.csv,132,annee_source_absente|organisme_multiligne|departement_vide
2022-9ce21aca-1,2022,rgpd,RGPD,sur_audition,sur audition,RECONQUÊTE!,RECONQUETE,PARIS,75,75,FR,FRANCE,politique,politique,Activités politiques,c2bdd9d5__open-data-controles-cnil-2022-v20231003.csv,134,annee_source_absente
2022-9ce21aca-2,2022,rgpd,RGPD,sur_audition,sur audition,RECONQUÊTE!,RECONQUETE,PARIS,75,75,FR,FRANCE,politique,politique,Activités politiques,c2bdd9d5__open-data-controles-cnil-2022-v20231003.csv,135,annee_source_absente|ligne_dupliquee
2022-f8d5237f-1,2022,rgpd,RGPD,sur_audition,sur audition,RECONQUÊTE!,RECONQUETE,PARIS,76,76,FR,FRANCE,politique,politique,Activités politiques,c2bdd9d5__open-data-controles-cnil-2022-v20231003.csv,136,annee_source_absente
2022-1a476397-1,2022,rgpd,RGPD,sur_place,sur place,MAUD DERMO ESTHETIC AIX,MAUD DERMO ESTHETIC AIX,AIX-EN-PROVENCE,13,13,FR,FRANCE,commerce,commerce,Commerce,c2bdd9d5__open-data-controles-cnil-2022-v20231003.csv,137,annee_source_absente
2022-247d299c-1,2022,rgpd,RGPD,sur_place,sur place,PHARMACIE BODART,PHARMACIE BODART,LILLE,59,59,FR,FRANCE,sante,sante_social,Santé,c2bdd9d5__open-data-controles-cnil-2022-v20231003.csv,138,annee_source_absente
2022-b1d63209-1,2022,rgpd,RGPD,sur_place,sur place,GPF CLAEYS,GPF CLAEYS,LILLE,59,59,FR,FRANCE,commerce,commerce,Commerce,c2bdd9d5__open-data-controles-cnil-2022-v20231003.csv,139,annee_source_absente
2022-ab0b96e6-1,2022,rgpd,RGPD,sur_place,sur place,GRANDE PHARMACIE DE WAZEMMES,GRANDE PHARMACIE DE WAZEMMES,LILLE,60,60,FR,FRANCE,sante,sante_social,Santé,c2bdd9d5__open-data-controles-cnil-2022-v20231003.csv,140,annee_source_absente
2022-60a4de73-1,2022,rgpd,RGPD,sur_place,sur place,REWORLD MEDIA,REWORLD MEDIA,BOULOGNE-BILLANCOURT,92,92,FR,FRANCE,commerce,commerce,Commerce,c2bdd9d5__open-data-controles-cnil-2022-v20231003.csv,141,annee_source_absente
2022-60a4de73-2,2022,rgpd,RGPD,sur_place,sur place,REWORLD MEDIA,REWORLD MEDIA,BOULOGNE-BILLANCOURT,92,92,FR,FRANCE,commerce,commerce,Commerce,c2bdd9d5__open-data-controles-cnil-2022-v20231003.csv,142,annee_source_absente|ligne_dupliquee
2022-a5a5999a-1,2022,rgpd,RGPD,sur_place,sur place,APLIM,APLIM,SAINT-JEOIRE-PRIEURÉ,73,73,FR,FRANCE,commerce,commerce,Commerce,c2bdd9d5__open-data-controles-cnil-2022-v20231003.csv,143,annee_source_absente
2022-bb699734-1,2022,rgpd,RGPD,sur_place,sur place,VIDEO PLUS,VIDEO PLUS,COURBEVOIE,92,92,FR,FRANCE,commerce,commerce,Commerce,c2bdd9d5__open-data-controles-cnil-2022-v20231003.csv,144,annee_source_absente
2022-b2a0e033-1,2022,rgpd,RGPD,sur_pieces,sur pièces,TWITCH INTERACTIVE,TWITCH INTERACTIVE,PARIS,75,75,FR,FRANCE,jeux,education_culture_sport,Jeux,c2bdd9d5__open-data-controles-cnil-2022-v20231003.csv,145,annee_source_absente
2022-8fc3025f-1,2022,rgpd,RGPD,sur_pieces,sur pièces,CRÉDIT LYONNAIS,CREDIT LYONNAIS,PARIS,75,75,FR,FRANCE,banque,banque,Banque,c2bdd9d5__open-data-controles-cnil-2022-v20231003.csv,146,annee_source_absente
2022-6fac28bd-1,2022,rgpd,RGPD,sur_place,sur place,LAONDIS,LAONDIS,CHAMBRY,02,02,FR,FRANCE,commerce,commerce,Commerce,c2bdd9d5__open-data-controles-cnil-2022-v20231003.csv,147,annee_source_absente
2022-7d7ef388-1,2022,rgpd,RGPD,en_ligne,en ligne,LAONDIS,LAONDIS,CHAMBRY,02,02,FR,FRANCE,commerce,commerce,Commerce,c2bdd9d5__open-data-controles-cnil-2022-v20231003.csv,148,annee_source_absente
2022-310cf951-1,2022,rgpd,RGPD,sur_place,sur place,FRET VITE,FRET VITE,NOYAREY,38,38,FR,FRANCE,transports,transports,Transports,c2bdd9d5__open-data-controles-cnil-2022-v20231003.csv,149,annee_source_absente
2022-cfeab562-1,2022,rgpd,RGPD,sur_place,sur place,BANQUE COURTOIS,BANQUE COURTOIS,TOULOUSE,31,31,FR,FRANCE,banque,banque,Banque,c2bdd9d5__open-data-controles-cnil-2022-v20231003.csv,150,annee_source_absente
2022-e82d3668-1,2022,rgpd,RGPD,sur_place,sur place,BRODERIE DE LOMAGNE,BRODERIE DE LOMAGNE,AMBÈS,33,33,FR,FRANCE,commerce,commerce,Commerce,c2bdd9d5__open-data-controles-cnil-2022-v20231003.csv,151,annee_source_absente
2022-3c2acefa-1,2022,rgpd,RGPD,sur_place,sur place,ECONOCOM FRANCE,ECONOCOM FRANCE,PUTEAUX,92,92,FR,FRANCE,commerce,commerce,Commerce,c2bdd9d5__open-data-controles-cnil-2022-v20231003.csv,152,annee_source_absente
2022-b11f80dc-1,2022,rgpd,RGPD,sur_place,sur place,IDCAPT,IDCAPT,AVIGNON,84,84,FR,FRANCE,commerce,commerce,Commerce,c2bdd9d5__open-data-controles-cnil-2022-v20231003.csv,153,annee_source_absente
2022-05bbce24-1,2022,rgpd,RGPD,sur_pieces,sur pièces,SUEZ EAU FRANCE,SUEZ EAU FRANCE,PARIS,75,75,FR,FRANCE,commerce,commerce,Commerce,c2bdd9d5__open-data-controles-cnil-2022-v20231003.csv,154,annee_source_absente
2022-346bdbd5-1,2022,rgpd,RGPD,sur_audition,sur audition,TELEPERFORMANCE,TELEPERFORMANCE,PARIS,75,75,FR,FRANCE,commerce,commerce,Commerce,c2bdd9d5__open-data-controles-cnil-2022-v20231003.csv,155,annee_source_absente
2022-8df95965-1,2022,rgpd,RGPD,sur_place,sur place,TELEPERFORMANCE,TELEPERFORMANCE,PARIS,75,75,FR,FRANCE,commerce,commerce,Commerce,c2bdd9d5__open-data-controles-cnil-2022-v20231003.csv,156,annee_source_absente
2022-8df95965-2,2022,rgpd,RGPD,sur_place,sur place,TELEPERFORMANCE,TELEPERFORMANCE,PARIS,75,75,FR,FRANCE,commerce,commerce,Commerce,c2bdd9d5__open-data-controles-cnil-2022-v20231003.csv,157,annee_source_absente|ligne_dupliquee
2022-2fb89e73-1,2022,rgpd,RGPD,en_ligne,en ligne,SOCREDIT,SOCREDIT,TREMBLAY-EN-FRANCE,93,93,FR,FRANCE,banque,banque,Banque,c2bdd9d5__open-data-controles-cnil-2022-v20231003.csv,158,annee_source_absente
2022-a2f9762a-1,2022,rgpd,RGPD,sur_place,sur place,SOCREDIT,SOCREDIT,TREMBLAY-EN-FRANCE,93,93,FR,FRANCE,banque,banque,Banque,c2bdd9d5__open-data-controles-cnil-2022-v20231003.csv,159,annee_source_absente
2022-3e24aa23-1,2022,rgpd,RGPD,sur_audition,sur audition,MEDIA SPECK,MEDIA SPECK,SARCELLES,95,95,FR,FRANCE,commerce,commerce,Commerce,c2bdd9d5__open-data-controles-cnil-2022-v20231003.csv,160,annee_source_absente
2022-aec0a6e3-1,2022,rgpd,RGPD,sur_place,sur place,ACCOMPAGNIA'DOM,ACCOMPAGNIA DOM,NICE,06,06,FR,FRANCE,social,sante_social,Social,c2bdd9d5__open-data-controles-cnil-2022-v20231003.csv,161,annee_source_absente
2022-15ce994f-1,2022,rgpd,RGPD,sur_place,sur place,AD SENIORS CENTRALE ADSHNICE,AD SENIORS CENTRALE ADSHNICE,NICE,06,06,FR,FRANCE,social,sante_social,Social,c2bdd9d5__open-data-controles-cnil-2022-v20231003.csv,162,annee_source_absente|organisme_multiligne
2022-a1859160-1,2022,rgpd,RGPD,en_ligne,en ligne,LE HUFFINGTON POST,LE HUFFINGTON POST,PARIS,75,75,FR,FRANCE,presse,presse,Presse,c2bdd9d5__open-data-controles-cnil-2022-v20231003.csv,164,annee_source_absente
2022-a1859160-2,2022,rgpd,RGPD,en_ligne,en ligne,LE HUFFINGTON POST,LE HUFFINGTON POST,PARIS,75,75,FR,FRANCE,presse,presse,Presse,c2bdd9d5__open-data-controles-cnil-2022-v20231003.csv,165,annee_source_absente|ligne_dupliquee
2022-15d3e968-1,2022,rgpd,RGPD,sur_place,sur place,COMMUNE DE CHÂTEAUDUN,COMMUNE DE CHATEAUDUN,CHÂTEAUDUN,28,28,FR,FRANCE,collectivites_territoriales,collectivites_territoriales,Collectivités territoriales,c2bdd9d5__open-data-controles-cnil-2022-v20231003.csv,166,annee_source_absente
2022-b595a1cb-1,2022,rgpd,RGPD,sur_pieces,sur pièces,TWELVE APP,TWELVE APP,PARIS,75,75,FR,FRANCE,telecommunications,telecommunications,Télécommunications,c2bdd9d5__open-data-controles-cnil-2022-v20231003.csv,167,annee_source_absente
2022-f05d295e-1,2022,rgpd,RGPD,en_ligne,en ligne,WEWARD,WEWARD,PARIS,75,75,FR,FRANCE,commerce,commerce,Commerce,c2bdd9d5__open-data-controles-cnil-2022-v20231003.csv,168,annee_source_absente
2022-772828c4-1,2022,rgpd,RGPD,sur_audition,sur audition,WEWARD,WEWARD,PARIS,75,75,FR,FRANCE,commerce,commerce,Commerce,c2bdd9d5__open-data-controles-cnil-2022-v20231003.csv,169,annee_source_absente
2022-23a787f3-1,2022,rgpd,RGPD,en_ligne,en ligne,PARTI SOCIALISTE,PARTI SOCIALISTE,IVRY-SUR-SEINE,94,94,FR,FRANCE,politique,politique,Activités politiques,c2bdd9d5__open-data-controles-cnil-2022-v20231003.csv,170,annee_source_absente
2022-e8a3646d-1,2022,rgpd,RGPD,en_ligne,en ligne,FÉDÉRATION DE PARIS DU PARTI SOCIALISTE,FEDERATION DE PARIS DU PARTI SOCIALISTE,PARIS,75,75,FR,FRANCE,politique,politique,Activités politiques,c2bdd9d5__open-data-controles-cnil-2022-v20231003.csv,171,annee_source_absente
2022-47b49ea6-1,2022,rgpd,RGPD,sur_pieces,sur pièces,COMMUNE DE SAINT-AVOLD,COMMUNE DE SAINT AVOLD,SAINT-AVOLD,57,57,FR,FRANCE,collectivites_territoriales,collectivites_territoriales,Collectivités territoriales,c2bdd9d5__open-data-controles-cnil-2022-v20231003.csv,172,annee_source_absente
2022-b2d6e61f-1,2022,rgpd,RGPD,sur_place,sur place,HOPPS GROUP,HOPPS GROUP,AIX-EN-PROVENCE,13,13,FR,FRANCE,commerce,commerce,Commerce,c2bdd9d5__open-data-controles-cnil-2022-v20231003.csv,173,annee_source_absente
2022-b2d6e61f-2,2022,rgpd,RGPD,sur_place,sur place,HOPPS GROUP,HOPPS GROUP,AIX-EN-PROVENCE,13,13,FR,FRANCE,commerce,commerce,Commerce,c2bdd9d5__open-data-controles-cnil-2022-v20231003.csv,174,annee_source_absente|ligne_dupliquee
2022-b314cd2f-1,2022,rgpd,RGPD,en_ligne,en ligne,TIKTOK,TIKTOK,PARIS,75,75,FR,FRANCE,telecommunications,telecommunications,Télécommunications,c2bdd9d5__open-data-controles-cnil-2022-v20231003.csv,175,annee_source_absente
2022-6c6ee2cd-1,2022,rgpd,RGPD,en_ligne,en ligne,FINTECTURE,FINTECTURE,SAINT-MANDÉ,94,94,FR,FRANCE,banque,banque,Banque,c2bdd9d5__open-data-controles-cnil-2022-v20231003.csv,176,annee_source_absente
2022-abf201de-1,2022,rgpd,RGPD,sur_pieces,sur pièces,FINTECTURE,FINTECTURE,SAINT-MANDÉ,94,94,FR,FRANCE,banque,banque,Banque,c2bdd9d5__open-data-controles-cnil-2022-v20231003.csv,177,annee_source_absente
2022-4dde3e15-1,2022,rgpd,RGPD,sur_place,sur place,OFFISANTÉ,OFFISANTE,PARIS,75,75,FR,FRANCE,sante,sante_social,Santé,c2bdd9d5__open-data-controles-cnil-2022-v20231003.csv,178,annee_source_absente
2022-b24e8a27-1,2022,rgpd,RGPD,sur_place,sur place,UNIBAIL - RODAMCO - WESTFIELD,UNIBAIL RODAMCO WESTFIELD,PARIS,75,75,FR,FRANCE,commerce,commerce,Commerce,c2bdd9d5__open-data-controles-cnil-2022-v20231003.csv,179,annee_source_absente
2022-2737f7e0-1,2022,rgpd,RGPD,sur_place,sur place,INSTITUT NATIONAL DE LA SANTÉ ET DE LA RECHERCHE MÉDICALE,INSTITUT NATIONAL DE LA SANTE ET DE LA RECHERCHE MEDICALE,PARIS,75,75,FR,FRANCE,sante,sante_social,Santé,c2bdd9d5__open-data-controles-cnil-2022-v20231003.csv,180,annee_source_absente
2022-f03d7dae-1,2022,rgpd,RGPD,sur_pieces,sur pièces,"DOW JONES & COMPANY, INC. (FACTIVA LIMITED)",DOW JONES COMPANY INC FACTIVA LIMITED,LONDRES,,,GB,ROYAUME-UNI,commerce,commerce,Commerce,c2bdd9d5__open-data-controles-cnil-2022-v20231003.csv,181,annee_source_absente|organisme_multiligne|departement_vide
2022-097c0daa-1,2022,rgpd,RGPD,en_ligne,en ligne,DIGITAL MEDICAL SUPPLY FRANCE,DIGITAL MEDICAL SUPPLY FRANCE,PARIS,75,75,FR,FRANCE,sante,sante_social,Santé,c2bdd9d5__open-data-controles-cnil-2022-v20231003.csv,183,annee_source_absente
2022-432273a2-1,2022,rgpd,RGPD,sur_pieces,sur pièces,DIGITAL MEDICAL SUPPLY FRANCE,DIGITAL MEDICAL SUPPLY FRANCE,PARIS,75,75,FR,FRANCE,sante,sante_social,Santé,c2bdd9d5__open-data-controles-cnil-2022-v20231003.csv,184,annee_source_absente
2022-3da17c88-1,2022,rgpd,RGPD,sur_audition,sur audition,KASPR,KASPR,PARIS,75,75,FR,FRANCE,commerce,commerce,Commerce,c2bdd9d5__open-data-controles-cnil-2022-v20231003.csv,185,annee_source_absente
2022-30320975-1,2022,rgpd,RGPD,en_ligne,en ligne,NEWLAND,NEWLAND,LE VESINET,78,78,FR,FRANCE,commerce,commerce,Commerce,c2bdd9d5__open-data-controles-cnil-2022-v20231003.csv,186,annee_source_absente
2022-b5f687b5-1,2022,rgpd,RGPD,en_ligne,en ligne,CITYA IMMOBILIER,CITYA IMMOBILIER,TOURS,37,37,FR,FRANCE,immobilier,immobilier,Immobilier,c2bdd9d5__open-data-controles-cnil-2022-v20231003.csv,187,annee_source_absente
2022-34d8a6d3-1,2022,rgpd,RGPD,sur_place,sur place,CITYA IMMOBILIER,CITYA IMMOBILIER,TOURS,37,37,FR,FRANCE,immobilier,immobilier,Immobilier,c2bdd9d5__open-data-controles-cnil-2022-v20231003.csv,188,annee_source_absente
2022-c5553824-1,2022,rgpd,RGPD,en_ligne,en ligne,COTE ENERGY,COTE ENERGY,AUBERVILLIERS,93,93,FR,FRANCE,energie,energie_environnement,Énergie,c2bdd9d5__open-data-controles-cnil-2022-v20231003.csv,189,annee_source_absente
2022-960291ff-1,2022,rgpd,RGPD,sur_audition,sur audition,COTE ENERGY,COTE ENERGY,AUBERVILLIERS,93,93,FR,FRANCE,energie,energie_environnement,Énergie,c2bdd9d5__open-data-controles-cnil-2022-v20231003.csv,190,annee_source_absente
2022-b7720f73-1,2022,rgpd,RGPD,sur_place,sur place,AWIN SAS,AWIN SAS,PARIS,75,75,FR,FRANCE,commerce,commerce,Commerce,c2bdd9d5__open-data-controles-cnil-2022-v20231003.csv,191,annee_source_absente
2022-6007c7d2-1,2022,rgpd,RGPD,sur_place,sur place,EXOLIS,EXOLIS,MARSEILLE,13,13,FR,FRANCE,sante,sante_social,Santé,c2bdd9d5__open-data-controles-cnil-2022-v20231003.csv,192,annee_source_absente
2022-2d8b2379-1,2022,rgpd,RGPD,en_ligne,en ligne,LGHA AUTO,LGHA AUTO,NEUILLY-SUR-SEINE,92,92,FR,FRANCE,commerce,commerce,Commerce,c2bdd9d5__open-data-controles-cnil-2022-v20231003.csv,193,annee_source_absente
2022-61849d1a-1,2022,rgpd,RGPD,sur_place,sur place,LGHA AUTO,LGHA AUTO,NEUILLY-SUR-SEINE,92,92,FR,FRANCE,commerce,commerce,Commerce,c2bdd9d5__open-data-controles-cnil-2022-v20231003.csv,194,annee_source_absente
2022-8caf1d83-1,2022,rgpd,RGPD,sur_place,sur place,WEBRIVAGE,WEBRIVAGE,ROUSSET,13,13,FR,FRANCE,commerce,commerce,Commerce,c2bdd9d5__open-data-controles-cnil-2022-v20231003.csv,195,annee_source_absente
2022-8caf1d83-2,2022,rgpd,RGPD,sur_place,sur place,WEBRIVAGE,WEBRIVAGE,ROUSSET,13,13,FR,FRANCE,commerce,commerce,Commerce,c2bdd9d5__open-data-controles-cnil-2022-v20231003.csv,196,annee_source_absente|ligne_dupliquee
2022-38291b02-1,2022,rgpd,RGPD,sur_place,sur place,CONSORTIUM IMMOBILIER,CONSORTIUM IMMOBILIER,MONTPELLIER,34,34,FR,FRANCE,immobilier,immobilier,Immobilier,c2bdd9d5__open-data-controles-cnil-2022-v20231003.csv,197,annee_source_absente
2022-b3bff8d5-1,2022,rgpd,RGPD,en_ligne,en ligne,VOODOO,VOODOO,PARIS,75,75,FR,FRANCE,jeux,education_culture_sport,Jeux,c2bdd9d5__open-data-controles-cnil-2022-v20231003.csv,198,annee_source_absente
2022-cb440fb2-1,2022,rgpd,RGPD,sur_place,sur place,COMMUNE DE MONTPON - MÉNÉSTEROL,COMMUNE DE MONTPON MENESTEROL,MONTPON-MÉNÉSTEROL,24,24,FR,FRANCE,collectivites_territoriales,collectivites_territoriales,Collectivités territoriales,c2bdd9d5__open-data-controles-cnil-2022-v20231003.csv,199,annee_source_absente
2022-af05f3c1-1,2022,rgpd,RGPD,en_ligne,en ligne,WIFIRST,WIFIRST,PARIS,75,75,FR,FRANCE,telecommunications,telecommunications,Télécommunications,c2bdd9d5__open-data-controles-cnil-2022-v20231003.csv,200,annee_source_absente
2022-92100996-1,2022,rgpd,RGPD,sur_pieces,sur pièces,WIFIRST,WIFIRST,PARIS,75,75,FR,FRANCE,telecommunications,telecommunications,Télécommunications,c2bdd9d5__open-data-controles-cnil-2022-v20231003.csv,201,annee_source_absente
2022-2dabf2b3-1,2022,rgpd,RGPD,en_ligne,en ligne,WTMH,WTMH,PARIS,75,75,FR,FRANCE,commerce,commerce,Commerce,c2bdd9d5__open-data-controles-cnil-2022-v20231003.csv,202,annee_source_absente
2022-11cd5d83-1,2022,rgpd,RGPD,sur_audition,sur audition,WTMH,WTMH,PARIS,75,75,FR,FRANCE,commerce,commerce,Commerce,c2bdd9d5__open-data-controles-cnil-2022-v20231003.csv,203,annee_source_absente
2022-2b83bf5b-1,2022,rgpd,RGPD,sur_place,sur place,BGD,BGD,NÎMES,30,30,FR,FRANCE,banque,banque,Banque,c2bdd9d5__open-data-controles-cnil-2022-v20231003.csv,204,annee_source_absente
2022-b5d99042-1,2022,rgpd,RGPD,sur_pieces,sur pièces,HUBSTAFF,HUBSTAFF,FISHERS,,,US,ÉTATS-UNIS,commerce,commerce,Commerce,c2bdd9d5__open-data-controles-cnil-2022-v20231003.csv,205,annee_source_absente|departement_vide
2022-5a917137-1,2022,rgpd,RGPD,sur_pieces,sur pièces,CLEVER CONTROL,CLEVER CONTROL,MIAMI,,,US,ÉTATS-UNIS,commerce,commerce,Commerce,c2bdd9d5__open-data-controles-cnil-2022-v20231003.csv,206,annee_source_absente|departement_vide
2022-f973b23f-1,2022,rgpd,RGPD,en_ligne,en ligne,CLEVER CONTROL,CLEVER CONTROL,MIAMI,,,US,ÉTATS-UNIS,commerce,commerce,Commerce,c2bdd9d5__open-data-controles-cnil-2022-v20231003.csv,207,annee_source_absente|departement_vide
2022-32d0db33-1,2022,rgpd,RGPD,sur_pieces,sur pièces,TIME DOCTOR,TIME DOCTOR,LAS VEGAS,,,US,ÉTATS-UNIS,commerce,commerce,Commerce,c2bdd9d5__open-data-controles-cnil-2022-v20231003.csv,208,annee_source_absente|departement_vide
2022-a00b536f-1,2022,rgpd,RGPD,sur_place,sur place,FRANCE COMPÉTENCES,FRANCE COMPETENCES,COURBEVOIE,92,92,FR,FRANCE,education,education_culture_sport,Éducation,c2bdd9d5__open-data-controles-cnil-2022-v20231003.csv,209,annee_source_absente
2022-ddc99014-1,2022,rgpd,RGPD,sur_pieces,sur pièces,FRANCE COMPÉTENCES,FRANCE COMPETENCES,COURBEVOIE,92,92,FR,FRANCE,education,education_culture_sport,Éducation,c2bdd9d5__open-data-controles-cnil-2022-v20231003.csv,210,annee_source_absente
2022-24ba5a74-1,2022,rgpd,RGPD,sur_place,sur place,DIRECTION GÉNÉRALE DES DOUANES ET DES DROITS INDIRECTS,DIRECTION GENERALE DES DOUANES ET DES DROITS INDIRECTS,NANTES,44,44,FR,FRANCE,regalien,etat_regalien,Régalien,c2bdd9d5__open-data-controles-cnil-2022-v20231003.csv,211,annee_source_absente
2022-325d53b7-1,2022,rgpd,RGPD,sur_audition,sur audition,SAS SMART LOBBYING,SAS SMART LOBBYING,LERY,27,27,FR,FRANCE,politique,politique,Activités politiques,c2bdd9d5__open-data-controles-cnil-2022-v20231003.csv,212,annee_source_absente
2022-dc571e90-1,2022,rgpd,RGPD,sur_place,sur place,FYM,FYM,SAINT-SATURNIN-LÈS-AVIGNON,84,84,FR,FRANCE,commerce,commerce,Commerce,c2bdd9d5__open-data-controles-cnil-2022-v20231003.csv,213,annee_source_absente
2022-9d71121d-1,2022,rgpd,RGPD,sur_place,sur place,M GASTRONOMIE,M GASTRONOMIE,MONTPELLIER,34,34,FR,FRANCE,commerce,commerce,Commerce,c2bdd9d5__open-data-controles-cnil-2022-v20231003.csv,214,annee_source_absente
2022-5af917cc-1,2022,rgpd,RGPD,sur_place,sur place,ASSOCIATION ENTRAIDE,ASSOCIATION ENTRAIDE,MARSEILLE,13,13,FR,FRANCE,associatif,associatif,Associatif,c2bdd9d5__open-data-controles-cnil-2022-v20231003.csv,215,annee_source_absente
2022-22b7d8ae-2,2022,rgpd,RGPD,sur_audition,sur audition,MINISTÈRE DE LA JUSTICE,MINISTERE DE LA JUSTICE,PARIS,75,75,FR,FRANCE,regalien,etat_regalien,Régalien,c2bdd9d5__open-data-controles-cnil-2022-v20231003.csv,216,annee_source_absente|ligne_dupliquee
2022-7768560e-1,2022,rgpd,RGPD,sur_place,sur place,MINISTÈRE DE LA JUSTICE,MINISTERE DE LA JUSTICE,PARIS,75,75,FR,FRANCE,regalien,etat_regalien,Régalien,c2bdd9d5__open-data-controles-cnil-2022-v20231003.csv,217,annee_source_absente
2022-7768560e-2,2022,rgpd,RGPD,sur_place,sur place,MINISTÈRE DE LA JUSTICE,MINISTERE DE LA JUSTICE,PARIS,75,75,FR,FRANCE,regalien,etat_regalien,Régalien,c2bdd9d5__open-data-controles-cnil-2022-v20231003.csv,218,annee_source_absente|ligne_dupliquee
2022-e5ec7c6f-1,2022,rgpd,RGPD,sur_place,sur place,SOLOCAL,SOLOCAL,BOULOGNE-BILLANCOURT,92,92,FR,FRANCE,commerce,commerce,Commerce,c2bdd9d5__open-data-controles-cnil-2022-v20231003.csv,219,annee_source_absente
2022-e5ec7c6f-2,2022,rgpd,RGPD,sur_place,sur place,SOLOCAL,SOLOCAL,BOULOGNE-BILLANCOURT,92,92,FR,FRANCE,commerce,commerce,Commerce,c2bdd9d5__open-data-controles-cnil-2022-v20231003.csv,220,annee_source_absente|ligne_dupliquee
2022-487de844-1,2022,rgpd,RGPD,sur_place,sur place,BOUCHERIE DU BALTARD,BOUCHERIE DU BALTARD,NOGENT-SUR-MARNE,94,94,FR,FRANCE,commerce,commerce,Commerce,c2bdd9d5__open-data-controles-cnil-2022-v20231003.csv,221,annee_source_absente
2022-d735e472-1,2022,rgpd,RGPD,sur_place,sur place,IMMOBILIÈRE EUROPE SÈVRES,IMMOBILIERE EUROPE SEVRES,PARIS,75,75,FR,FRANCE,immobilier,immobilier,Immobilier,c2bdd9d5__open-data-controles-cnil-2022-v20231003.csv,222,annee_source_absente
2022-dec89708-1,2022,rgpd,RGPD,sur_place,sur place,GMF ASSURANCES,GMF ASSURANCES,LEVALLOIS-PERRET,92,92,FR,FRANCE,assurance,assurance,Assurance,c2bdd9d5__open-data-controles-cnil-2022-v20231003.csv,223,annee_source_absente
2022-415e1123-1,2022,rgpd,RGPD,sur_place,sur place,GMF ASSURANCES,GMF ASSURANCES,PARIS,75,75,FR,FRANCE,assurance,assurance,Assurance,c2bdd9d5__open-data-controles-cnil-2022-v20231003.csv,224,annee_source_absente
2022-32e0fcd6-1,2022,rgpd,RGPD,sur_place,sur place,COMMUNE DE CHARVIEU-CHAVAGNEU,COMMUNE DE CHARVIEU CHAVAGNEU,CHARVIEU-CHAVAGNEU,38,38,FR,FRANCE,collectivites_territoriales,collectivites_territoriales,Collectivités territoriales,c2bdd9d5__open-data-controles-cnil-2022-v20231003.csv,225,annee_source_absente
2022-7c9639c4-1,2022,rgpd,RGPD,sur_place,sur place,ECHO ANALYTICS,ECHO ANALYTICS,PARIS,75,75,FR,FRANCE,commerce,commerce,Commerce,c2bdd9d5__open-data-controles-cnil-2022-v20231003.csv,226,annee_source_absente
2022-7c9639c4-2,2022,rgpd,RGPD,sur_place,sur place,ECHO ANALYTICS,ECHO ANALYTICS,PARIS,75,75,FR,FRANCE,commerce,commerce,Commerce,c2bdd9d5__open-data-controles-cnil-2022-v20231003.csv,227,annee_source_absente|ligne_dupliquee
2022-0870dcce-1,2022,rgpd,RGPD,sur_place,sur place,PRESTALEADS,PRESTALEADS,RENNES,35,35,FR,FRANCE,commerce,commerce,Commerce,c2bdd9d5__open-data-controles-cnil-2022-v20231003.csv,228,annee_source_absente
2022-24aa8cf1-1,2022,rgpd,RGPD,sur_audition,sur audition,PRESTALEADS,PRESTALEADS,RENNES,35,35,FR,FRANCE,commerce,commerce,Commerce,c2bdd9d5__open-data-controles-cnil-2022-v20231003.csv,229,annee_source_absente
2022-a49625f7-1,2022,rgpd,RGPD,sur_place,sur place,BAYER HEALTHCARE SAS,BAYER HEALTHCARE SAS,LOOS,59,59,FR,FRANCE,sante,sante_social,Santé,c2bdd9d5__open-data-controles-cnil-2022-v20231003.csv,230,annee_source_absente
2022-5598e62a-1,2022,rgpd,RGPD,sur_place,sur place,PHENIX SECURITE SARL,PHENIX SECURITE SARL,MULHOUSE,68,68,FR,FRANCE,travail,travail,Travail,c2bdd9d5__open-data-controles-cnil-2022-v20231003.csv,231,annee_source_absente
2022-76b316ea-1,2022,rgpd,RGPD,sur_place,sur place,LEROY MERLIN GSB,LEROY MERLIN GSB,LEZENNES,59,59,FR,FRANCE,commerce,commerce,Commerce,c2bdd9d5__open-data-controles-cnil-2022-v20231003.csv,233,annee_source_absente
2022-aa7f0ab0-1,2022,rgpd,RGPD,sur_pieces,sur pièces,MINISTÈRE DES SOLIDARITES ET DE LA SANTE MINISTÈRE DE L'INTÉRIEUR ET DES OUTRE-MERS,MINISTERE DES SOLIDARITES ET DE LA SANTE MINISTERE DE L INTERIEUR ET DES OUTRE MERS,PARIS,75,75,FR,FRANCE,sante,sante_social,Santé,c2bdd9d5__open-data-controles-cnil-2022-v20231003.csv,234,annee_source_absente|organisme_multiligne
2022-a0666484-1,2022,rgpd,RGPD,en_ligne,en ligne,LA POSTE,LA POSTE,PARIS,75,75,FR,FRANCE,commerce,commerce,Commerce,c2bdd9d5__open-data-controles-cnil-2022-v20231003.csv,236,annee_source_absente
2022-b797ec0f-1,2022,rgpd,RGPD,sur_place,sur place,LA POSTE,LA POSTE,PARIS,75,75,FR,FRANCE,commerce,commerce,Commerce,c2bdd9d5__open-data-controles-cnil-2022-v20231003.csv,237,annee_source_absente
2022-b797ec0f-2,2022,rgpd,RGPD,sur_place,sur place,LA POSTE,LA POSTE,PARIS,75,75,FR,FRANCE,commerce,commerce,Commerce,c2bdd9d5__open-data-controles-cnil-2022-v20231003.csv,238,annee_source_absente|ligne_dupliquee
2022-06f87ef3-1,2022,rgpd,RGPD,sur_place,sur place,COMMUNE D'ORLÉANS,COMMUNE D ORLEANS,ORLÉANS,45,45,FR,FRANCE,collectivites_territoriales,collectivites_territoriales,Collectivités territoriales,c2bdd9d5__open-data-controles-cnil-2022-v20231003.csv,239,annee_source_absente
2022-c7f2681e-1,2022,rgpd,RGPD,sur_place,sur place,GIE CENTRE COMMERCIAL LONGCHAMPS,GIE CENTRE COMMERCIAL LONGCHAMPS,RENNES,35,35,FR,FRANCE,commerce,commerce,Commerce,c2bdd9d5__open-data-controles-cnil-2022-v20231003.csv,240,annee_source_absente
2022-bc62326b-1,2022,rgpd,RGPD,sur_audition,sur audition,DÉPARTEMENT DU NORD,DEPARTEMENT DU NORD,LILLE,59,59,FR,FRANCE,collectivites_territoriales,collectivites_territoriales,Collectivités territoriales,c2bdd9d5__open-data-controles-cnil-2022-v20231003.csv,241,annee_source_absente
2022-2887eefb-1,2022,rgpd,RGPD,en_ligne,en ligne,SOCULTUR,SOCULTUR,MÉRIGNAC,33,33,FR,FRANCE,commerce,commerce,Commerce,c2bdd9d5__open-data-controles-cnil-2022-v20231003.csv,242,annee_source_absente
2022-91df42b2-1,2022,rgpd,RGPD,sur_place,sur place,SOCULTUR,SOCULTUR,MÉRIGNAC,33,33,FR,FRANCE,commerce,commerce,Commerce,c2bdd9d5__open-data-controles-cnil-2022-v20231003.csv,243,annee_source_absente
2022-91df42b2-2,2022,rgpd,RGPD,sur_place,sur place,SOCULTUR,SOCULTUR,MÉRIGNAC,33,33,FR,FRANCE,commerce,commerce,Commerce,c2bdd9d5__open-data-controles-cnil-2022-v20231003.csv,244,annee_source_absente|ligne_dupliquee
2022-2887eefb-2,2022,rgpd,RGPD,en_ligne,en ligne,SOCULTUR,SOCULTUR,MÉRIGNAC,33,33,FR,FRANCE,commerce,commerce,Commerce,c2bdd9d5__open-data-controles-cnil-2022-v20231003.csv,245,annee_source_absente|ligne_dupliquee
2022-bf1d71d3-1,2022,rgpd,RGPD,en_ligne,en ligne,DIGITAL SQUAD,DIGITAL SQUAD,LYON,69,69,FR,FRANCE,commerce,commerce,Commerce,c2bdd9d5__open-data-controles-cnil-2022-v20231003.csv,246,annee_source_absente
2022-1d7fce7a-1,2022,rgpd,RGPD,sur_place,sur place,DIGITAL SQUAD,DIGITAL SQUAD,LYON,69,69,FR,FRANCE,commerce,commerce,Commerce,c2bdd9d5__open-data-controles-cnil-2022-v20231003.csv,247,annee_source_absente
2022-1d7fce7a-2,2022,rgpd,RGPD,sur_place,sur place,DIGITAL SQUAD,DIGITAL SQUAD,LYON,69,69,FR,FRANCE,commerce,commerce,Commerce,c2bdd9d5__open-data-controles-cnil-2022-v20231003.csv,248,annee_source_absente|ligne_dupliquee
2022-8891dd03-1,2022,rgpd,RGPD,en_ligne,en ligne,THOM,THOM,PARIS,75,75,FR,FRANCE,commerce,commerce,Commerce,c2bdd9d5__open-data-controles-cnil-2022-v20231003.csv,249,annee_source_absente
2022-d3e7a07d-1,2022,rgpd,RGPD,sur_place,sur place,THOM,THOM,PARIS,75,75,FR,FRANCE,commerce,commerce,Commerce,c2bdd9d5__open-data-controles-cnil-2022-v20231003.csv,250,annee_source_absente
2022-20cd1950-1,2022,rgpd,RGPD,en_ligne,en ligne,MISTER AUTO,MISTER AUTO,VILLEURBANNE,69,69,FR,FRANCE,commerce,commerce,Commerce,c2bdd9d5__open-data-controles-cnil-2022-v20231003.csv,251,annee_source_absente
2022-f9d67a4d-1,2022,rgpd,RGPD,sur_place,sur place,MISTER AUTO,MISTER AUTO,VILLEURBANNE,69,69,FR,FRANCE,commerce,commerce,Commerce,c2bdd9d5__open-data-controles-cnil-2022-v20231003.csv,252,annee_source_absente
2022-f7b0f63d-1,2022,rgpd,RGPD,en_ligne,en ligne,MICROSOFT IRELAND OPERATIONS LIMITED,MICROSOFT IRELAND OPERATIONS LIMITED,DUBLIN,,,IE,IRELAND,commerce,commerce,Commerce,c2bdd9d5__open-data-controles-cnil-2022-v20231003.csv,253,annee_source_absente|departement_vide
2022-6c782122-1,2022,rgpd,RGPD,sur_place,sur place,MICROSOFT IRELAND OPERATIONS LIMITED,MICROSOFT IRELAND OPERATIONS LIMITED,ISSY-LES-MOULINEAUX,92,92,FR,FRANCE,commerce,commerce,Commerce,c2bdd9d5__open-data-controles-cnil-2022-v20231003.csv,254,annee_source_absente
2022-495eb35a-1,2022,rgpd,RGPD,sur_place,sur place,PIGMA,PIGMA,POMPIGNAC,33,33,FR,FRANCE,commerce,commerce,Commerce,c2bdd9d5__open-data-controles-cnil-2022-v20231003.csv,255,annee_source_absente
2022-3a4358aa-1,2022,rgpd,RGPD,en_ligne,en ligne,lifeclubapp.fr,LIFECLUBAPP FR,MARSEILLE,13,13,FR,FRANCE,sport,education_culture_sport,Sport,c2bdd9d5__open-data-controles-cnil-2022-v20231003.csv,256,annee_source_absente
2022-ff2a8b24-1,2022,rgpd,RGPD,sur_place,sur place,LA POSTE,LA POSTE,CALAIS,62,62,FR,FRANCE,commerce,commerce,Commerce,c2bdd9d5__open-data-controles-cnil-2022-v20231003.csv,257,annee_source_absente
2022-638ea484-1,2022,rgpd,RGPD,sur_audition,sur audition,GROUPE BLACK TIGER,GROUPE BLACK TIGER,PARIS,75,75,FR,FRANCE,commerce,commerce,Commerce,c2bdd9d5__open-data-controles-cnil-2022-v20231003.csv,258,annee_source_absente
2022-48d81a43-1,2022,rgpd,RGPD,en_ligne,en ligne,OPENDOO,OPENDOO,SAINT-GELY-DU-FESC,34,34,FR,FRANCE,commerce,commerce,Commerce,c2bdd9d5__open-data-controles-cnil-2022-v20231003.csv,259,annee_source_absente
2022-8ba48dfd-1,2022,rgpd,RGPD,sur_audition,sur audition,OPENDOO,OPENDOO,SAINT-GELY-DU-FESC,34,34,FR,FRANCE,commerce,commerce,Commerce,c2bdd9d5__open-data-controles-cnil-2022-v20231003.csv,260,annee_source_absente
2022-89214964-1,2022,rgpd,RGPD,sur_place,sur place,ARKÉA DIRECT BANK,ARKEA DIRECT BANK,PUTEAUX,92,92,FR,FRANCE,banque,banque,Banque,c2bdd9d5__open-data-controles-cnil-2022-v20231003.csv,261,annee_source_absente
2022-ac433c1e-1,2022,rgpd,RGPD,sur_place,sur place,AXA BANQUE,AXA BANQUE,FONTENAY-SOUS-BOIS,94,94,FR,FRANCE,banque,banque,Banque,c2bdd9d5__open-data-controles-cnil-2022-v20231003.csv,262,annee_source_absente
2022-fb70235b-1,2022,rgpd,RGPD,sur_place,sur place,BOURSORAMA BANQUE,BOURSORAMA BANQUE,BOULOGNE-BILLANCOURT,92,92,FR,FRANCE,banque,banque,Banque,c2bdd9d5__open-data-controles-cnil-2022-v20231003.csv,263,annee_source_absente
2022-27cc6622-1,2022,rgpd,RGPD,sur_place,sur place,BNP PARIBAS,BNP PARIBAS,PARIS,75,75,FR,FRANCE,banque,banque,Banque,c2bdd9d5__open-data-controles-cnil-2022-v20231003.csv,264,annee_source_absente
2022-b26998f6-1,2022,rgpd,RGPD,sur_place,sur place,CASH FLOW POSITIF,CASH FLOW POSITIF,PARIS,75,75,FR,FRANCE,commerce,commerce,Commerce,c2bdd9d5__open-data-controles-cnil-2022-v20231003.csv,265,annee_source_absente
2022-b26998f6-2,2022,rgpd,RGPD,sur_place,sur place,CASH FLOW POSITIF,CASH FLOW POSITIF,PARIS,75,75,FR,FRANCE,commerce,commerce,Commerce,c2bdd9d5__open-data-controles-cnil-2022-v20231003.csv,266,annee_source_absente|ligne_dupliquee
2022-010a916f-1,2022,rgpd,RGPD,sur_audition,sur audition,UNIVERSITÉ D'ÉVRY VAL D'ESSONNE,UNIVERSITE D EVRY VAL D ESSONNE,ÉVRY COURCOURONNES,91,91,FR,FRANCE,education,education_culture_sport,Éducation,c2bdd9d5__open-data-controles-cnil-2022-v20231003.csv,267,annee_source_absente
2022-f2111b9f-1,2022,rgpd,RGPD,sur_place,sur place,NORDCALL,NORDCALL,MARCQ-EN-BAROEUIL,59,59,FR,FRANCE,commerce,commerce,Commerce,c2bdd9d5__open-data-controles-cnil-2022-v20231003.csv,268,annee_source_absente
2022-cf5af7da-1,2022,rgpd,RGPD,en_ligne,en ligne,GROUPE LEXIMPACT,GROUPE LEXIMPACT,LYON,69,69,FR,FRANCE,immobilier,immobilier,Immobilier,c2bdd9d5__open-data-controles-cnil-2022-v20231003.csv,269,annee_source_absente
2022-ab899135-1,2022,rgpd,RGPD,sur_place,sur place,GROUPE LEXIMPACT,GROUPE LEXIMPACT,LYON,69,69,FR,FRANCE,immobilier,immobilier,Immobilier,c2bdd9d5__open-data-controles-cnil-2022-v20231003.csv,270,annee_source_absente
2022-7ff356af-1,2022,rgpd,RGPD,sur_place,sur place,AUCHAN SUPERMARCHÉ,AUCHAN SUPERMARCHE,CONFLANS SAINTE HONORINE,78,78,FR,FRANCE,commerce,commerce,Commerce,c2bdd9d5__open-data-controles-cnil-2022-v20231003.csv,271,annee_source_absente
2022-40122608-1,2022,rgpd,RGPD,sur_place,sur place,PATISSERIE E.LADURÉE,PATISSERIE E LADUREE,PARIS,75,75,FR,FRANCE,commerce,commerce,Commerce,c2bdd9d5__open-data-controles-cnil-2022-v20231003.csv,272,annee_source_absente
2022-5e6e7a92-1,2022,rgpd,RGPD,sur_place,sur place,INETUM,INETUM,SAINT-OUEN-SUR-SEINE,93,93,FR,FRANCE,commerce,commerce,Commerce,c2bdd9d5__open-data-controles-cnil-2022-v20231003.csv,273,annee_source_absente
2022-ca6b3122-1,2022,rgpd,RGPD,sur_place,sur place,GIP INNOVATION E-SANTÉ SUD,GIP INNOVATION E SANTE SUD,HYÈRES,83,83,FR,FRANCE,sante,sante_social,Santé,c2bdd9d5__open-data-controles-cnil-2022-v20231003.csv,274,annee_source_absente
2022-8d4d7a86-1,2022,rgpd,RGPD,en_ligne,en ligne,LA BANQUE POSTALE,LA BANQUE POSTALE,PARIS,75,75,FR,FRANCE,banque,banque,Banque,c2bdd9d5__open-data-controles-cnil-2022-v20231003.csv,277,annee_source_absente
2022-da263bbb-1,2022,rgpd,RGPD,en_ligne,en ligne,GROUPE CIC,GROUPE CIC,PARIS,75,75,FR,FRANCE,banque,banque,Banque,c2bdd9d5__open-data-controles-cnil-2022-v20231003.csv,278,annee_source_absente
2022-dda523b2-1,2022,rgpd,RGPD,en_ligne,en ligne,BANQUE FRANÇAISE MUTUALISTE,BANQUE FRANCAISE MUTUALISTE,PARIS,75,75,FR,FRANCE,banque,banque,Banque,c2bdd9d5__open-data-controles-cnil-2022-v20231003.csv,279,annee_source_absente
2022-8e9fc3d4-1,2022,rgpd,RGPD,en_ligne,en ligne,GOOGLE IRELAND LIMITED,GOOGLE IRELAND LIMITED,MONTAIN VIEW,,,US,ÉTATS-UNIS,commerce,commerce,Commerce,c2bdd9d5__open-data-controles-cnil-2022-v20231003.csv,280,annee_source_absente|departement_vide
2022-661d44a7-1,2022,rgpd,RGPD,sur_place,sur place,GOOGLE IRELAND LIMITED,GOOGLE IRELAND LIMITED,PARIS,75,75,FR,FRANCE,commerce,commerce,Commerce,c2bdd9d5__open-data-controles-cnil-2022-v20231003.csv,281,annee_source_absente
2022-661d44a7-2,2022,rgpd,RGPD,sur_place,sur place,GOOGLE IRELAND LIMITED,GOOGLE IRELAND LIMITED,PARIS,75,75,FR,FRANCE,commerce,commerce,Commerce,c2bdd9d5__open-data-controles-cnil-2022-v20231003.csv,282,annee_source_absente|ligne_dupliquee
2022-31efa14d-1,2022,rgpd,RGPD,en_ligne,en ligne,ASSOCIATION RÊVES PARTAGÉS,ASSOCIATION REVES PARTAGES,MUREAUX,78,78,FR,FRANCE,associatif,associatif,Associatif,c2bdd9d5__open-data-controles-cnil-2022-v20231003.csv,283,annee_source_absente
2022-205a20be-1,2022,rgpd,RGPD,sur_pieces,sur pièces,ASSOCIATION RÊVES PARTAGÉS,ASSOCIATION REVES PARTAGES,MORAINVILLIERS,78,78,FR,FRANCE,associatif,associatif,Associatif,c2bdd9d5__open-data-controles-cnil-2022-v20231003.csv,284,annee_source_absente
2022-322feaac-1,2022,rgpd,RGPD,en_ligne,en ligne,YACARTER,YACARTER,THIAIS,94,94,FR,FRANCE,commerce,commerce,Commerce,c2bdd9d5__open-data-controles-cnil-2022-v20231003.csv,285,annee_source_absente
2022-5f6fb5fe-1,2022,rgpd,RGPD,sur_place,sur place,YACARTER,YACARTER,VILLENEUVE D'ASCQ,59,59,FR,FRANCE,commerce,commerce,Commerce,c2bdd9d5__open-data-controles-cnil-2022-v20231003.csv,286,annee_source_absente
2022-94726092-1,2022,rgpd,RGPD,sur_place,sur place,ROUGE BORDEAUX,ROUGE BORDEAUX,BORDEAUX,33,33,FR,FRANCE,commerce,commerce,Commerce,c2bdd9d5__open-data-controles-cnil-2022-v20231003.csv,287,annee_source_absente
2022-581f91db-1,2022,rgpd,RGPD,en_ligne,en ligne,leboncoin.fr,LEBONCOIN FR,PARIS,75,75,FR,FRANCE,commerce,commerce,Commerce,c2bdd9d5__open-data-controles-cnil-2022-v20231003.csv,288,annee_source_absente
2022-faeae9c2-1,2022,rgpd,RGPD,en_ligne,en ligne,francetvinfo.fr,FRANCETVINFO FR,PARIS,75,75,FR,FRANCE,culture,education_culture_sport,Culture,c2bdd9d5__open-data-controles-cnil-2022-v20231003.csv,289,annee_source_absente
2022-ca23f9b6-1,2022,rgpd,RGPD,en_ligne,en ligne,sfr.fr,SFR FR,PARIS,75,75,FR,FRANCE,telecommunications,telecommunications,Télécommunications,c2bdd9d5__open-data-controles-cnil-2022-v20231003.csv,290,annee_source_absente
2022-6805e649-1,2022,rgpd,RGPD,en_ligne,en ligne,boulanger.com,BOULANGER COM,LESQUIN,59,59,FR,FRANCE,commerce,commerce,Commerce,c2bdd9d5__open-data-controles-cnil-2022-v20231003.csv,291,annee_source_absente
2022-3c729446-1,2022,rgpd,RGPD,en_ligne,en ligne,free.fr,FREE FR,PARIS,75,75,FR,FRANCE,telecommunications,telecommunications,Télécommunications,c2bdd9d5__open-data-controles-cnil-2022-v20231003.csv,292,annee_source_absente
2022-d3d4f3f3-1,2022,rgpd,RGPD,en_ligne,en ligne,veepee.fr,VEEPEE FR,SAINT-DENIS,93,93,FR,FRANCE,commerce,commerce,Commerce,c2bdd9d5__open-data-controles-cnil-2022-v20231003.csv,293,annee_source_absente
2022-a6c1324f-1,2022,rgpd,RGPD,en_ligne,en ligne,bouyguestelecom.fr,BOUYGUESTELECOM FR,PARIS,75,75,FR,FRANCE,telecommunications,telecommunications,Télécommunications,c2bdd9d5__open-data-controles-cnil-2022-v20231003.csv,294,annee_source_absente
2022-387411ac-1,2022,rgpd,RGPD,en_ligne,en ligne,auchan.fr,AUCHAN FR,VILLENEUVE D'ASCQ,59,59,FR,FRANCE,commerce,commerce,Commerce,c2bdd9d5__open-data-controles-cnil-2022-v20231003.csv,295,annee_source_absente
2022-ddba2889-1,2022,rgpd,RGPD,en_ligne,en ligne,pole-emploi.fr,POLE EMPLOI FR,PARIS,75,75,FR,FRANCE,travail,travail,Travail,c2bdd9d5__open-data-controles-cnil-2022-v20231003.csv,296,annee_source_absente
2022-7181d34d-1,2022,rgpd,RGPD,en_ligne,en ligne,showroomprive.com,SHOWROOMPRIVE COM,SAINT-DENIS,93,93,FR,FRANCE,commerce,commerce,Commerce,c2bdd9d5__open-data-controles-cnil-2022-v20231003.csv,297,annee_source_absente
2022-a3310dcc-1,2022,rgpd,RGPD,en_ligne,en ligne,mondialrelay.fr,MONDIALRELAY FR,VILLENEUVE D'ASCQ,59,59,FR,FRANCE,commerce,commerce,Commerce,c2bdd9d5__open-data-controles-cnil-2022-v20231003.csv,298,annee_source_absente
2022-d0cef1db-1,2022,rgpd,RGPD,en_ligne,en ligne,intermarche.com,INTERMARCHE COM,PARIS,75,75,FR,FRANCE,commerce,commerce,Commerce,c2bdd9d5__open-data-controles-cnil-2022-v20231003.csv,299,annee_source_absente
2022-e184be3c-1,2022,rgpd,RGPD,en_ligne,en ligne,chronopost.fr,CHRONOPOST FR,PARIS,75,75,FR,FRANCE,commerce,commerce,Commerce,c2bdd9d5__open-data-controles-cnil-2022-v20231003.csv,300,annee_source_absente
2022-e38cdc67-1,2022,rgpd,RGPD,en_ligne,en ligne,hitek.fr,HITEK FR,PARIS,75,75,FR,FRANCE,commerce,commerce,Commerce,c2bdd9d5__open-data-controles-cnil-2022-v20231003.csv,301,annee_source_absente
2022-76dea6d5-1,2022,rgpd,RGPD,en_ligne,en ligne,medisite.fr,MEDISITE FR,PARIS,75,75,FR,FRANCE,sante,sante_social,Santé,c2bdd9d5__open-data-controles-cnil-2022-v20231003.csv,302,annee_source_absente
2022-89f0b216-1,2022,rgpd,RGPD,en_ligne,en ligne,largus.fr,LARGUS FR,PARIS,75,75,FR,FRANCE,commerce,commerce,Commerce,c2bdd9d5__open-data-controles-cnil-2022-v20231003.csv,303,annee_source_absente
2022-b16c358b-1,2022,rgpd,RGPD,en_ligne,en ligne,lacentrale.fr,LACENTRALE FR,PARIS,75,75,FR,FRANCE,commerce,commerce,Commerce,c2bdd9d5__open-data-controles-cnil-2022-v20231003.csv,304,annee_source_absente
2022-01bf8dd3-1,2022,rgpd,RGPD,en_ligne,en ligne,paruvendu.fr,PARUVENDU FR,LYON,69,69,FR,FRANCE,commerce,commerce,Commerce,c2bdd9d5__open-data-controles-cnil-2022-v20231003.csv,305,annee_source_absente
2022-d85b115d-1,2022,rgpd,RGPD,en_ligne,en ligne,deliveroo.fr,DELIVEROO FR,PARIS,75,75,FR,FRANCE,commerce,commerce,Commerce,c2bdd9d5__open-data-controles-cnil-2022-v20231003.csv,306,annee_source_absente
2022-b2627239-1,2022,rgpd,RGPD,en_ligne,en ligne,sosh.fr,SOSH FR,ISSY-LES-MOULINEAUX,92,92,FR,FRANCE,telecommunications,telecommunications,Télécommunications,c2bdd9d5__open-data-controles-cnil-2022-v20231003.csv,307,annee_source_absente
2022-cdd43ff8-1,2022,rgpd,RGPD,en_ligne,en ligne,relaiscolis.com,RELAISCOLIS COM,CRÉTEIL,94,94,FR,FRANCE,commerce,commerce,Commerce,c2bdd9d5__open-data-controles-cnil-2022-v20231003.csv,308,annee_source_absente
2022-38b67cf1-1,2022,rgpd,RGPD,en_ligne,en ligne,data.gouv.fr,DATA GOUV FR,PARIS,75,75,FR,FRANCE,regalien,etat_regalien,Régalien,c2bdd9d5__open-data-controles-cnil-2022-v20231003.csv,309,annee_source_absente
2022-92162916-1,2022,rgpd,RGPD,en_ligne,en ligne,lassuranceretraite.fr,LASSURANCERETRAITE FR,PARIS,75,75,FR,FRANCE,assurance,assurance,Assurance,c2bdd9d5__open-data-controles-cnil-2022-v20231003.csv,310,annee_source_absente
2022-09c247f9-1,2022,rgpd,RGPD,en_ligne,en ligne,macif.fr,MACIF FR,NIORT,79,79,FR,FRANCE,assurance,assurance,Assurance,c2bdd9d5__open-data-controles-cnil-2022-v20231003.csv,311,annee_source_absente
2022-a79709a6-1,2022,rgpd,RGPD,en_ligne,en ligne,norauto.fr,NORAUTO FR,VILLENEUVE D'ASCQ,59,59,FR,FRANCE,commerce,commerce,Commerce,c2bdd9d5__open-data-controles-cnil-2022-v20231003.csv,312,annee_source_absente
2022-cbf7122c-1,2022,rgpd,RGPD,en_ligne,en ligne,ovh.com,OVH COM,ROUBAIX,59,59,FR,FRANCE,commerce,commerce,Commerce,c2bdd9d5__open-data-controles-cnil-2022-v20231003.csv,313,annee_source_absente
2022-8f4ff214-1,2022,rgpd,RGPD,en_ligne,en ligne,laposte.fr/digiposte,LAPOSTE FR DIGIPOSTE,PARIS,75,75,FR,FRANCE,commerce,commerce,Commerce,c2bdd9d5__open-data-controles-cnil-2022-v20231003.csv,314,annee_source_absente
2022-3ee098e0-1,2022,rgpd,RGPD,en_ligne,en ligne,lagranderecre.fr,LAGRANDERECRE FR,PARIS,75,75,FR,FRANCE,commerce,commerce,Commerce,c2bdd9d5__open-data-controles-cnil-2022-v20231003.csv,315,annee_source_absente
2022-ca8cbbd7-1,2022,rgpd,RGPD,en_ligne,en ligne,mgen.fr,MGEN FR,PARIS,75,75,FR,FRANCE,assurance,assurance,Assurance,c2bdd9d5__open-data-controles-cnil-2022-v20231003.csv,316,annee_source_absente
2022-464ef603-1,2022,rgpd,RGPD,en_ligne,en ligne,gammvert.fr,GAMMVERT FR,PARIS,75,75,FR,FRANCE,commerce,commerce,Commerce,c2bdd9d5__open-data-controles-cnil-2022-v20231003.csv,317,annee_source_absente
2022-94b428a1-1,2022,rgpd,RGPD,en_ligne,en ligne,monoprix.fr,MONOPRIX FR,CLICHY,92,92,FR,FRANCE,commerce,commerce,Commerce,c2bdd9d5__open-data-controles-cnil-2022-v20231003.csv,318,annee_source_absente
2022-57f69824-1,2022,rgpd,RGPD,en_ligne,en ligne,ubisoft.com,UBISOFT COM,SAINT-MANDÉ,94,94,FR,FRANCE,jeux,education_culture_sport,Jeux,c2bdd9d5__open-data-controles-cnil-2022-v20231003.csv,319,annee_source_absente
2022-02b1740d-1,2022,rgpd,RGPD,en_ligne,en ligne,autoplus.fr,AUTOPLUS FR,BAGNEUX,92,92,FR,FRANCE,commerce,commerce,Commerce,c2bdd9d5__open-data-controles-cnil-2022-v20231003.csv,320,annee_source_absente
2022-c2e6ba48-1,2022,rgpd,RGPD,en_ligne,en ligne,fr.ulule.com,FR ULULE COM,PARIS,75,75,FR,FRANCE,commerce,commerce,Commerce,c2bdd9d5__open-data-controles-cnil-2022-v20231003.csv,321,annee_source_absente
2022-50b80511-1,2022,rgpd,RGPD,en_ligne,en ligne,salto.fr,SALTO FR,BOULOGNE-BILLANCOURT,92,92,FR,FRANCE,culture,education_culture_sport,Culture,c2bdd9d5__open-data-controles-cnil-2022-v20231003.csv,322,annee_source_absente
2022-55dd17c4-1,2022,rgpd,RGPD,en_ligne,en ligne,meilleursagents.com,MEILLEURSAGENTS COM,PARIS,75,75,FR,FRANCE,immobilier,immobilier,Immobilier,c2bdd9d5__open-data-controles-cnil-2022-v20231003.csv,323,annee_source_absente
2022-3c0705b3-1,2022,rgpd,RGPD,en_ligne,en ligne,matmut.fr,MATMUT FR,ROUEN,76,76,FR,FRANCE,assurance,assurance,Assurance,c2bdd9d5__open-data-controles-cnil-2022-v20231003.csv,324,annee_source_absente
2022-3bfbe005-1,2022,rgpd,RGPD,en_ligne,en ligne,antai.gouv.fr,ANTAI GOUV FR,RENNES,35,35,FR,FRANCE,regalien,etat_regalien,Régalien,c2bdd9d5__open-data-controles-cnil-2022-v20231003.csv,325,annee_source_absente
2022-f6b3dfdb-1,2022,rgpd,RGPD,en_ligne,en ligne,geev.com,GEEV COM,BORDEAUX,33,33,FR,FRANCE,commerce,commerce,Commerce,c2bdd9d5__open-data-controles-cnil-2022-v20231003.csv,326,annee_source_absente
2022-40774ea0-1,2022,rgpd,RGPD,en_ligne,en ligne,interencheres.com,INTERENCHERES COM,PARIS,75,75,FR,FRANCE,commerce,commerce,Commerce,c2bdd9d5__open-data-controles-cnil-2022-v20231003.csv,327,annee_source_absente
2022-34b7654b-1,2022,rgpd,RGPD,en_ligne,en ligne,gensdeconfiance.fr,GENSDECONFIANCE FR,NANTES,44,44,FR,FRANCE,commerce,commerce,Commerce,c2bdd9d5__open-data-controles-cnil-2022-v20231003.csv,328,annee_source_absente
2022-d0dfcb76-1,2022,rgpd,RGPD,en_ligne,en ligne,compte-nickel.fr,COMPTE NICKEL FR,CHARENTON-LE-PONT,94,94,FR,FRANCE,banque,banque,Banque,c2bdd9d5__open-data-controles-cnil-2022-v20231003.csv,329,annee_source_absente
2022-c257165e-1,2022,rgpd,RGPD,en_ligne,en ligne,secu-independants.fr,SECU INDEPENDANTS FR,MONTREUIL,93,93,FR,FRANCE,sante,sante_social,Santé,c2bdd9d5__open-data-controles-cnil-2022-v20231003.csv,330,annee_source_absente
2022-17c2143b-1,2022,rgpd,RGPD,en_ligne,en ligne,justice.gouv.fr justice.fr,JUSTICE GOUV FR JUSTICE FR,PARIS,75,75,FR,FRANCE,regalien,etat_regalien,Régalien,c2bdd9d5__open-data-controles-cnil-2022-v20231003.csv,331,annee_source_absente|organisme_multiligne
2022-3fd5d30d-1,2022,rgpd,RGPD,en_ligne,en ligne,etalab.gouv.fr,ETALAB GOUV FR,PARIS,75,75,FR,FRANCE,regalien,etat_regalien,Régalien,c2bdd9d5__open-data-controles-cnil-2022-v20231003.csv,333,annee_source_absente
2022-5323642d-1,2022,rgpd,RGPD,en_ligne,en ligne,se-unsa.org,SE UNSA ORG,PARIS,75,75,FR,FRANCE,social,sante_social,Social,c2bdd9d5__open-data-controles-cnil-2022-v20231003.csv,334,annee_source_absente
2022-c94d7870-1,2022,rgpd,RGPD,en_ligne,en ligne,snes.edu,SNES EDU,PARIS,75,75,FR,FRANCE,social,sante_social,Social,c2bdd9d5__open-data-controles-cnil-2022-v20231003.csv,335,annee_source_absente
2022-1b6f6bc0-1,2022,rgpd,RGPD,en_ligne,en ligne,ligue-cancer.net,LIGUE CANCER NET,PARIS,75,75,FR,FRANCE,sante,sante_social,Santé,c2bdd9d5__open-data-controles-cnil-2022-v20231003.csv,336,annee_source_absente
2022-9608cf5d-1,2022,rgpd,RGPD,en_ligne,en ligne,cci.fr,CCI FR,LEVALLOIS-PERRET,92,92,FR,FRANCE,regalien,etat_regalien,Régalien,c2bdd9d5__open-data-controles-cnil-2022-v20231003.csv,337,annee_source_absente
2022-2e2e5f97-1,2022,rgpd,RGPD,en_ligne,en ligne,france3-regions.francetvinfo.fr,FRANCE3 REGIONS FRANCETVINFO FR,PARIS,75,75,FR,FRANCE,culture,education_culture_sport,Culture,c2bdd9d5__open-data-controles-cnil-2022-v20231003.csv,338,annee_source_absente
2022-6fe7115e-1,2022,rgpd,RGPD,en_ligne,en ligne,retraitesdeletat.gouv.fr,RETRAITESDELETAT GOUV FR,NANTES,44,44,FR,FRANCE,regalien,etat_regalien,Régalien,c2bdd9d5__open-data-controles-cnil-2022-v20231003.csv,339,annee_source_absente
2022-ddab71b9-1,2022,rgpd,RGPD,en_ligne,en ligne,etudiant.gouv.fr,ETUDIANT GOUV FR,VANVES,92,92,FR,FRANCE,education,education_culture_sport,Éducation,c2bdd9d5__open-data-controles-cnil-2022-v20231003.csv,340,annee_source_absente
2022-be1e2a06-1,2022,rgpd,RGPD,en_ligne,en ligne,certificat-air.gouv.fr,CERTIFICAT AIR GOUV FR,PARIS,75,75,FR,FRANCE,regalien,etat_regalien,Régalien,c2bdd9d5__open-data-controles-cnil-2022-v20231003.csv,341,annee_source_absente
2022-47c3e792-1,2022,rgpd,RGPD,en_ligne,en ligne,fonctionpublique-chequesvacances.fr,FONCTIONPUBLIQUE CHEQUESVACANCES FR,PARIS,75,75,FR,FRANCE,tourisme,commerce,Tourisme,c2bdd9d5__open-data-controles-cnil-2022-v20231003.csv,342,annee_source_absente
2022-86d0d70c-1,2022,rgpd,RGPD,en_ligne,en ligne,sida-info-service.org,SIDA INFO SERVICE ORG,MONTREUIL,93,93,FR,FRANCE,sante,sante_social,Santé,c2bdd9d5__open-data-controles-cnil-2022-v20231003.csv,343,annee_source_absente
2022-58506ef9-1,2022,rgpd,RGPD,en_ligne,en ligne,inrae.fr,INRAE FR,PARIS,75,75,FR,FRANCE,collectivites_territoriales,collectivites_territoriales,Collectivités territoriales,c2bdd9d5__open-data-controles-cnil-2022-v20231003.csv,344,annee_source_absente
2022-58d98302-1,2022,rgpd,RGPD,en_ligne,en ligne,pre-plainte-en-ligne.gouv.fr,PRE PLAINTE EN LIGNE GOUV FR,PARIS,75,75,FR,FRANCE,regalien,etat_regalien,Régalien,c2bdd9d5__open-data-controles-cnil-2022-v20231003.csv,345,annee_source_absente
2022-2821df4e-1,2022,rgpd,RGPD,en_ligne,en ligne,univ-paris8.fr,UNIV PARIS8 FR,SAINT-DENIS,93,93,FR,FRANCE,education,education_culture_sport,Éducation,c2bdd9d5__open-data-controles-cnil-2022-v20231003.csv,346,annee_source_absente
2022-23c7054d-1,2022,rgpd,RGPD,en_ligne,en ligne,eureennormandie.fr,EUREENNORMANDIE FR,ÉVREUX,27,27,FR,FRANCE,collectivites_territoriales,collectivites_territoriales,Collectivités territoriales,c2bdd9d5__open-data-controles-cnil-2022-v20231003.csv,347,annee_source_absente
2022-cbd28774-1,2022,rgpd,RGPD,en_ligne,en ligne,entreprises.gouv.fr,ENTREPRISES GOUV FR,PARIS,75,75,FR,FRANCE,regalien,etat_regalien,Régalien,c2bdd9d5__open-data-controles-cnil-2022-v20231003.csv,348,annee_source_absente
2022-c02f7592-1,2022,rgpd,RGPD,en_ligne,en ligne,departement13.fr,DEPARTEMENT13 FR,MARSEILLE,13,13,FR,FRANCE,collectivites_territoriales,collectivites_territoriales,Collectivités territoriales,c2bdd9d5__open-data-controles-cnil-2022-v20231003.csv,349,annee_source_absente
2022-7fe141e1-1,2022,rgpd,RGPD,en_ligne,en ligne,herault.fr,HERAULT FR,MONTPELLIER,34,34,FR,FRANCE,collectivites_territoriales,collectivites_territoriales,Collectivités territoriales,c2bdd9d5__open-data-controles-cnil-2022-v20231003.csv,350,annee_source_absente
2022-ab263fbe-1,2022,rgpd,RGPD,en_ligne,en ligne,bourgognefranchecomte.fr,BOURGOGNEFRANCHECOMTE FR,BESANCON,25,25,FR,FRANCE,collectivites_territoriales,collectivites_territoriales,Collectivités territoriales,c2bdd9d5__open-data-controles-cnil-2022-v20231003.csv,351,annee_source_absente
2022-d6cc2d2e-1,2022,rgpd,RGPD,en_ligne,en ligne,ille-et-vilaine.fr,ILLE ET VILAINE FR,RENNES,35,35,FR,FRANCE,collectivites_territoriales,collectivites_territoriales,Collectivités territoriales,c2bdd9d5__open-data-controles-cnil-2022-v20231003.csv,352,annee_source_absente
2022-a54e78e7-1,2022,rgpd,RGPD,en_ligne,en ligne,unsa.org,UNSA ORG,BAGNOLET,93,93,FR,FRANCE,education,education_culture_sport,Éducation,c2bdd9d5__open-data-controles-cnil-2022-v20231003.csv,353,annee_source_absente
2022-b9bddf1c-1,2022,rgpd,RGPD,sur_place,sur place,RETRAVAILLER DANS L'OUEST,RETRAVAILLER DANS L OUEST,NANTES,44,44,FR,FRANCE,travail,travail,Travail,c2bdd9d5__open-data-controles-cnil-2022-v20231003.csv,354,annee_source_absente
2022-4470cdf5-1,2022,rgpd,RGPD,sur_place,sur place,APERAM STAINLESS FRANCE,APERAM STAINLESS FRANCE,SAINT-DENIS,93,93,FR,FRANCE,commerce,commerce,Commerce,c2bdd9d5__open-data-controles-cnil-2022-v20231003.csv,355,annee_source_absente
2022-ffbc60e2-1,2022,rgpd,RGPD,sur_place,sur place,CENTRE HOSPITALIER D'ALÈS-CÉVENNES,CENTRE HOSPITALIER D ALES CEVENNES,ALÈS,30,30,FR,FRANCE,sante,sante_social,Santé,c2bdd9d5__open-data-controles-cnil-2022-v20231003.csv,356,annee_source_absente
2022-1f4e5ef8-1,2022,rgpd,RGPD,sur_place,sur place,MÉTROPOLE DE LYON,METROPOLE DE LYON,LYON,69,69,FR,FRANCE,collectivites_territoriales,collectivites_territoriales,Collectivités territoriales,c2bdd9d5__open-data-controles-cnil-2022-v20231003.csv,357,annee_source_absente
2022-e122b97f-1,2022,rgpd,RGPD,sur_place,sur place,PÉNÉLOPE L'AGENCE,PENELOPE L AGENCE,PARIS,75,75,FR,FRANCE,commerce,commerce,Commerce,c2bdd9d5__open-data-controles-cnil-2022-v20231003.csv,358,annee_source_absente
2022-93f2fa3c-1,2022,rgpd,RGPD,sur_place,sur place,GINEYS SAS,GINEYS SAS,REVENTIN-VAUGRIS,38,38,FR,FRANCE,commerce,commerce,Commerce,c2bdd9d5__open-data-controles-cnil-2022-v20231003.csv,359,annee_source_absente
2022-2a9a8e63-1,2022,rgpd,RGPD,sur_pieces,sur pièces,CAMAIEU INTERNATIONAL,CAMAIEU INTERNATIONAL,ROUBAIX,59,59,FR,FRANCE,commerce,commerce,Commerce,c2bdd9d5__open-data-controles-cnil-2022-v20231003.csv,360,annee_source_absente
2022-15c5e0a9-1,2022,rgpd,RGPD,en_ligne,en ligne,IMMODIAGNOSCTIC.FR,IMMODIAGNOSCTIC FR,MARSEILLE,13,13,FR,FRANCE,immobilier,immobilier,Immobilier,c2bdd9d5__open-data-controles-cnil-2022-v20231003.csv,361,annee_source_absente
2022-71bd4b42-1,2022,rgpd,RGPD,en_ligne,en ligne,IMMOBILIER.BIGPIGE.COM,IMMOBILIER BIGPIGE COM,PARIS,75,75,FR,FRANCE,immobilier,immobilier,Immobilier,c2bdd9d5__open-data-controles-cnil-2022-v20231003.csv,363,annee_source_absente
2022-47347b6b-3,2022,rgpd,RGPD,sur_pieces,sur pièces,MINISTÈRE DE L'INTÉRIEUR ET DES OUTRE-MERS,MINISTERE DE L INTERIEUR ET DES OUTRE MERS,PARIS,75,75,FR,FRANCE,regalien,etat_regalien,Régalien,c2bdd9d5__open-data-controles-cnil-2022-v20231003.csv,364,annee_source_absente|ligne_dupliquee
2022-543f2860-1,2022,rgpd,RGPD,sur_pieces,sur pièces,FÉDÉRATION FRANÇAISE DE SAUVETAGE ET DE SECOURISME,FEDERATION FRANCAISE DE SAUVETAGE ET DE SECOURISME,PARIS,75,75,FR,FRANCE,regalien,etat_regalien,Régalien,c2bdd9d5__open-data-controles-cnil-2022-v20231003.csv,365,annee_source_absente
2022-6e906ba2-1,2022,rgpd,RGPD,en_ligne,en ligne,FÉDÉRATION FRANÇAISE DE SAUVETAGE ET DE SECOURISME,FEDERATION FRANCAISE DE SAUVETAGE ET DE SECOURISME,PARIS,75,75,FR,FRANCE,regalien,etat_regalien,Régalien,c2bdd9d5__open-data-controles-cnil-2022-v20231003.csv,366,annee_source_absente
2022-64c0835a-1,2022,rgpd,RGPD,en_ligne,en ligne,MINISTÈRE DE L'INTÉRIEUR ET DES OUTRE-MERS,MINISTERE DE L INTERIEUR ET DES OUTRE MERS,PARIS,75,75,FR,FRANCE,regalien,etat_regalien,Régalien,c2bdd9d5__open-data-controles-cnil-2022-v20231003.csv,367,annee_source_absente
2023-8fca307a-1,2023,rgpd,RGPD,sur_place,sur place,CONTACT COVID CNAM,CONTACT COVID CNAM,PARIS,75,75,FR,FRANCE,sante,sante_social,Santé,458235ea__open-data-controles-cnil-2023.csv,4,annee_source_absente|organisme_multiligne
2023-78936c15-1,2023,rgpd,RGPD,sur_place,sur place,TOUSANTICOVID,TOUSANTICOVID,PARIS,75,75,FR,FRANCE,sante,sante_social,Santé,458235ea__open-data-controles-cnil-2023.csv,6,annee_source_absente
2023-d9515e1a-1,2023,rgpd,RGPD,sur_place,sur place,ENTREPRENEUR INDIVIDUEL,ENTREPRENEUR INDIVIDUEL,PARIS,75,75,FR,FRANCE,commerce,commerce,Commerce,458235ea__open-data-controles-cnil-2023.csv,7,annee_source_absente
2023-5e3b2c63-1,2023,rgpd,RGPD,sur_pieces,sur pièces,MKD GROUPE,MKD GROUPE,BORDEAUX,33,33,FR,FRANCE,politique,politique,Activités politiques,458235ea__open-data-controles-cnil-2023.csv,8,annee_source_absente
2023-854493ce-1,2023,rgpd,RGPD,sur_audition,sur audition,MKD GROUPE,MKD GROUPE,PARIS,75,75,FR,FRANCE,politique,politique,Activités politiques,458235ea__open-data-controles-cnil-2023.csv,9,annee_source_absente
2023-50abb9d2-1,2023,rgpd,RGPD,en_ligne,en ligne,GAMELOFT,GAMELOFT,PARIS,75,75,FR,FRANCE,commerce,commerce,Commerce,458235ea__open-data-controles-cnil-2023.csv,10,annee_source_absente
2023-50abb9d2-2,2023,rgpd,RGPD,en_ligne,en ligne,GAMELOFT,GAMELOFT,PARIS,75,75,FR,FRANCE,commerce,commerce,Commerce,458235ea__open-data-controles-cnil-2023.csv,11,annee_source_absente|ligne_dupliquee
2023-50abb9d2-3,2023,rgpd,RGPD,en_ligne,en ligne,GAMELOFT,GAMELOFT,PARIS,75,75,FR,FRANCE,commerce,commerce,Commerce,458235ea__open-data-controles-cnil-2023.csv,12,annee_source_absente|ligne_dupliquee
2023-c84b1e23-1,2023,rgpd,RGPD,en_ligne,en ligne,REWORLD MEDIA,REWORLD MEDIA,BOULOGNE-BILLANCOURT,92,92,FR,FRANCE,commerce,commerce,Commerce,458235ea__open-data-controles-cnil-2023.csv,13,annee_source_absente
2023-23a7f347-1,2023,rgpd,RGPD,sur_place,sur place,TELEPERFORMANCE FRANCE,TELEPERFORMANCE FRANCE,BLAGNAC,31,31,FR,FRANCE,commerce,commerce,Commerce,458235ea__open-data-controles-cnil-2023.csv,14,annee_source_absente
2023-d1d60ff1-1,2023,rgpd,RGPD,sur_place,sur place,LVMH MOET HENNESSY LOUIS VUITTON,LVMH MOET HENNESSY LOUIS VUITTON,PARIS,75,75,FR,FRANCE,commerce,commerce,Commerce,458235ea__open-data-controles-cnil-2023.csv,15,annee_source_absente
2023-75ad4854-1,2023,rgpd,RGPD,sur_place,sur place,MINISTERE DE LA JUSTICE,MINISTERE DE LA JUSTICE,MONTREUIL,93,93,FR,FRANCE,regalien,etat_regalien,Régalien,458235ea__open-data-controles-cnil-2023.csv,16,annee_source_absente
2023-5aa409b5-1,2023,rgpd,RGPD,sur_place,sur place,SOCIETE FRANCAISE DU RADIOTELEPHONE - SFR,SOCIETE FRANCAISE DU RADIOTELEPHONE SFR,PARIS,75,75,FR,FRANCE,regalien,etat_regalien,Régalien,458235ea__open-data-controles-cnil-2023.csv,17,annee_source_absente
2023-3a54cccd-1,2023,rgpd,RGPD,sur_place,sur place,THALES,THALES,VELIZY-VILLACOUBLAY,78,78,FR,FRANCE,regalien,etat_regalien,Régalien,458235ea__open-data-controles-cnil-2023.csv,18,annee_source_absente
2023-0f77e6a0-1,2023,rgpd,RGPD,sur_place,sur place,ALPES DAUPHINE PROVENCE BUREAU,ALPES DAUPHINE PROVENCE BUREAU,ALLEX,26,26,FR,FRANCE,commerce,commerce,Commerce,458235ea__open-data-controles-cnil-2023.csv,19,annee_source_absente
2023-6abf16d6-1,2023,rgpd,RGPD,sur_place,sur place,LA POSTE,LA POSTE,PARIS,75,75,FR,FRANCE,commerce,commerce,Commerce,458235ea__open-data-controles-cnil-2023.csv,20,annee_source_absente
2023-6555d68b-1,2023,rgpd,RGPD,sur_place,sur place,BOURSORAMA BANQUE,BOURSORAMA BANQUE,BOULOGNE-BILLANCOURT,92,92,FR,FRANCE,banque,banque,Banque,458235ea__open-data-controles-cnil-2023.csv,21,annee_source_absente
2023-d2edea63-1,2023,rgpd,RGPD,sur_place,sur place,BRED BANQUE POPULAIRE,BRED BANQUE POPULAIRE,PARIS,75,75,FR,FRANCE,banque,banque,Banque,458235ea__open-data-controles-cnil-2023.csv,22,annee_source_absente
2023-340f2ae8-1,2023,rgpd,RGPD,sur_place,sur place,COMMUNE DE WISSOUS,COMMUNE DE WISSOUS,WISSOUS,91,91,FR,FRANCE,collectivites_territoriales,collectivites_territoriales,Collectivités territoriales,458235ea__open-data-controles-cnil-2023.csv,23,annee_source_absente
2023-9a2d7902-1,2023,rgpd,RGPD,sur_place,sur place,GOOGLE IRELAND LIMITED,GOOGLE IRELAND LIMITED,PARIS,75,75,FR,FRANCE,telecommunications,telecommunications,Télécommunications,458235ea__open-data-controles-cnil-2023.csv,24,annee_source_absente
2023-4b15bfd9-1,2023,rgpd,RGPD,sur_place,sur place,SYNCHROTEAM,SYNCHROTEAM,NEUILLY SUR SEINE,92,92,FR,FRANCE,travail,travail,Travail,458235ea__open-data-controles-cnil-2023.csv,25,annee_source_absente
2023-72fd5c6f-1,2023,rgpd,RGPD,sur_pieces,sur pièces,MYSTAFF LLC,MYSTAFF LLC,LAS VEGAS,,,US,ÉTATS-UNIS,travail,travail,Travail,458235ea__open-data-controles-cnil-2023.csv,26,annee_source_absente|departement_vide
2023-08a8c9f8-1,2023,rgpd,RGPD,sur_place,sur place,DATADVANCE,DATADVANCE,TOULOUSE,31,31,FR,FRANCE,travail,travail,Travail,458235ea__open-data-controles-cnil-2023.csv,27,annee_source_absente
2023-b6886bed-1,2023,rgpd,RGPD,en_ligne,en ligne,INTERSPORT France,INTERSPORT FRANCE,LONGJUMEAU,91,91,FR,FRANCE,commerce,commerce,Commerce,458235ea__open-data-controles-cnil-2023.csv,28,annee_source_absente
2023-930ae429-1,2023,rgpd,RGPD,sur_place,sur place,INTERSPORT France,INTERSPORT FRANCE,LONGJUMEAU,91,91,FR,FRANCE,commerce,commerce,Commerce,458235ea__open-data-controles-cnil-2023.csv,29,annee_source_absente
2023-6fcfd5b5-1,2023,rgpd,RGPD,en_ligne,en ligne,JCDA,JCDA,PARIS,75,75,FR,FRANCE,commerce,commerce,Commerce,458235ea__open-data-controles-cnil-2023.csv,30,annee_source_absente
2023-eb6d400d-1,2023,rgpd,RGPD,sur_place,sur place,JCDA,JCDA,PARIS,75,75,FR,FRANCE,commerce,commerce,Commerce,458235ea__open-data-controles-cnil-2023.csv,31,annee_source_absente
2023-ac4f9e76-1,2023,rgpd,RGPD,en_ligne,en ligne,FLO HEALTH UK LIMITED,FLO HEALTH UK LIMITED,LONDRES,,,GB,ROYAUME-UNI,sante,sante_social,Santé,458235ea__open-data-controles-cnil-2023.csv,32,annee_source_absente|departement_vide
2023-479f5d47-1,2023,rgpd,RGPD,sur_pieces,sur pièces,FLO HEALTH UK LIMITED,FLO HEALTH UK LIMITED,LONDRES,,,GB,ROYAUME-UNI,sante,sante_social,Santé,458235ea__open-data-controles-cnil-2023.csv,33,annee_source_absente|departement_vide
2023-c7e3c79c-1,2023,rgpd,RGPD,sur_place,sur place,AUDION,AUDION,PARIS,75,75,FR,FRANCE,commerce,commerce,Commerce,458235ea__open-data-controles-cnil-2023.csv,34,annee_source_absente
2023-ff5cfe30-1,2023,rgpd,RGPD,en_ligne,en ligne,GLOW INC.,GLOW INC,SAN FRANCISCO,,,US,ÉTATS-UNIS,sante,sante_social,Santé,458235ea__open-data-controles-cnil-2023.csv,35,annee_source_absente|departement_vide
2023-3ca3ef0a-1,2023,rgpd,RGPD,sur_pieces,sur pièces,GLOW INC.,GLOW INC,SAN FRANCISCO,,,US,ÉTATS-UNIS,sante,sante_social,Santé,458235ea__open-data-controles-cnil-2023.csv,36,annee_source_absente|departement_vide
2023-796235ee-1,2023,rgpd,RGPD,en_ligne,en ligne,GLOW INC.,GLOW INC,SAN FRANCISCO,,,US,ÉTATS-UNIS,social,sante_social,Social,458235ea__open-data-controles-cnil-2023.csv,37,annee_source_absente|departement_vide
2023-87607985-1,2023,rgpd,RGPD,en_ligne,en ligne,AMERICAN EXPRESS CARTE FRANCE,AMERICAN EXPRESS CARTE FRANCE,RUEIL-MALMAISON,92,92,FR,FRANCE,banque,banque,Banque,458235ea__open-data-controles-cnil-2023.csv,38,annee_source_absente
2023-98dbad3d-1,2023,rgpd,RGPD,sur_place,sur place,AMERICAN EXPRESS CARTE FRANCE,AMERICAN EXPRESS CARTE FRANCE,RUEIL-MALMAISON,92,92,FR,FRANCE,banque,banque,Banque,458235ea__open-data-controles-cnil-2023.csv,39,annee_source_absente
2023-98dbad3d-2,2023,rgpd,RGPD,sur_place,sur place,AMERICAN EXPRESS CARTE FRANCE,AMERICAN EXPRESS CARTE FRANCE,RUEIL-MALMAISON,92,92,FR,FRANCE,banque,banque,Banque,458235ea__open-data-controles-cnil-2023.csv,40,annee_source_absente|ligne_dupliquee
2023-0349804c-1,2023,rgpd,RGPD,sur_audition,sur audition,INSTITUT CATHOLIQUE DE PARIS,INSTITUT CATHOLIQUE DE PARIS,PARIS,75,75,FR,FRANCE,education,education_culture_sport,Education,458235ea__open-data-controles-cnil-2023.csv,41,annee_source_absente
2023-b1c17e05-1,2023,rgpd,RGPD,sur_place,sur place,CHI LES HOPITAUX DU LEMAN,CHI LES HOPITAUX DU LEMAN,THONON-LES-BAINS,74,74,FR,FRANCE,sante,sante_social,Santé,458235ea__open-data-controles-cnil-2023.csv,42,annee_source_absente
2023-d51499ea-1,2023,rgpd,RGPD,en_ligne,en ligne,DOCTISSIMO,DOCTISSIMO,BOULOGNE-BILLANCOURT,92,92,FR,FRANCE,sante,sante_social,Santé,458235ea__open-data-controles-cnil-2023.csv,43,annee_source_absente
2023-8e41666c-1,2023,rgpd,RGPD,sur_place,sur place,DOCTISSIMO,DOCTISSIMO,BOULOGNE-BILLANCOURT,92,92,FR,FRANCE,sante,sante_social,Santé,458235ea__open-data-controles-cnil-2023.csv,44,annee_source_absente
2023-93a87829-1,2023,rgpd,RGPD,en_ligne,en ligne,GLOBALIA,GLOBALIA,PARIS,75,75,FR,FRANCE,sante,sante_social,Santé,458235ea__open-data-controles-cnil-2023.csv,45,annee_source_absente
2023-245cd4cf-1,2023,rgpd,RGPD,sur_place,sur place,GLOBALIA,GLOBALIA,PARIS,75,75,FR,FRANCE,sante,sante_social,Santé,458235ea__open-data-controles-cnil-2023.csv,46,annee_source_absente
2023-d2aa3bdf-1,2023,rgpd,RGPD,en_ligne,en ligne,QUIZ COACH,QUIZ COACH,FRESNES,94,94,FR,FRANCE,sante,sante_social,Santé,458235ea__open-data-controles-cnil-2023.csv,47,annee_source_absente
2023-dc88748f-1,2023,rgpd,RGPD,sur_audition,sur audition,QUIZ COACH,QUIZ COACH,FRESNES,94,94,FR,FRANCE,sante,sante_social,Santé,458235ea__open-data-controles-cnil-2023.csv,48,annee_source_absente
2023-c6aa8629-1,2023,rgpd,RGPD,sur_audition,sur audition,MEDIA DEVELOPPEURS,MEDIA DEVELOPPEURS,PARIS,75,75,FR,FRANCE,travail,travail,Travail,458235ea__open-data-controles-cnil-2023.csv,49,annee_source_absente
2023-399bc731-1,2023,rgpd,RGPD,sur_audition,sur audition,GLOPAL,GLOPAL,PARIS,75,75,FR,FRANCE,travail,travail,Travail,458235ea__open-data-controles-cnil-2023.csv,50,annee_source_absente
2023-40781187-1,2023,rgpd,RGPD,sur_place,sur place,MONSTOCK,MONSTOCK,BEZANNES,51,51,FR,FRANCE,travail,travail,Travail,458235ea__open-data-controles-cnil-2023.csv,51,annee_source_absente
2023-ba718a80-1,2023,rgpd,RGPD,sur_place,sur place,MINISTERE DE L'INTERIEUR ET DES OUTRE-MERS,MINISTERE DE L INTERIEUR ET DES OUTRE MERS,BORDEAUX,33,33,FR,FRANCE,regalien,etat_regalien,Régalien,458235ea__open-data-controles-cnil-2023.csv,52,annee_source_absente
2023-922fd476-1,2023,rgpd,RGPD,sur_place,sur place,NOV'IN,NOV IN,SAINT ETIENNE,42,42,FR,FRANCE,commerce,commerce,Commerce,458235ea__open-data-controles-cnil-2023.csv,53,annee_source_absente
2023-1930049c-1,2023,rgpd,RGPD,en_ligne,en ligne,VERTBAUDET,VERTBAUDET,TOURCOING,59,59,FR,FRANCE,commerce,commerce,Commerce,458235ea__open-data-controles-cnil-2023.csv,54,annee_source_absente
2023-7b3f9e3d-1,2023,rgpd,RGPD,sur_place,sur place,VERTBAUDET,VERTBAUDET,TOURCOING,59,59,FR,FRANCE,commerce,commerce,Commerce,458235ea__open-data-controles-cnil-2023.csv,55,annee_source_absente
2023-36c3b9aa-1,2023,rgpd,RGPD,sur_place,sur place,MVGROUP,MVGROUP,PARIS,75,75,FR,FRANCE,commerce,commerce,Commerce,458235ea__open-data-controles-cnil-2023.csv,56,annee_source_absente
2023-36c3b9aa-2,2023,rgpd,RGPD,sur_place,sur place,MVGROUP,MVGROUP,PARIS,75,75,FR,FRANCE,commerce,commerce,Commerce,458235ea__open-data-controles-cnil-2023.csv,57,annee_source_absente|ligne_dupliquee
2023-36c3b9aa-3,2023,rgpd,RGPD,sur_place,sur place,MVGROUP,MVGROUP,PARIS,75,75,FR,FRANCE,commerce,commerce,Commerce,458235ea__open-data-controles-cnil-2023.csv,58,annee_source_absente|ligne_dupliquee
2023-36c3b9aa-4,2023,rgpd,RGPD,sur_place,sur place,MVGROUP,MVGROUP,PARIS,75,75,FR,FRANCE,commerce,commerce,Commerce,458235ea__open-data-controles-cnil-2023.csv,59,annee_source_absente|ligne_dupliquee
2023-aae45bdd-1,2023,rgpd,RGPD,en_ligne,en ligne,BEREAL,BEREAL,PARIS,75,75,FR,FRANCE,telecommunications,telecommunications,Télécommunications,458235ea__open-data-controles-cnil-2023.csv,60,annee_source_absente
2023-aae45bdd-2,2023,rgpd,RGPD,en_ligne,en ligne,BEREAL,BEREAL,PARIS,75,75,FR,FRANCE,telecommunications,telecommunications,Télécommunications,458235ea__open-data-controles-cnil-2023.csv,61,annee_source_absente|ligne_dupliquee
2023-dc17d7d5-1,2023,rgpd,RGPD,sur_audition,sur audition,BEREAL,BEREAL,PARIS,75,75,FR,FRANCE,telecommunications,telecommunications,Télécommunications,458235ea__open-data-controles-cnil-2023.csv,62,annee_source_absente
2023-c4979538-1,2023,rgpd,RGPD,sur_place,sur place,LE WELCOME LAB,LE WELCOME LAB,IVRY-SUR-SEINE,94,94,FR,FRANCE,sante,sante_social,Santé,458235ea__open-data-controles-cnil-2023.csv,63,annee_source_absente
2023-105fc6d0-1,2023,rgpd,RGPD,sur_place,sur place,Mission interministérielle de coordination anti-fraude (MICAF),MISSION INTERMINISTERIELLE DE COORDINATION ANTI FRAUDE MICAF,PARIS,75,75,FR,FRANCE,regalien,etat_regalien,Régalien,458235ea__open-data-controles-cnil-2023.csv,64,annee_source_absente
2023-a24b949a-1,2023,rgpd,RGPD,en_ligne,en ligne,PHILIPS CONSUMER LIFESTYLE B.V.,PHILIPS CONSUMER LIFESTYLE B V,EINDHOVEN,,,NL,PAYS-BAS,sante,sante_social,Santé,458235ea__open-data-controles-cnil-2023.csv,65,annee_source_absente|departement_vide
2023-b51c090d-1,2023,rgpd,RGPD,sur_pieces,sur pièces,PHILIPS CONSUMER LIFESTYLE B.V.,PHILIPS CONSUMER LIFESTYLE B V,EINDHOVEN,,,NL,PAYS-BAS,sante,sante_social,Santé,458235ea__open-data-controles-cnil-2023.csv,66,annee_source_absente|departement_vide
2023-88812716-1,2023,rgpd,RGPD,en_ligne,en ligne,SMART DATA,SMART DATA,NEUILLY SUR SEINE,92,92,FR,FRANCE,commerce,commerce,Commerce,458235ea__open-data-controles-cnil-2023.csv,67,annee_source_absente
2023-a75c8d6e-1,2023,rgpd,RGPD,sur_place,sur place,SMART DATA,SMART DATA,NEUILLY SUR SEINE,92,92,FR,FRANCE,commerce,commerce,Commerce,458235ea__open-data-controles-cnil-2023.csv,68,annee_source_absente
2023-ace2eb61-1,2023,videoprotection,VIDEOPROTECTION,sur_pieces,sur pièces,MINISTERE DE L'INTERIEUR,MINISTERE DE L INTERIEUR,PARIS,75,75,FR,FRANCE,regalien,etat_regalien,Régalien,458235ea__open-data-controles-cnil-2023.csv,69,annee_source_absente
2023-4c9518fa-1,2023,videoprotection,VIDEOPROTECTION,sur_pieces,sur pièces,PARTICULIER,PARTICULIER,VOISENON,77,77,FR,FRANCE,particulier,autres,Particulier,458235ea__open-data-controles-cnil-2023.csv,70,annee_source_absente
2023-6bab04ff-1,2023,rgpd,RGPD,sur_place,sur place,COFIDIS,COFIDIS,VILLENEUVE D'ASCQ,59,59,FR,FRANCE,banque,banque,Banque,458235ea__open-data-controles-cnil-2023.csv,71,annee_source_absente
2023-6bab04ff-2,2023,rgpd,RGPD,sur_place,sur place,COFIDIS,COFIDIS,VILLENEUVE D'ASCQ,59,59,FR,FRANCE,banque,banque,Banque,458235ea__open-data-controles-cnil-2023.csv,72,annee_source_absente|ligne_dupliquee
2023-6bab04ff-3,2023,rgpd,RGPD,sur_place,sur place,COFIDIS,COFIDIS,VILLENEUVE D'ASCQ,59,59,FR,FRANCE,banque,banque,Banque,458235ea__open-data-controles-cnil-2023.csv,73,annee_source_absente|ligne_dupliquee
2023-735ca5b2-1,2023,rgpd,RGPD,sur_place,sur place,Caisse d'allocations familiales de la Gironde,CAISSE D ALLOCATIONS FAMILIALES DE LA GIRONDE,BORDEAUX,33,33,FR,FRANCE,social,sante_social,Social,458235ea__open-data-controles-cnil-2023.csv,74,annee_source_absente
2023-57511b4b-1,2023,rgpd,RGPD,sur_place,sur place,ST BTP,ST BTP,CASTRES,81,81,FR,FRANCE,commerce,commerce,Commerce,458235ea__open-data-controles-cnil-2023.csv,75,annee_source_absente
2023-97a3d670-1,2023,rgpd,RGPD,sur_place,sur place,ITALIAN STREET FOOD,ITALIAN STREET FOOD,GARIDECH,31,31,FR,FRANCE,travail,travail,Travail,458235ea__open-data-controles-cnil-2023.csv,76,annee_source_absente
2023-a2fa897b-1,2023,rgpd,RGPD,sur_place,sur place,SERVICE NATIONAL DES ENQUÊTES ADMINISTRATIVES DE SÉCURITÉ,SERVICE NATIONAL DES ENQUETES ADMINISTRATIVES DE SECURITE,PARIS,75,75,FR,FRANCE,regalien,etat_regalien,Régalien,458235ea__open-data-controles-cnil-2023.csv,77,annee_source_absente
2023-06cdeef8-1,2023,rgpd,RGPD,sur_place,sur place,COMMANDEMENT SPÉCIALISÉ POUR LA SÉCURITÉ NUCLÉRAIRE,COMMANDEMENT SPECIALISE POUR LA SECURITE NUCLERAIRE,MAISONS-ALFORT,94,94,FR,FRANCE,regalien,etat_regalien,Régalien,458235ea__open-data-controles-cnil-2023.csv,78,annee_source_absente
2023-5f090ced-1,2023,rgpd,RGPD,sur_place,sur place,SERVICE NATIONAL DES ENQUÊTES ADMINISTRATIVES DE SÉCURITÉ,SERVICE NATIONAL DES ENQUETES ADMINISTRATIVES DE SECURITE,NANTERRE,92,92,FR,FRANCE,regalien,etat_regalien,Régalien,458235ea__open-data-controles-cnil-2023.csv,79,annee_source_absente
2023-59833e77-1,2023,rgpd,RGPD,sur_place,sur place,LA BANQUE POSTALE,LA BANQUE POSTALE,PARIS,75,75,FR,FRANCE,banque,banque,Banque,458235ea__open-data-controles-cnil-2023.csv,80,annee_source_absente
2023-a47c745c-1,2023,rgpd,RGPD,en_ligne,en ligne,"SAMSUNG ELECTRONICS CO., LTD",SAMSUNG ELECTRONICS CO LTD,SEOUL,,,KR,COREE DU SUD,sante,sante_social,Santé,458235ea__open-data-controles-cnil-2023.csv,81,annee_source_absente|departement_vide
2023-a550917b-1,2023,rgpd,RGPD,sur_place,sur place,"SAMSUNG ELECTRONICS CO., LTD",SAMSUNG ELECTRONICS CO LTD,SAINT-OUEN,93,93,FR,FRANCE,sante,sante_social,Santé,458235ea__open-data-controles-cnil-2023.csv,82,annee_source_absente
2023-7c3accd4-1,2023,rgpd,RGPD,sur_place,sur place,CAISSE D'ALLOCATIONS FAMILIALES DE LA GIRONDE,CAISSE D ALLOCATIONS FAMILIALES DE LA GIRONDE,BORDEAUX,33,33,FR,FRANCE,social,sante_social,Social,458235ea__open-data-controles-cnil-2023.csv,83,annee_source_absente
2023-ebf76923-1,2023,rgpd,RGPD,sur_place,sur place,WITHINGS,WITHINGS,ISSY LES MOULINEAUX,92,92,FR,FRANCE,commerce,commerce,Commerce,458235ea__open-data-controles-cnil-2023.csv,84,annee_source_absente
2023-ebf76923-2,2023,rgpd,RGPD,sur_place,sur place,WITHINGS,WITHINGS,ISSY LES MOULINEAUX,92,92,FR,FRANCE,commerce,commerce,Commerce,458235ea__open-data-controles-cnil-2023.csv,85,annee_source_absente|ligne_dupliquee
2023-4920f5c2-1,2023,rgpd,RGPD,en_ligne,en ligne,ROCKETREACH,ROCKETREACH,BELLEVUE,,,US,ÉTATS-UNIS,commerce,commerce,Commerce,458235ea__open-data-controles-cnil-2023.csv,86,annee_source_absente|departement_vide
2023-5fcb22b8-1,2023,rgpd,RGPD,sur_pieces,sur pièces,ROCKETREACH,ROCKETREACH,BELLEVUE,,,US,ÉTATS-UNIS,commerce,commerce,Commerce,458235ea__open-data-controles-cnil-2023.csv,88,annee_source_absente|departement_vide
2023-fb738e44-1,2023,rgpd,RGPD,sur_place,sur place,HOLDING MAUD,HOLDING MAUD,PARIS,75,75,FR,FRANCE,commerce,commerce,Commerce,458235ea__open-data-controles-cnil-2023.csv,90,annee_source_absente
2023-ca311956-1,2023,rgpd,RGPD,sur_place,sur place,CAISSE NATIONALE DES ALLOCATIONS FAMILIALES,CAISSE NATIONALE DES ALLOCATIONS FAMILIALES,PARIS,75,75,FR,FRANCE,social,sante_social,Social,458235ea__open-data-controles-cnil-2023.csv,91,annee_source_absente
2023-16c440b2-1,2023,rgpd,RGPD,sur_pieces,sur pièces,CAISSE NATIONALE DES ALLOCATIONS FAMILIALES,CAISSE NATIONALE DES ALLOCATIONS FAMILIALES,PARIS,75,75,FR,FRANCE,social,sante_social,Social,458235ea__open-data-controles-cnil-2023.csv,92,annee_source_absente
2023-17135f91-1,2023,rgpd,RGPD,sur_place,sur place,USS SENSIVIC,USS SENSIVIC,ORLEANS,45,45,FR,FRANCE,collectivites_territoriales,collectivites_territoriales,Collectivités territoriales,458235ea__open-data-controles-cnil-2023.csv,93,annee_source_absente
2023-9c7940b7-1,2023,rgpd,RGPD,sur_place,sur place,CA CONSUMER FINANCE,CA CONSUMER FINANCE,MASSY,91,91,FR,FRANCE,banque,banque,Banque,458235ea__open-data-controles-cnil-2023.csv,94,annee_source_absente
2023-cee63e5f-1,2023,rgpd,RGPD,sur_place,sur place,HEMA,HEMA,QUIMPER,29,29,FR,FRANCE,travail,travail,Travail,458235ea__open-data-controles-cnil-2023.csv,95,annee_source_absente
2023-adf4b692-1,2023,rgpd,RGPD,sur_place,sur place,MINISTÈRE DE L'INTÉRIEUR ET DES OUTRE-MERS,MINISTERE DE L INTERIEUR ET DES OUTRE MERS,PARIS,75,75,FR,FRANCE,regalien,etat_regalien,Régalien,458235ea__open-data-controles-cnil-2023.csv,96,annee_source_absente
2023-3c733c48-1,2023,rgpd,RGPD,sur_place,sur place,DOCTOLIB,DOCTOLIB,LEVALLOIS-PERRET,92,92,FR,FRANCE,sante,sante_social,Santé,458235ea__open-data-controles-cnil-2023.csv,97,annee_source_absente
2023-3c733c48-2,2023,rgpd,RGPD,sur_place,sur place,DOCTOLIB,DOCTOLIB,LEVALLOIS-PERRET,92,92,FR,FRANCE,sante,sante_social,Santé,458235ea__open-data-controles-cnil-2023.csv,98,annee_source_absente|ligne_dupliquee
2023-e9952099-1,2023,rgpd,RGPD,sur_place,sur place,DIRECTION GÉNÉRALE DES FINANCES PUBLIQUES,DIRECTION GENERALE DES FINANCES PUBLIQUES,PARIS,75,75,FR,FRANCE,finances_publiques,etat_regalien,Finances publiques,458235ea__open-data-controles-cnil-2023.csv,99,annee_source_absente
2023-e9952099-2,2023,rgpd,RGPD,sur_place,sur place,DIRECTION GÉNÉRALE DES FINANCES PUBLIQUES,DIRECTION GENERALE DES FINANCES PUBLIQUES,PARIS,75,75,FR,FRANCE,finances_publiques,etat_regalien,Finances publiques,458235ea__open-data-controles-cnil-2023.csv,100,annee_source_absente|ligne_dupliquee
2023-e9952099-3,2023,rgpd,RGPD,sur_place,sur place,DIRECTION GÉNÉRALE DES FINANCES PUBLIQUES,DIRECTION GENERALE DES FINANCES PUBLIQUES,PARIS,75,75,FR,FRANCE,finances_publiques,etat_regalien,Finances publiques,458235ea__open-data-controles-cnil-2023.csv,101,annee_source_absente|ligne_dupliquee
2023-378eda6f-1,2023,rgpd,RGPD,sur_place,sur place,CAISSE NATIONALE DE L'ASSURANCE MALADIE,CAISSE NATIONALE DE L ASSURANCE MALADIE,PARIS,75,75,FR,FRANCE,sante,sante_social,Santé,458235ea__open-data-controles-cnil-2023.csv,102,annee_source_absente
2023-adf4b692-2,2023,rgpd,RGPD,sur_place,sur place,MINISTÈRE DE L'INTÉRIEUR ET DES OUTRE-MERS,MINISTERE DE L INTERIEUR ET DES OUTRE MERS,PARIS,75,75,FR,FRANCE,regalien,etat_regalien,Régalien,458235ea__open-data-controles-cnil-2023.csv,103,annee_source_absente|ligne_dupliquee
2023-28fe9ce8-1,2023,rgpd,RGPD,sur_place,sur place,ONEY BANK,ONEY BANK,CROIX,59,59,FR,FRANCE,banque,banque,Banque,458235ea__open-data-controles-cnil-2023.csv,104,annee_source_absente
2023-323ff4aa-1,2023,rgpd,RGPD,sur_place,sur place,CREDIT MUTUEL,CREDIT MUTUEL,ANGERS,49,49,FR,FRANCE,banque,banque,Banque,458235ea__open-data-controles-cnil-2023.csv,105,annee_source_absente
2023-323ff4aa-2,2023,rgpd,RGPD,sur_place,sur place,CREDIT MUTUEL,CREDIT MUTUEL,ANGERS,49,49,FR,FRANCE,banque,banque,Banque,458235ea__open-data-controles-cnil-2023.csv,106,annee_source_absente|ligne_dupliquee
2023-2ee2191b-1,2023,rgpd,RGPD,sur_place,sur place,CREDIT MUTUEL,CREDIT MUTUEL,STRASBOURG,67,67,FR,FRANCE,banque,banque,Banque,458235ea__open-data-controles-cnil-2023.csv,107,annee_source_absente
2023-f42e6ade-1,2023,rgpd,RGPD,en_ligne,en ligne,CARRIBEX LTD,CARRIBEX LTD,BELIZE CITY,,,BZ,BÉLIZE,commerce,commerce,Commerce,458235ea__open-data-controles-cnil-2023.csv,108,annee_source_absente|departement_vide
2023-e5649cde-1,2023,rgpd,RGPD,sur_pieces,sur pièces,CARRIBEX LTD,CARRIBEX LTD,BELIZE CITY,,,BZ,BÉLIZE,commerce,commerce,Commerce,458235ea__open-data-controles-cnil-2023.csv,110,annee_source_absente|departement_vide
2023-157ef4e6-1,2023,rgpd,RGPD,sur_place,sur place,INSTITUT NATIONAL DE LA SANTÉ ET DE LA RECHERCHE MÉDICALE,INSTITUT NATIONAL DE LA SANTE ET DE LA RECHERCHE MEDICALE,PARIS,75,75,FR,FRANCE,sante,sante_social,Santé,458235ea__open-data-controles-cnil-2023.csv,112,annee_source_absente
2023-ff590f61-1,2023,rgpd,RGPD,sur_place,sur place,SPIE ICS,SPIE ICS,MALAKOFF,92,92,FR,FRANCE,travail,travail,Travail,458235ea__open-data-controles-cnil-2023.csv,113,annee_source_absente
2023-fe56deea-1,2023,videoprotection,VIDEOPROTECTION,sur_place,sur place,COMMUNE DE NICE,COMMUNE DE NICE,NICE,06,06,FR,FRANCE,collectivites_territoriales,collectivites_territoriales,Collectivités territoriales,458235ea__open-data-controles-cnil-2023.csv,114,annee_source_absente
2023-ef6fbe86-1,2023,videoprotection,VIDEOPROTECTION,sur_pieces,sur pièces,PARTICULIER,PARTICULIER,CHARTRETTES,77,77,FR,FRANCE,particulier,autres,Particulier,458235ea__open-data-controles-cnil-2023.csv,115,annee_source_absente
2023-60fc7413-1,2023,rgpd,RGPD,en_ligne,en ligne,AGENCE CASSANDRA,AGENCE CASSANDRA,SAINT-DENIS,93,93,FR,FRANCE,commerce,commerce,Commerce,458235ea__open-data-controles-cnil-2023.csv,116,annee_source_absente
2023-1fb6e2c5-1,2023,rgpd,RGPD,sur_place,sur place,AUTOROUTES DU SUD DE LA France,AUTOROUTES DU SUD DE LA FRANCE,ORANGE,84,84,FR,FRANCE,travail,travail,Travail,458235ea__open-data-controles-cnil-2023.csv,117,annee_source_absente
2023-21f34913-1,2023,rgpd,RGPD,sur_place,sur place,ADECCO,ADECCO,VILLEURBANNE,69,69,FR,FRANCE,commerce,commerce,Commerce,458235ea__open-data-controles-cnil-2023.csv,118,annee_source_absente
2023-4411cae1-1,2023,rgpd,RGPD,sur_place,sur place,AGENCE NATIONALE DES DONNÉES DE VOYAGE,AGENCE NATIONALE DES DONNEES DE VOYAGE,PARIS,75,75,FR,FRANCE,regalien,etat_regalien,Régalien,458235ea__open-data-controles-cnil-2023.csv,119,annee_source_absente
2023-e79b1b0e-1,2023,rgpd,RGPD,sur_place,sur place,DIRECTION DE LA POLICE AUX FRONTIÈRES,DIRECTION DE LA POLICE AUX FRONTIERES,ROISSY-EN-FRANCE,95,95,FR,FRANCE,regalien,etat_regalien,Régalien,458235ea__open-data-controles-cnil-2023.csv,120,annee_source_absente
2023-e7a73e85-1,2023,rgpd,RGPD,sur_place,sur place,AIR FRANCE,AIR FRANCE,TREMBLAY-EN-FRANCE,93,93,FR,FRANCE,regalien,etat_regalien,Régalien,458235ea__open-data-controles-cnil-2023.csv,121,annee_source_absente
2023-1523eaa8-1,2023,rgpd,RGPD,sur_place,sur place,DIRECTION GENERALE DES DOUANES ET DROITS INDIRECTS,DIRECTION GENERALE DES DOUANES ET DROITS INDIRECTS,COLOMBIER-SAUGNIEU,69,69,FR,FRANCE,regalien,etat_regalien,Régalien,458235ea__open-data-controles-cnil-2023.csv,122,annee_source_absente
2023-53b27403-1,2023,rgpd,RGPD,sur_place,sur place,HOPITAL AMERICAIN DE PARIS,HOPITAL AMERICAIN DE PARIS,NEUILLY-SUR-SEINE,92,92,FR,FRANCE,sante,sante_social,Santé,458235ea__open-data-controles-cnil-2023.csv,123,annee_source_absente
2023-8f1653c8-1,2023,rgpd,RGPD,sur_place,sur place,GROUPE PROXITEAM,GROUPE PROXITEAM,LEVALLOIS-PERRET,92,92,FR,FRANCE,travail,travail,Travail,458235ea__open-data-controles-cnil-2023.csv,124,annee_source_absente
2023-6539de70-1,2023,rgpd,RGPD,sur_place,sur place,CAISSE D'ALLOCATIONS FAMILIALES DE LA SEINE-ET-MARNE,CAISSE D ALLOCATIONS FAMILIALES DE LA SEINE ET MARNE,MELUN,77,77,FR,FRANCE,social,sante_social,Social,458235ea__open-data-controles-cnil-2023.csv,125,annee_source_absente
2023-f1a786b5-1,2023,rgpd,RGPD,sur_place,sur place,AGGLOMERATION ANNEMASSE-LES-VOIRONS,AGGLOMERATION ANNEMASSE LES VOIRONS,ANNEMASSE,74,74,FR,FRANCE,collectivites_territoriales,collectivites_territoriales,Collectivités territoriales,458235ea__open-data-controles-cnil-2023.csv,126,annee_source_absente|organisme_multiligne
2023-aefed898-1,2023,rgpd,RGPD,sur_place,sur place,INETUM,INETUM,SAINT-OUEN-SUR-SEINE,93,93,FR,FRANCE,collectivites_territoriales,collectivites_territoriales,Collectivités territoriales,458235ea__open-data-controles-cnil-2023.csv,128,annee_source_absente
2023-fbe72ad1-1,2023,rgpd,RGPD,sur_place,sur place,COTON DOUX PARIS,COTON DOUX PARIS,PARIS,75,75,FR,FRANCE,commerce,commerce,Commerce,458235ea__open-data-controles-cnil-2023.csv,129,annee_source_absente
2023-54b7e1b2-1,2023,rgpd,RGPD,sur_pieces,sur pièces,DHL INTERNATIONAL EXPRESS FRANCE,DHL INTERNATIONAL EXPRESS FRANCE,LE BOURGET,93,93,FR,FRANCE,transports,transports,Transports,458235ea__open-data-controles-cnil-2023.csv,130,annee_source_absente|organisme_multiligne
2023-2ad104d6-1,2023,rgpd,RGPD,sur_pieces,sur pièces,GEFCO FRANCE,GEFCO FRANCE,COLOMBES,92,92,FR,FRANCE,transports,transports,Transports,458235ea__open-data-controles-cnil-2023.csv,134,annee_source_absente
2023-93893cc7-1,2023,rgpd,RGPD,sur_pieces,sur pièces,FM FRANCE,FM FRANCE,PHALSBOURG,57,57,FR,FRANCE,transports,transports,Transports,458235ea__open-data-controles-cnil-2023.csv,137,annee_source_absente
2023-49cb5079-1,2023,rgpd,RGPD,sur_pieces,sur pièces,AIR FRANCE,AIR FRANCE,TREMBLAY-EN-FRANCE,93,93,FR,FRANCE,transports,transports,Transports,458235ea__open-data-controles-cnil-2023.csv,140,annee_source_absente
2023-8856e16e-1,2023,rgpd,RGPD,sur_pieces,sur pièces,AIR CORSICA,AIR CORSICA,AJACCIO,20,20,FR,FRANCE,transports,transports,Transports,458235ea__open-data-controles-cnil-2023.csv,143,annee_source_absente|departement_a_preciser
2023-fd8ba0f0-1,2023,rgpd,RGPD,sur_pieces,sur pièces,L'OREAL,L OREAL,PARIS,75,75,FR,FRANCE,commerce,commerce,Commerce,458235ea__open-data-controles-cnil-2023.csv,146,annee_source_absente
2023-540766c4-1,2023,rgpd,RGPD,sur_pieces,sur pièces,YVES SAINT LAURENT,YVES SAINT LAURENT,PARIS,75,75,FR,FRANCE,commerce,commerce,Commerce,458235ea__open-data-controles-cnil-2023.csv,147,annee_source_absente
2023-36748daf-1,2023,rgpd,RGPD,sur_place,sur place,ACSATI (DMI SYSTEMES),ACSATI DMI SYSTEMES,LA SEYNE-SUR-MER,83,83,FR,FRANCE,education,education_culture_sport,Education,458235ea__open-data-controles-cnil-2023.csv,148,annee_source_absente
2023-0922064a-1,2023,rgpd,RGPD,sur_pieces,sur pièces,CAISSE NATIONALE DE SOLIDARITE POUR L'AUTONOMIE,CAISSE NATIONALE DE SOLIDARITE POUR L AUTONOMIE,PARIS,75,75,FR,FRANCE,social,sante_social,Social,458235ea__open-data-controles-cnil-2023.csv,149,annee_source_absente
2023-00905bbe-1,2023,rgpd,RGPD,sur_pieces,sur pièces,SEMEIA,SEMEIA,PARIS,75,75,FR,FRANCE,sante,sante_social,Santé,458235ea__open-data-controles-cnil-2023.csv,150,annee_source_absente
2023-adf4b692-3,2023,rgpd,RGPD,sur_place,sur place,MINISTÈRE DE L'INTÉRIEUR ET DES OUTRE-MERS,MINISTERE DE L INTERIEUR ET DES OUTRE MERS,PARIS,75,75,FR,FRANCE,regalien,etat_regalien,Régalien,458235ea__open-data-controles-cnil-2023.csv,151,annee_source_absente|ligne_dupliquee
2023-65edd2dd-1,2023,rgpd,RGPD,sur_place,sur place,PREFECTURE DE LA SEINE SAINT DENIS,PREFECTURE DE LA SEINE SAINT DENIS,BOBIGNY,93,93,FR,FRANCE,regalien,etat_regalien,Régalien,458235ea__open-data-controles-cnil-2023.csv,152,annee_source_absente
2023-16c190f0-1,2023,rgpd,RGPD,sur_place,sur place,BRIGADE DE GENDARMERIE DE OUISTREHAM,BRIGADE DE GENDARMERIE DE OUISTREHAM,OUISTREHAM,14,14,FR,FRANCE,regalien,etat_regalien,Régalien,458235ea__open-data-controles-cnil-2023.csv,153,annee_source_absente
2023-6e2e0746-1,2023,rgpd,RGPD,sur_place,sur place,DIRECTION INTERREGIONALE DE LA POLICE JUDICIAIRE DE LILLE,DIRECTION INTERREGIONALE DE LA POLICE JUDICIAIRE DE LILLE,LILLE,59,59,FR,FRANCE,regalien,etat_regalien,Régalien,458235ea__open-data-controles-cnil-2023.csv,154,annee_source_absente
2023-e01478f0-1,2023,rgpd,RGPD,sur_pieces,sur pièces,CENTRE DE GESTION DE L'ISERE,CENTRE DE GESTION DE L ISERE,SAINT-MARTIN-D'HERES,38,38,FR,FRANCE,collectivites_territoriales,collectivites_territoriales,Collectivités territoriales,458235ea__open-data-controles-cnil-2023.csv,155,annee_source_absente
2023-12bd7db8-1,2023,rgpd,RGPD,sur_pieces,sur pièces,UNIVERSITE PARIS-CITE,UNIVERSITE PARIS CITE,PARIS,75,75,FR,FRANCE,education,education_culture_sport,Education,458235ea__open-data-controles-cnil-2023.csv,156,annee_source_absente
2023-64a67e06-1,2023,rgpd,RGPD,sur_pieces,sur pièces,ASSISTANCE PUBLIQUE - HOPITAUX DE PARIS,ASSISTANCE PUBLIQUE HOPITAUX DE PARIS,PARIS,75,75,FR,FRANCE,sante,sante_social,Santé,458235ea__open-data-controles-cnil-2023.csv,157,annee_source_absente
2023-66a05949-1,2023,rgpd,RGPD,sur_place,sur place,SARL BLANCHISSERIE CHALONNAISE,SARL BLANCHISSERIE CHALONNAISE,SAINT-MARTIN-SUR-LE-PRE,51,51,FR,FRANCE,travail,travail,Travail,458235ea__open-data-controles-cnil-2023.csv,158,annee_source_absente
2023-ef1fa623-1,2023,rgpd,RGPD,sur_place,sur place,HOSPICES CIVILS DE LYON,HOSPICES CIVILS DE LYON,LYON,69,69,FR,FRANCE,sante,sante_social,Santé,458235ea__open-data-controles-cnil-2023.csv,159,annee_source_absente
2023-853e0b61-1,2023,rgpd,RGPD,sur_place,sur place,CENTRE HOSPITALIER UNIVERSITAIRE DE BESANCON,CENTRE HOSPITALIER UNIVERSITAIRE DE BESANCON,BESANCON,25,25,FR,FRANCE,sante,sante_social,Santé,458235ea__open-data-controles-cnil-2023.csv,160,annee_source_absente
2023-50d9bd59-1,2023,rgpd,RGPD,sur_pieces,sur pièces,DIRECTION GENERALE DES FINANCES PUBLIQUES,DIRECTION GENERALE DES FINANCES PUBLIQUES,PARIS,75,75,FR,FRANCE,finances_publiques,etat_regalien,Finances publiques,458235ea__open-data-controles-cnil-2023.csv,161,annee_source_absente
2023-3e28973a-1,2023,rgpd,RGPD,sur_place,sur place,AGENCE IMMOBILIERE BONJOUR OSCAR,AGENCE IMMOBILIERE BONJOUR OSCAR,PARIS,75,75,FR,FRANCE,travail,travail,Travail,458235ea__open-data-controles-cnil-2023.csv,162,annee_source_absente
2023-53076ec1-1,2023,rgpd,RGPD,sur_place,sur place,SMPAC,SMPAC,CHARENTON-LE-PONT,94,94,FR,FRANCE,commerce,commerce,Commerce,458235ea__open-data-controles-cnil-2023.csv,163,annee_source_absente
2023-c8813870-1,2023,rgpd,RGPD,sur_place,sur place,KOBALTT,KOBALTT,PARIS,75,75,FR,FRANCE,travail,travail,Travail,458235ea__open-data-controles-cnil-2023.csv,164,annee_source_absente
2023-93bdd221-1,2023,rgpd,RGPD,en_ligne,en ligne,KOBALTT,KOBALTT,PARIS,75,75,FR,FRANCE,travail,travail,Travail,458235ea__open-data-controles-cnil-2023.csv,165,annee_source_absente
2023-f07cecdc-1,2023,rgpd,RGPD,sur_pieces,sur pièces,ACADEMIE DE VERSAILLES,ACADEMIE DE VERSAILLES,VERSAILLES,78,78,FR,FRANCE,education,education_culture_sport,Education,458235ea__open-data-controles-cnil-2023.csv,166,annee_source_absente
2023-3242403b-1,2023,rgpd,RGPD,sur_place,sur place,VOXNODE,VOXNODE,SAINTE-MAXIME,83,83,FR,FRANCE,telecommunications,telecommunications,Télécommunications,458235ea__open-data-controles-cnil-2023.csv,167,annee_source_absente
2023-27fad742-1,2023,rgpd,RGPD,sur_audition,sur audition,VOXNODE,VOXNODE,SAINTE-MAXIME,83,83,FR,FRANCE,telecommunications,telecommunications,Télécommunications,458235ea__open-data-controles-cnil-2023.csv,168,annee_source_absente
2023-d7ca05b8-1,2023,rgpd,RGPD,sur_place,sur place,IHEALTHLABS EUROPE,IHEALTHLABS EUROPE,PARIS,75,75,FR,FRANCE,sante,sante_social,Santé,458235ea__open-data-controles-cnil-2023.csv,169,annee_source_absente
2023-d7ca05b8-2,2023,rgpd,RGPD,sur_place,sur place,IHEALTHLABS EUROPE,IHEALTHLABS EUROPE,PARIS,75,75,FR,FRANCE,sante,sante_social,Santé,458235ea__open-data-controles-cnil-2023.csv,170,annee_source_absente|ligne_dupliquee
2023-dc248632-1,2023,rgpd,RGPD,sur_place,sur place,BNP PARIBAS ET BNP PERSONAL FINANCE,BNP PARIBAS ET BNP PERSONAL FINANCE,PARIS,75,75,FR,FRANCE,banque,banque,Banque,458235ea__open-data-controles-cnil-2023.csv,171,annee_source_absente
2023-3040a582-1,2023,rgpd,RGPD,en_ligne,en ligne,ORANGE,ORANGE,ISSY LES MOULINEAUX,92,92,FR,FRANCE,telecommunications,telecommunications,Télécommunications,458235ea__open-data-controles-cnil-2023.csv,172,annee_source_absente
2023-c81d911b-1,2023,videoprotection,VIDEOPROTECTION,sur_place,sur place,COMMUNE DE ROUBAIX,COMMUNE DE ROUBAIX,ROUBAIX,59,59,FR,FRANCE,collectivites_territoriales,collectivites_territoriales,Collectivités territoriales,458235ea__open-data-controles-cnil-2023.csv,173,annee_source_absente
2023-42532623-1,2023,rgpd,RGPD,sur_audition,sur audition,TRINITY,TRINITY,TALANT,21,21,FR,FRANCE,commerce,commerce,Commerce,458235ea__open-data-controles-cnil-2023.csv,174,annee_source_absente
2023-1b7d5796-1,2023,rgpd,RGPD,sur_place,sur place,AB MEDICA,AB MEDICA,MERY-SUR-CHER,18,18,FR,FRANCE,travail,travail,Travail,458235ea__open-data-controles-cnil-2023.csv,175,annee_source_absente
2023-a3bb8ea2-1,2023,rgpd,RGPD,sur_place,sur place,SPEED PARIS,SPEED PARIS,PARIS,75,75,FR,FRANCE,travail,travail,Travail,458235ea__open-data-controles-cnil-2023.csv,176,annee_source_absente
2023-6ec5fedd-1,2023,rgpd,RGPD,sur_place,sur place,DEEZER,DEEZER,PARIS,75,75,FR,FRANCE,commerce,commerce,Commerce,458235ea__open-data-controles-cnil-2023.csv,177,annee_source_absente
2023-b407c793-1,2023,rgpd,RGPD,en_ligne,en ligne,DEEZER,DEEZER,PARIS,75,75,FR,FRANCE,commerce,commerce,Commerce,458235ea__open-data-controles-cnil-2023.csv,178,annee_source_absente
2023-75edac69-1,2023,rgpd,RGPD,en_ligne,en ligne,PROMOD,PROMOD,MARCQ EN BAROEUL,59,59,FR,FRANCE,commerce,commerce,Commerce,458235ea__open-data-controles-cnil-2023.csv,179,annee_source_absente
2023-a3de95fb-1,2023,rgpd,RGPD,sur_place,sur place,PROMOD,PROMOD,MARCQ EN BAROEUL,59,59,FR,FRANCE,commerce,commerce,Commerce,458235ea__open-data-controles-cnil-2023.csv,180,annee_source_absente
2023-8bc08a3a-1,2023,videoprotection,VIDEOPROTECTION,sur_place,sur place,COMMUNE DE VITROLLES,COMMUNE DE VITROLLES,VITROLLES,13,13,FR,FRANCE,collectivites_territoriales,collectivites_territoriales,Collectivités territoriales,458235ea__open-data-controles-cnil-2023.csv,181,annee_source_absente
2023-e836be58-1,2023,rgpd,RGPD,en_ligne,en ligne,OPENAI,OPENAI,SAN FRANCISCO,,,US,ÉTATS-UNIS,telecommunications,telecommunications,Télécommunications,458235ea__open-data-controles-cnil-2023.csv,182,annee_source_absente|departement_vide
2023-93f5db6a-1,2023,rgpd,RGPD,sur_pieces,sur pièces,OPENAI,OPENAI,SAN FRANCISCO,,,US,ÉTATS-UNIS,telecommunications,telecommunications,Télécommunications,458235ea__open-data-controles-cnil-2023.csv,183,annee_source_absente|departement_vide
2023-77ea45a6-1,2023,rgpd,RGPD,en_ligne,en ligne,GOOGLE IRELAND LIMITED,GOOGLE IRELAND LIMITED,DUBLIN,,,IE,IRLANDE,commerce,commerce,Commerce,458235ea__open-data-controles-cnil-2023.csv,184,annee_source_absente|departement_vide
2023-a5b54a0e-1,2023,rgpd,RGPD,sur_pieces,sur pièces,GOOGLE IRELAND LIMITED,GOOGLE IRELAND LIMITED,DUBLIN,,,IE,IRLANDE,commerce,commerce,Commerce,458235ea__open-data-controles-cnil-2023.csv,185,annee_source_absente|departement_vide
2023-b6e63b6d-1,2023,rgpd,RGPD,en_ligne,en ligne,FEDERATION FRANCAISE D'AVIRON,FEDERATION FRANCAISE D AVIRON,NOGENT-SUR-MARNE,94,94,FR,FRANCE,sport,education_culture_sport,Sport,458235ea__open-data-controles-cnil-2023.csv,186,annee_source_absente
2023-e9883888-1,2023,rgpd,RGPD,en_ligne,en ligne,COMMUNE DE ROUBAIX,COMMUNE DE ROUBAIX,ROUBAIX,59,59,FR,FRANCE,collectivites_territoriales,collectivites_territoriales,Collectivités territoriales,458235ea__open-data-controles-cnil-2023.csv,187,annee_source_absente
2023-890e8cb7-1,2023,rgpd,RGPD,en_ligne,en ligne,FEDERATION FRANCAISE DE LA MONTAGNE ET DE L ESCALADE,FEDERATION FRANCAISE DE LA MONTAGNE ET DE L ESCALADE,PARIS,75,75,FR,FRANCE,sport,education_culture_sport,Sport,458235ea__open-data-controles-cnil-2023.csv,188,annee_source_absente
2023-51334a3a-1,2023,rgpd,RGPD,en_ligne,en ligne,SOCIETE SPODIS SAS,SOCIETE SPODIS SAS,MARCQ EN BAROEUL,59,59,FR,FRANCE,sport,education_culture_sport,Sport,458235ea__open-data-controles-cnil-2023.csv,189,annee_source_absente
2023-65d70ba3-1,2023,rgpd,RGPD,en_ligne,en ligne,AGENCE DE SERVICES ET DE PAIEMENT (ASP),AGENCE DE SERVICES ET DE PAIEMENT ASP,LIMOGES,87,87,FR,FRANCE,commerce,commerce,Commerce,458235ea__open-data-controles-cnil-2023.csv,192,annee_source_absente
2023-fe1d69fe-1,2023,rgpd,RGPD,en_ligne,en ligne,LAPUB,LAPUB,LE TAMPON,97,97,FR,FRANCE,commerce,commerce,Commerce,458235ea__open-data-controles-cnil-2023.csv,193,annee_source_absente|departement_a_preciser
2023-5e8f0a4b-1,2023,rgpd,RGPD,en_ligne,en ligne,CONSEIL DE DEVELOPPEMENT DU PAYS BOURIAN,CONSEIL DE DEVELOPPEMENT DU PAYS BOURIAN,PEYRILLES,46,46,FR,FRANCE,commerce,commerce,Commerce,458235ea__open-data-controles-cnil-2023.csv,194,annee_source_absente
2023-b7a82413-1,2023,rgpd,RGPD,en_ligne,en ligne,MAISON 123,MAISON 123,CLICHY,92,92,FR,FRANCE,commerce,commerce,Commerce,458235ea__open-data-controles-cnil-2023.csv,195,annee_source_absente
2023-25844baa-1,2023,rgpd,RGPD,en_ligne,en ligne,MARQUES AVENUE,MARQUES AVENUE,PARIS,75,75,FR,FRANCE,commerce,commerce,Commerce,458235ea__open-data-controles-cnil-2023.csv,196,annee_source_absente
2023-99ead0de-1,2023,rgpd,RGPD,en_ligne,en ligne,SOCIETE SERAPHINE France,SOCIETE SERAPHINE FRANCE,PARIS,75,75,FR,FRANCE,commerce,commerce,Commerce,458235ea__open-data-controles-cnil-2023.csv,197,annee_source_absente
2023-e6b678fa-1,2023,rgpd,RGPD,en_ligne,en ligne,AMMA DESIGN,AMMA DESIGN,SAINT MANDE,94,94,FR,FRANCE,commerce,commerce,Commerce,458235ea__open-data-controles-cnil-2023.csv,198,annee_source_absente
2023-8646e89a-1,2023,rgpd,RGPD,en_ligne,en ligne,HIPANEMA,HIPANEMA,PARIS,75,75,FR,FRANCE,commerce,commerce,Commerce,458235ea__open-data-controles-cnil-2023.csv,200,annee_source_absente
2023-084ad6ae-1,2023,rgpd,RGPD,en_ligne,en ligne,DECODE MEDIA,DECODE MEDIA,PARIS,75,75,FR,FRANCE,commerce,commerce,Commerce,458235ea__open-data-controles-cnil-2023.csv,201,annee_source_absente
2023-26f98820-1,2023,rgpd,RGPD,sur_place,sur place,CAISSE NATIONALE D'ASSURANCE VIEILLESSE,CAISSE NATIONALE D ASSURANCE VIEILLESSE,PARIS,75,75,FR,FRANCE,social,sante_social,Social,458235ea__open-data-controles-cnil-2023.csv,202,annee_source_absente|organisme_multiligne
2023-ce8f2a14-1,2023,rgpd,RGPD,en_ligne,en ligne,HAYS TRAVAIL TEMPORAIRE,HAYS TRAVAIL TEMPORAIRE,PARIS,75,75,FR,FRANCE,travail,travail,Travail,458235ea__open-data-controles-cnil-2023.csv,204,annee_source_absente
2023-11603d21-1,2023,rgpd,RGPD,sur_place,sur place,HAYS EXECUTIVE,HAYS EXECUTIVE,PARIS,75,75,FR,FRANCE,sante,sante_social,Santé,458235ea__open-data-controles-cnil-2023.csv,205,annee_source_absente
2023-dadaae87-1,2023,videoprotection,VIDEOPROTECTION,sur_place,sur place,COMMUNE DE CANNES,COMMUNE DE CANNES,CANNES,06,06,FR,FRANCE,collectivites_territoriales,collectivites_territoriales,Collectivités territoriales,458235ea__open-data-controles-cnil-2023.csv,206,annee_source_absente
2023-00e34220-1,2023,videoprotection,VIDEOPROTECTION,sur_place,sur place,PARTICULIER,PARTICULIER,HABSHEIM,68,68,FR,FRANCE,travail,travail,Travail,458235ea__open-data-controles-cnil-2023.csv,207,annee_source_absente
2023-3040a582-2,2023,rgpd,RGPD,en_ligne,en ligne,ORANGE,ORANGE,ISSY LES MOULINEAUX,92,92,FR,FRANCE,telecommunications,telecommunications,Télécommunications,458235ea__open-data-controles-cnil-2023.csv,208,annee_source_absente|ligne_dupliquee
2023-ebe06e18-1,2023,rgpd,RGPD,sur_pieces,sur pièces,ORANGE,ORANGE,ISSY LES MOULINEAUX,92,92,FR,FRANCE,telecommunications,telecommunications,Télécommunications,458235ea__open-data-controles-cnil-2023.csv,209,annee_source_absente
2023-0857da19-1,2023,rgpd,RGPD,en_ligne,en ligne,ACADEMIE DES BEAUX ARTS,ACADEMIE DES BEAUX ARTS,PARIS,75,75,FR,FRANCE,culture,education_culture_sport,Culture,458235ea__open-data-controles-cnil-2023.csv,210,annee_source_absente
2023-77b1b6ce-1,2023,rgpd,RGPD,en_ligne,en ligne,EDENTIFY,EDENTIFY,DOMONT,95,95,FR,FRANCE,commerce,commerce,Commerce,458235ea__open-data-controles-cnil-2023.csv,211,annee_source_absente
2023-312eea63-1,2023,rgpd,RGPD,sur_audition,sur audition,EDENTIFY,EDENTIFY,DOMONT,95,95,FR,FRANCE,commerce,commerce,Commerce,458235ea__open-data-controles-cnil-2023.csv,212,annee_source_absente
2023-37b347e5-1,2023,rgpd,RGPD,sur_place,sur place,CARREFOUR MARKET GARGENVILLE,CARREFOUR MARKET GARGENVILLE,GARGENVILLE,78,78,FR,FRANCE,commerce,commerce,Commerce,458235ea__open-data-controles-cnil-2023.csv,213,annee_source_absente
2023-6ec47354-1,2023,rgpd,RGPD,sur_place,sur place,CARREFOUR CONTACT RIMOGNE,CARREFOUR CONTACT RIMOGNE,RIMOGNE,08,08,FR,FRANCE,commerce,commerce,Commerce,458235ea__open-data-controles-cnil-2023.csv,214,annee_source_absente
2023-969c39ca-1,2023,rgpd,RGPD,en_ligne,en ligne,CALLAPP SOFTWARE LTD,CALLAPP SOFTWARE LTD,RAMAT GAN,,,IL,ISRAËL,commerce,commerce,Commerce,458235ea__open-data-controles-cnil-2023.csv,215,annee_source_absente|departement_vide
2023-4b3239c6-1,2023,rgpd,RGPD,en_ligne,en ligne,CENTRE COMMUNAL D'ACTION SOCIALE DE REUIL-MALMAISON,CENTRE COMMUNAL D ACTION SOCIALE DE REUIL MALMAISON,RUEIL MALMAISON,92,92,FR,FRANCE,collectivites_territoriales,collectivites_territoriales,Collectivités territoriales,458235ea__open-data-controles-cnil-2023.csv,216,annee_source_absente
2023-65845b9d-1,2023,rgpd,RGPD,en_ligne,en ligne,CENTRE DEPARTEMENTAL DE GESTION DE LA FONCTION PUBLIQUE TERRITORIALE DE LA DORDOGNE,CENTRE DEPARTEMENTAL DE GESTION DE LA FONCTION PUBLIQUE TERRITORIALE DE LA DORDOGNE,PERIGUEUX,24,24,FR,FRANCE,collectivites_territoriales,collectivites_territoriales,Collectivités territoriales,458235ea__open-data-controles-cnil-2023.csv,217,annee_source_absente
2023-e5fbcd97-1,2023,rgpd,RGPD,en_ligne,en ligne,CENTRE DEPARTEMENTAL DE GESTION DE LA FONCTION PUBLIQUE TERRITORIALE DE L'YONNE,CENTRE DEPARTEMENTAL DE GESTION DE LA FONCTION PUBLIQUE TERRITORIALE DE L YONNE,AUXERRE,89,89,FR,FRANCE,collectivites_territoriales,collectivites_territoriales,Collectivités territoriales,458235ea__open-data-controles-cnil-2023.csv,218,annee_source_absente
2023-858903d8-1,2023,rgpd,RGPD,en_ligne,en ligne,CENTRE DEPARTEMENTAL DE GESTION DE LA FONCTION PUBLIQUE TERRITORIALE DES HAUTES-PYRÉNÉES,CENTRE DEPARTEMENTAL DE GESTION DE LA FONCTION PUBLIQUE TERRITORIALE DES HAUTES PYRENEES,SEMEAC,65,65,FR,FRANCE,collectivites_territoriales,collectivites_territoriales,Collectivités territoriales,458235ea__open-data-controles-cnil-2023.csv,219,annee_source_absente
2023-cfb8c48d-1,2023,rgpd,RGPD,en_ligne,en ligne,CENTRE HOSPITALIER RÉGIONAL METZ-THIONVILLE,CENTRE HOSPITALIER REGIONAL METZ THIONVILLE,METZ,57,57,FR,FRANCE,collectivites_territoriales,collectivites_territoriales,Collectivités territoriales,458235ea__open-data-controles-cnil-2023.csv,220,annee_source_absente
2023-2a5589f9-1,2023,rgpd,RGPD,en_ligne,en ligne,CHAMBRE DE COMMERCE ET D'INDUSTRIE DE L'AIN,CHAMBRE DE COMMERCE ET D INDUSTRIE DE L AIN,BOURG-EN-BRESSE,01,01,FR,FRANCE,collectivites_territoriales,collectivites_territoriales,Collectivités territoriales,458235ea__open-data-controles-cnil-2023.csv,221,annee_source_absente
2023-c2ca822f-1,2023,rgpd,RGPD,en_ligne,en ligne,CHAMBRE DE MÉTIERS ET DE L'ARTISANAT DE GUYANE,CHAMBRE DE METIERS ET DE L ARTISANAT DE GUYANE,CAYENNE,97,97,FR,FRANCE,collectivites_territoriales,collectivites_territoriales,Collectivités territoriales,458235ea__open-data-controles-cnil-2023.csv,222,annee_source_absente|departement_a_preciser
2023-fd1f9e34-1,2023,rgpd,RGPD,en_ligne,en ligne,CHAMBRE DE MÉTIERS ET DE L'ARTISANAT DE LA CORSE,CHAMBRE DE METIERS ET DE L ARTISANAT DE LA CORSE,AJACCIO,20,20,FR,FRANCE,collectivites_territoriales,collectivites_territoriales,Collectivités territoriales,458235ea__open-data-controles-cnil-2023.csv,223,annee_source_absente|departement_a_preciser
2023-4d90725a-1,2023,rgpd,RGPD,en_ligne,en ligne,CHAMBRE DE MÉTIERS ET DE L'ARTISANAT DE LA MANCHE,CHAMBRE DE METIERS ET DE L ARTISANAT DE LA MANCHE,COUTANCES,50,50,FR,FRANCE,collectivites_territoriales,collectivites_territoriales,Collectivités territoriales,458235ea__open-data-controles-cnil-2023.csv,224,annee_source_absente
2023-b0580788-1,2023,rgpd,RGPD,en_ligne,en ligne,COMMUNAUTÉ DE COMMUNES DE MEURTHE MORTAGNE MOSELLE,COMMUNAUTE DE COMMUNES DE MEURTHE MORTAGNE MOSELLE,BLAINVILLE SUR L'EAU,54,54,FR,FRANCE,collectivites_territoriales,collectivites_territoriales,Collectivités territoriales,458235ea__open-data-controles-cnil-2023.csv,225,annee_source_absente
2023-66098f72-1,2023,rgpd,RGPD,en_ligne,en ligne,COMMUNAUTÉ DE COMMUNES DES QUATRE VALLEES,COMMUNAUTE DE COMMUNES DES QUATRE VALLEES,FERRIERES-EN-GATINAIS,45,45,FR,FRANCE,collectivites_territoriales,collectivites_territoriales,Collectivités territoriales,458235ea__open-data-controles-cnil-2023.csv,226,annee_source_absente
2023-e9d0091c-1,2023,rgpd,RGPD,en_ligne,en ligne,COMMUNAUTÉ DE COMMUNES DU CORDAIS ET DU CAUSSE,COMMUNAUTE DE COMMUNES DU CORDAIS ET DU CAUSSE,LES CABANNES,81,81,FR,FRANCE,collectivites_territoriales,collectivites_territoriales,Collectivités territoriales,458235ea__open-data-controles-cnil-2023.csv,227,annee_source_absente
2023-20b6c666-1,2023,rgpd,RGPD,en_ligne,en ligne,COMMUNE D'AVIGNON,COMMUNE D AVIGNON,AVIGNON,84,84,FR,FRANCE,collectivites_territoriales,collectivites_territoriales,Collectivités territoriales,458235ea__open-data-controles-cnil-2023.csv,228,annee_source_absente
2023-179ac54c-1,2023,rgpd,RGPD,en_ligne,en ligne,COMMUNE DE BEAUVAIS,COMMUNE DE BEAUVAIS,BEAUVAIS,60,60,FR,FRANCE,collectivites_territoriales,collectivites_territoriales,Collectivités territoriales,458235ea__open-data-controles-cnil-2023.csv,229,annee_source_absente
2023-46987ae6-1,2023,rgpd,RGPD,en_ligne,en ligne,COMMUNE DE BOHAIN-EN-VERMANDOIS,COMMUNE DE BOHAIN EN VERMANDOIS,BOHAIN-EN-VERMANDOIS,02,02,FR,FRANCE,collectivites_territoriales,collectivites_territoriales,Collectivités territoriales,458235ea__open-data-controles-cnil-2023.csv,230,annee_source_absente
2023-6215e8e4-1,2023,rgpd,RGPD,en_ligne,en ligne,COMMUNE DE CRACH,COMMUNE DE CRACH,CRACH,56,56,FR,FRANCE,collectivites_territoriales,collectivites_territoriales,Collectivités territoriales,458235ea__open-data-controles-cnil-2023.csv,231,annee_source_absente
2023-2c5ece7e-1,2023,rgpd,RGPD,en_ligne,en ligne,COMMUNE DE DOL DE BRETAGNE,COMMUNE DE DOL DE BRETAGNE,DOL-DE-BRETAGNE,35,35,FR,FRANCE,collectivites_territoriales,collectivites_territoriales,Collectivités territoriales,458235ea__open-data-controles-cnil-2023.csv,232,annee_source_absente
2023-6c112df4-1,2023,rgpd,RGPD,en_ligne,en ligne,COMMUNE DE MILLAU,COMMUNE DE MILLAU,MILLAU,12,12,FR,FRANCE,collectivites_territoriales,collectivites_territoriales,Collectivités territoriales,458235ea__open-data-controles-cnil-2023.csv,233,annee_source_absente
2023-90af31b5-1,2023,rgpd,RGPD,en_ligne,en ligne,COMMUNE DE PAU,COMMUNE DE PAU,PAU,64,64,FR,FRANCE,collectivites_territoriales,collectivites_territoriales,Collectivités territoriales,458235ea__open-data-controles-cnil-2023.csv,234,annee_source_absente
2023-c33b9e21-1,2023,rgpd,RGPD,en_ligne,en ligne,COMMUNE DE THONON,COMMUNE DE THONON,THONON-LES-BAINS,74,74,FR,FRANCE,collectivites_territoriales,collectivites_territoriales,Collectivités territoriales,458235ea__open-data-controles-cnil-2023.csv,235,annee_source_absente
2023-fabd8737-1,2023,rgpd,RGPD,en_ligne,en ligne,COMMUNE DE VILLENEUVE D'ASCQ,COMMUNE DE VILLENEUVE D ASCQ,VILLENEUVE D ASCQ,59,59,FR,FRANCE,collectivites_territoriales,collectivites_territoriales,Collectivités territoriales,458235ea__open-data-controles-cnil-2023.csv,236,annee_source_absente
2023-8c60f3ed-1,2023,rgpd,RGPD,en_ligne,en ligne,COMMUNE DE VIRY CHATILLON,COMMUNE DE VIRY CHATILLON,VIRY CHATILLON,91,91,FR,FRANCE,collectivites_territoriales,collectivites_territoriales,Collectivités territoriales,458235ea__open-data-controles-cnil-2023.csv,237,annee_source_absente
2023-421f9292-1,2023,rgpd,RGPD,en_ligne,en ligne,COMMUNE D'ORLY,COMMUNE D ORLY,ORLY,94,94,FR,FRANCE,collectivites_territoriales,collectivites_territoriales,Collectivités territoriales,458235ea__open-data-controles-cnil-2023.csv,238,annee_source_absente
2023-aa540bc6-1,2023,rgpd,RGPD,en_ligne,en ligne,DEPARTEMENT DE L'INDRE,DEPARTEMENT DE L INDRE,CHATEAUROUX,36,36,FR,FRANCE,collectivites_territoriales,collectivites_territoriales,Collectivités territoriales,458235ea__open-data-controles-cnil-2023.csv,239,annee_source_absente
2023-1d6fc2f6-1,2023,rgpd,RGPD,en_ligne,en ligne,DEPARTEMENT DES ALPES-DE-HAUTE-PROVENCE,DEPARTEMENT DES ALPES DE HAUTE PROVENCE,DIGNE LES BAINS,04,04,FR,FRANCE,collectivites_territoriales,collectivites_territoriales,Collectivités territoriales,458235ea__open-data-controles-cnil-2023.csv,240,annee_source_absente
2023-58221195-1,2023,rgpd,RGPD,en_ligne,en ligne,DÉPARTEMENT DES HAUTS-DE-SEINE,DEPARTEMENT DES HAUTS DE SEINE,NANTERRE,92,92,FR,FRANCE,collectivites_territoriales,collectivites_territoriales,Collectivités territoriales,458235ea__open-data-controles-cnil-2023.csv,241,annee_source_absente
2023-8c4a959d-1,2023,rgpd,RGPD,en_ligne,en ligne,DEPARTEMENT DES VOSGES,DEPARTEMENT DES VOSGES,EPINAL,88,88,FR,FRANCE,collectivites_territoriales,collectivites_territoriales,Collectivités territoriales,458235ea__open-data-controles-cnil-2023.csv,242,annee_source_absente
2023-6c7c064c-1,2023,rgpd,RGPD,en_ligne,en ligne,DÉPARTEMENT DU VAR,DEPARTEMENT DU VAR,TOULON,83,83,FR,FRANCE,collectivites_territoriales,collectivites_territoriales,Collectivités territoriales,458235ea__open-data-controles-cnil-2023.csv,243,annee_source_absente
2023-a8ed5d34-1,2023,rgpd,RGPD,en_ligne,en ligne,"ÉCOLE NATIONALE VÉTÉRINAIRE, AGROALIMENTAIRE ET DE L'ALIMENTATION DE NANTES-ATLANTIQUE",ECOLE NATIONALE VETERINAIRE AGROALIMENTAIRE ET DE L ALIMENTATION DE NANTES ATLANTIQUE,NANTES,44,44,FR,FRANCE,collectivites_territoriales,collectivites_territoriales,Collectivités territoriales,458235ea__open-data-controles-cnil-2023.csv,244,annee_source_absente
2023-aea12516-1,2023,rgpd,RGPD,en_ligne,en ligne,CENTRE DEPARTEMENTAL DE GESTION DE LA FONCTION PUBLIQUE TERRITORIALE DE L'ARIÈGE,CENTRE DEPARTEMENTAL DE GESTION DE LA FONCTION PUBLIQUE TERRITORIALE DE L ARIEGE,FOIX,09,09,FR,FRANCE,collectivites_territoriales,collectivites_territoriales,Collectivités territoriales,458235ea__open-data-controles-cnil-2023.csv,245,annee_source_absente
2023-1d9eba6d-1,2023,rgpd,RGPD,en_ligne,en ligne,ETABLISSEMENT PUBLIC D'EXPLOITATION DU LIVRE FONCIER INFORMATISÉ ALSACE MOSELLE,ETABLISSEMENT PUBLIC D EXPLOITATION DU LIVRE FONCIER INFORMATISE ALSACE MOSELLE,SAVERNE,67,67,FR,FRANCE,collectivites_territoriales,collectivites_territoriales,Collectivités territoriales,458235ea__open-data-controles-cnil-2023.csv,246,annee_source_absente
2023-bf61a7e2-1,2023,rgpd,RGPD,en_ligne,en ligne,INSTITUT D'ÉTUDES POLITIQUES DE RENNES,INSTITUT D ETUDES POLITIQUES DE RENNES,RENNES,35,35,FR,FRANCE,collectivites_territoriales,collectivites_territoriales,Collectivités territoriales,458235ea__open-data-controles-cnil-2023.csv,247,annee_source_absente
2023-ff4161ea-1,2023,rgpd,RGPD,en_ligne,en ligne,MINISTÈRE DE L'AGRICULTURE ET DE LA SOUVERAINETÉ ALIMENTAIRE,MINISTERE DE L AGRICULTURE ET DE LA SOUVERAINETE ALIMENTAIRE,PARIS,75,75,FR,FRANCE,collectivites_territoriales,collectivites_territoriales,Collectivités territoriales,458235ea__open-data-controles-cnil-2023.csv,248,annee_source_absente
2023-3d7303a6-1,2023,rgpd,RGPD,en_ligne,en ligne,RECTORAT DE L'ACADEMIE DE NICE,RECTORAT DE L ACADEMIE DE NICE,NICE,06,06,FR,FRANCE,collectivites_territoriales,collectivites_territoriales,Collectivités territoriales,458235ea__open-data-controles-cnil-2023.csv,249,annee_source_absente
2023-c0273034-1,2023,rgpd,RGPD,en_ligne,en ligne,UNIVERSITÉ DE VERSAILLES – SAINT-QUENTIN-EN-YVELINES,UNIVERSITE DE VERSAILLES SAINT QUENTIN EN YVELINES,VERSAILLES,78,78,FR,FRANCE,collectivites_territoriales,collectivites_territoriales,Collectivités territoriales,458235ea__open-data-controles-cnil-2023.csv,250,annee_source_absente
2023-e138f6e1-1,2023,rgpd,RGPD,en_ligne,en ligne,UNIVERSITÉ DES ANTILLES,UNIVERSITE DES ANTILLES,POINTE A PITRE,97,97,FR,FRANCE,collectivites_territoriales,collectivites_territoriales,Collectivités territoriales,458235ea__open-data-controles-cnil-2023.csv,251,annee_source_absente|departement_a_preciser
2023-431d2595-1,2023,rgpd,RGPD,sur_place,sur place,NEAR INTELLIGENCE,NEAR INTELLIGENCE,PARIS,75,75,FR,FRANCE,commerce,commerce,Commerce,458235ea__open-data-controles-cnil-2023.csv,252,annee_source_absente
2023-431d2595-2,2023,rgpd,RGPD,sur_place,sur place,NEAR INTELLIGENCE,NEAR INTELLIGENCE,PARIS,75,75,FR,FRANCE,commerce,commerce,Commerce,458235ea__open-data-controles-cnil-2023.csv,253,annee_source_absente|ligne_dupliquee
2023-642476c4-1,2023,rgpd,RGPD,sur_pieces,sur pièces,COMMUNE DE STRASBOURG ET EUROMETROPOLE DE STRASBOURG,COMMUNE DE STRASBOURG ET EUROMETROPOLE DE STRASBOURG,PARIS,75,75,FR,FRANCE,collectivites_territoriales,collectivites_territoriales,Collectivités territoriales,458235ea__open-data-controles-cnil-2023.csv,254,annee_source_absente
2023-642476c4-2,2023,rgpd,RGPD,sur_pieces,sur pièces,COMMUNE DE STRASBOURG ET EUROMETROPOLE DE STRASBOURG,COMMUNE DE STRASBOURG ET EUROMETROPOLE DE STRASBOURG,PARIS,75,75,FR,FRANCE,collectivites_territoriales,collectivites_territoriales,Collectivités territoriales,458235ea__open-data-controles-cnil-2023.csv,255,annee_source_absente|ligne_dupliquee
2023-34e865b4-1,2023,rgpd,RGPD,sur_place,sur place,CAISSE PRIMAIRE D'ASSURANCE MALADIE DE LOIRE-ATLANTIQUE,CAISSE PRIMAIRE D ASSURANCE MALADIE DE LOIRE ATLANTIQUE,NANTES,44,44,FR,FRANCE,social,sante_social,Social,458235ea__open-data-controles-cnil-2023.csv,256,annee_source_absente
2023-f64a4f8e-1,2023,rgpd,RGPD,sur_place,sur place,VILLAGES NATURE TOURISME,VILLAGES NATURE TOURISME,BAILLY-ROMAINVILLIERS,77,77,FR,FRANCE,tourisme,commerce,Tourisme,458235ea__open-data-controles-cnil-2023.csv,257,annee_source_absente
2023-e45c3eac-1,2023,rgpd,RGPD,sur_audition,sur audition,EDUSIGN,EDUSIGN,SAINT-GERMAIN-EN-LAYE,78,78,FR,FRANCE,education,education_culture_sport,Education,458235ea__open-data-controles-cnil-2023.csv,258,annee_source_absente
2023-bcd4ef14-1,2023,rgpd,RGPD,sur_place,sur place,SOLOCAL GROUP,SOLOCAL GROUP,BOULOGNE-BILLANCOURT,92,92,FR,FRANCE,commerce,commerce,Commerce,458235ea__open-data-controles-cnil-2023.csv,259,annee_source_absente
2023-5a35fc8e-1,2023,videoprotection,VIDEOPROTECTION,sur_pieces,sur pièces,PARTICULIER,PARTICULIER,CHAMPAGNE-SUR-SEINE,77,77,FR,FRANCE,particulier,autres,Particulier,458235ea__open-data-controles-cnil-2023.csv,260,annee_source_absente
2023-9bb8a8c2-1,2023,rgpd,RGPD,sur_place,sur place,HDC SANTE,HDC SANTE,PARIS,75,75,FR,FRANCE,sante,sante_social,Santé,458235ea__open-data-controles-cnil-2023.csv,261,annee_source_absente
2023-fb0cea78-1,2023,rgpd,RGPD,sur_place,sur place,CENTRE HOSPITALIER DE PERPIGNAN,CENTRE HOSPITALIER DE PERPIGNAN,PERPIGNAN,66,66,FR,FRANCE,sante,sante_social,Santé,458235ea__open-data-controles-cnil-2023.csv,262,annee_source_absente
2023-6db2103d-1,2023,rgpd,RGPD,sur_place,sur place,JP MORGAN CHASE BANK NATIONAL ASSOCIATION,JP MORGAN CHASE BANK NATIONAL ASSOCIATION,PARIS,75,75,FR,FRANCE,banque,banque,Banque,458235ea__open-data-controles-cnil-2023.csv,263,annee_source_absente
2023-f94a6d57-1,2023,rgpd,RGPD,en_ligne,en ligne,LES PUBLICATIONS CONDE NAST,LES PUBLICATIONS CONDE NAST,PARIS,75,75,FR,FRANCE,commerce,commerce,Commerce,458235ea__open-data-controles-cnil-2023.csv,264,annee_source_absente
2023-f94a6d57-2,2023,rgpd,RGPD,en_ligne,en ligne,LES PUBLICATIONS CONDE NAST,LES PUBLICATIONS CONDE NAST,PARIS,75,75,FR,FRANCE,commerce,commerce,Commerce,458235ea__open-data-controles-cnil-2023.csv,265,annee_source_absente|ligne_dupliquee
2023-e30de1ca-1,2023,rgpd,RGPD,sur_pieces,sur pièces,ATS COM,ATS COM,ANTANANARIVO,,,MG,MADAGASCAR,telecommunications,telecommunications,Télécommunications,458235ea__open-data-controles-cnil-2023.csv,266,annee_source_absente|departement_vide
2023-8bea605f-1,2023,rgpd,RGPD,sur_place,sur place,SUPER U PARIS LAFAYETTE,SUPER U PARIS LAFAYETTE,PARIS,75,75,FR,FRANCE,commerce,commerce,Commerce,458235ea__open-data-controles-cnil-2023.csv,267,annee_source_absente
2023-f2522728-1,2023,rgpd,RGPD,sur_place,sur place,INTERMARCHE SUPER LONGWY,INTERMARCHE SUPER LONGWY,LONGWY,54,54,FR,FRANCE,commerce,commerce,Commerce,458235ea__open-data-controles-cnil-2023.csv,268,annee_source_absente
2023-f28186ac-1,2023,rgpd,RGPD,en_ligne,en ligne,INTERMARCHE SUPER LONGWY,INTERMARCHE SUPER LONGWY,LONGWY,54,54,FR,FRANCE,commerce,commerce,Commerce,458235ea__open-data-controles-cnil-2023.csv,269,annee_source_absente
2023-ae0d9d1b-1,2023,rgpd,RGPD,en_ligne,en ligne,SNAP INC,SNAP INC,PARIS,75,75,FR,FRANCE,telecommunications,telecommunications,Télécommunications,458235ea__open-data-controles-cnil-2023.csv,270,annee_source_absente
2023-66a2b3c0-1,2023,rgpd,RGPD,sur_place,sur place,SNAP INC,SNAP INC,PARIS,75,75,FR,FRANCE,telecommunications,telecommunications,Télécommunications,458235ea__open-data-controles-cnil-2023.csv,271,annee_source_absente
2023-107d5fa9-1,2023,rgpd,RGPD,sur_pieces,sur pièces,SNAP INC,SNAP INC,PARIS,75,75,FR,FRANCE,telecommunications,telecommunications,Télécommunications,458235ea__open-data-controles-cnil-2023.csv,272,annee_source_absente
2023-26ba8ea2-1,2023,rgpd,RGPD,sur_place,sur place,COLRUYT RETAIL FRANCE,COLRUYT RETAIL FRANCE,TROYES,10,10,FR,FRANCE,commerce,commerce,Commerce,458235ea__open-data-controles-cnil-2023.csv,273,annee_source_absente
2023-d3d2c48d-1,2023,rgpd,RGPD,sur_pieces,sur pièces,COLRUYT RETAIL FRANCE,COLRUYT RETAIL FRANCE,TROYES,10,10,FR,FRANCE,commerce,commerce,Commerce,458235ea__open-data-controles-cnil-2023.csv,274,annee_source_absente
2023-3f742974-1,2023,rgpd,RGPD,sur_audition,sur audition,DROITE AU CŒUR,DROITE AU CUR,L'HAY-LES-ROSES,94,94,FR,FRANCE,commerce,commerce,Commerce,458235ea__open-data-controles-cnil-2023.csv,275,annee_source_absente
2023-c743a0ad-1,2023,rgpd,RGPD,sur_place,sur place,TOOLS FOR HUMANITY CORPORATION,TOOLS FOR HUMANITY CORPORATION,PARIS,75,75,FR,FRANCE,commerce,commerce,Commerce,458235ea__open-data-controles-cnil-2023.csv,276,annee_source_absente
2023-5cc21547-1,2023,rgpd,RGPD,en_ligne,en ligne,TOOLS FOR HUMANITY CORPORATION,TOOLS FOR HUMANITY CORPORATION,SAN FRANCISCO,,,US,ÉTATS-UNIS,commerce,commerce,Commerce,458235ea__open-data-controles-cnil-2023.csv,277,annee_source_absente|departement_vide
2023-72c4adcf-1,2023,rgpd,RGPD,sur_audition,sur audition,MAIL-GUIDE-COMPARATEUR.FR,MAIL GUIDE COMPARATEUR FR,ROUBAIX,59,59,FR,FRANCE,commerce,commerce,Commerce,458235ea__open-data-controles-cnil-2023.csv,278,annee_source_absente
2023-ed266d41-1,2023,rgpd,RGPD,sur_pieces,sur pièces,MAIL-GUIDE-COMPARATEUR.FR,MAIL GUIDE COMPARATEUR FR,ROUBAIX,59,59,FR,FRANCE,commerce,commerce,Commerce,458235ea__open-data-controles-cnil-2023.csv,279,annee_source_absente
2023-25063cd9-1,2023,rgpd,RGPD,en_ligne,en ligne,ETABLISSEMENT A MEYSON,ETABLISSEMENT A MEYSON,SAINT-ROMAIN-EN-VIENNOIS,84,84,FR,FRANCE,commerce,commerce,Commerce,458235ea__open-data-controles-cnil-2023.csv,280,annee_source_absente
2023-968fa5f8-1,2023,rgpd,RGPD,sur_place,sur place,EUROPOL,EUROPOL,NANTERRE,92,92,FR,FRANCE,regalien,etat_regalien,Régalien,458235ea__open-data-controles-cnil-2023.csv,281,annee_source_absente
2023-b5b436d2-1,2023,rgpd,RGPD,sur_place,sur place,CENTRE HOSPITALIER DE CHARTRES,CENTRE HOSPITALIER DE CHARTRES,CHARTRES,28,28,FR,FRANCE,sante,sante_social,Santé,458235ea__open-data-controles-cnil-2023.csv,282,annee_source_absente
2023-33737041-1,2023,rgpd,RGPD,en_ligne,en ligne,IDEALWINE,IDEALWINE,COLOMBES,92,92,FR,FRANCE,commerce,commerce,Commerce,458235ea__open-data-controles-cnil-2023.csv,283,annee_source_absente
2023-6bac17b9-1,2023,rgpd,RGPD,en_ligne,en ligne,INFINITE STYLES SERVICES CO. LIMITED,INFINITE STYLES SERVICES CO LIMITED,DUBLIN,,,IE,IRLANDE,commerce,commerce,Commerce,458235ea__open-data-controles-cnil-2023.csv,284,annee_source_absente|departement_vide
2023-34f5579d-1,2023,rgpd,RGPD,sur_audition,sur audition,INFINITE STYLES SERVICES CO. LIMITED,INFINITE STYLES SERVICES CO LIMITED,PARIS,75,75,FR,FRANCE,commerce,commerce,Commerce,458235ea__open-data-controles-cnil-2023.csv,285,annee_source_absente
2023-9e732b64-1,2023,rgpd,RGPD,sur_place,sur place,ENERGIES France,ENERGIES FRANCE,GENNEVILLIERS,92,92,FR,FRANCE,energie,energie_environnement,Energie,458235ea__open-data-controles-cnil-2023.csv,286,annee_source_absente
2023-72b293f4-1,2023,rgpd,RGPD,sur_place,sur place,ASSOCIATION SANTE PLUS STRASBOURG,ASSOCIATION SANTE PLUS STRASBOURG,SAINT-DENIS,93,93,FR,FRANCE,sante,sante_social,Santé,458235ea__open-data-controles-cnil-2023.csv,287,annee_source_absente
2023-142c3184-1,2023,rgpd,RGPD,sur_place,sur place,NATURALIA France,NATURALIA FRANCE,PARIS,75,75,FR,FRANCE,commerce,commerce,Commerce,458235ea__open-data-controles-cnil-2023.csv,288,annee_source_absente
2023-cba970a2-1,2023,rgpd,RGPD,sur_place,sur place,CRM 71,CRM 71,CHALONS SUR SAONE,71,71,FR,FRANCE,commerce,commerce,Commerce,458235ea__open-data-controles-cnil-2023.csv,289,annee_source_absente
2023-9d342a7d-1,2023,rgpd,RGPD,sur_place,sur place,AGENCE TECHNIQUE DE L'INFORMATION SUR L'HOSPITALISATION,AGENCE TECHNIQUE DE L INFORMATION SUR L HOSPITALISATION,LYON,69,69,FR,FRANCE,sante,sante_social,Santé,458235ea__open-data-controles-cnil-2023.csv,292,annee_source_absente
2023-df96362b-1,2023,rgpd,RGPD,sur_place,sur place,GROUPE GEMA - ESI BUSINESS SCHOOL/ IA SCHOOL,GROUPE GEMA ESI BUSINESS SCHOOL IA SCHOOL,BOULOGNE-BILLANCOURT,92,92,FR,FRANCE,education,education_culture_sport,Education,458235ea__open-data-controles-cnil-2023.csv,293,annee_source_absente
2023-1b8438a9-1,2023,rgpd,RGPD,sur_place,sur place,IMAGINE EXHIBITIONS,IMAGINE EXHIBITIONS,PARIS,75,75,FR,FRANCE,culture,education_culture_sport,Culture,458235ea__open-data-controles-cnil-2023.csv,294,annee_source_absente
2023-24cc624f-1,2023,rgpd,RGPD,sur_place,sur place,RECTORAT DE L'ACADEMIE DE VERSAILLES,RECTORAT DE L ACADEMIE DE VERSAILLES,VERSAILLES,78,78,FR,FRANCE,education,education_culture_sport,Education,458235ea__open-data-controles-cnil-2023.csv,295,annee_source_absente
2023-8a5beb19-1,2023,rgpd,RGPD,sur_pieces,sur pièces,IDEMIA,IDEMIA,COURBEVOIE,92,92,FR,FRANCE,commerce,commerce,Commerce,458235ea__open-data-controles-cnil-2023.csv,296,annee_source_absente
2023-bb8b9e0a-1,2023,rgpd,RGPD,en_ligne,en ligne,GARNIER,GARNIER,LEVALLOIS-PERRET,75,75,FR,FRANCE,commerce,commerce,Commerce,458235ea__open-data-controles-cnil-2023.csv,297,annee_source_absente
2023-b2d31052-1,2023,rgpd,RGPD,en_ligne,en ligne,REPLIKA,REPLIKA,SAN FRANCISCO,,,US,ÉTATS-UNIS,commerce,commerce,Commerce,458235ea__open-data-controles-cnil-2023.csv,298,annee_source_absente|departement_vide
2023-741ce71b-1,2023,rgpd,RGPD,sur_pieces,sur pièces,REPLIKA,REPLIKA,SAN FRANCISCO,,,US,ÉTATS-UNIS,commerce,commerce,Commerce,458235ea__open-data-controles-cnil-2023.csv,299,annee_source_absente|departement_vide
2023-86e51506-1,2023,rgpd,RGPD,en_ligne,en ligne,OLIVIER MALATRAIT (FIPL),OLIVIER MALATRAIT FIPL,AVIGNON,84,84,FR,FRANCE,immobilier,immobilier,Immobilier,458235ea__open-data-controles-cnil-2023.csv,300,annee_source_absente
2023-c2b708aa-1,2023,rgpd,RGPD,sur_pieces,sur pièces,MOBIUS SOLUTIONS LTD,MOBIUS SOLUTIONS LTD,TEL AVIV,,,IL,ISRAËL,commerce,commerce,Commerce,458235ea__open-data-controles-cnil-2023.csv,301,annee_source_absente|departement_vide
2023-f6ae66bf-1,2023,rgpd,RGPD,en_ligne,en ligne,CHANEL,CHANEL,NEUILLY SUR SEINE,92,92,FR,FRANCE,commerce,commerce,Commerce,458235ea__open-data-controles-cnil-2023.csv,302,annee_source_absente
2023-0fa124b7-1,2023,rgpd,RGPD,sur_place,sur place,CHANEL,CHANEL,NEUILLY SUR SEINE,92,92,FR,FRANCE,commerce,commerce,Commerce,458235ea__open-data-controles-cnil-2023.csv,303,annee_source_absente
2023-4a679f90-1,2023,rgpd,RGPD,en_ligne,en ligne,PARFUMS CHRISTIAN DIOR,PARFUMS CHRISTIAN DIOR,PARIS,75,75,FR,FRANCE,commerce,commerce,Commerce,458235ea__open-data-controles-cnil-2023.csv,304,annee_source_absente
2023-fe53d91a-1,2023,rgpd,RGPD,sur_place,sur place,PARFUMS CHRISTIAN DIOR,PARFUMS CHRISTIAN DIOR,PARIS,75,75,FR,FRANCE,commerce,commerce,Commerce,458235ea__open-data-controles-cnil-2023.csv,305,annee_source_absente
2023-2d844ccb-1,2023,rgpd,RGPD,en_ligne,en ligne,GRANDVISION FRANCE,GRANDVISION FRANCE,MONTIGNY-LE-BRETONNEUX,78,78,FR,FRANCE,commerce,commerce,Commerce,458235ea__open-data-controles-cnil-2023.csv,306,annee_source_absente
2023-85254773-1,2023,rgpd,RGPD,sur_place,sur place,GRANDVISION FRANCE,GRANDVISION FRANCE,MONTIGNY-LE-BRETONNEUX,78,78,FR,FRANCE,commerce,commerce,Commerce,458235ea__open-data-controles-cnil-2023.csv,307,annee_source_absente
2023-40c182d2-1,2023,rgpd,RGPD,en_ligne,en ligne,UNIVERSITE CLAUDE BERNARD 1,UNIVERSITE CLAUDE BERNARD 1,VILLEURBANNE,69,69,FR,FRANCE,education,education_culture_sport,Education,458235ea__open-data-controles-cnil-2023.csv,308,annee_source_absente
2023-80b1287c-1,2023,rgpd,RGPD,en_ligne,en ligne,UNIVERSITE PARIS NANTERRE,UNIVERSITE PARIS NANTERRE,NANTERRE,92,92,FR,FRANCE,education,education_culture_sport,Education,458235ea__open-data-controles-cnil-2023.csv,309,annee_source_absente
2023-957b04d3-1,2023,rgpd,RGPD,en_ligne,en ligne,UNIVERSITE PARIS-SACLAY,UNIVERSITE PARIS SACLAY,GIF-SUR-YVETTE,91,91,FR,FRANCE,education,education_culture_sport,Education,458235ea__open-data-controles-cnil-2023.csv,310,annee_source_absente
2023-a071f872-1,2023,rgpd,RGPD,en_ligne,en ligne,CDS CANADA 4 L.P. (CIRQUE DU SOLEIL),CDS CANADA 4 L P CIRQUE DU SOLEIL,MONTREAL,,,FR,FRANCE,culture,education_culture_sport,Culture,458235ea__open-data-controles-cnil-2023.csv,311,annee_source_absente|departement_vide
2023-bec1b625-1,2023,rgpd,RGPD,sur_place,sur place,MINISTERE DE L'EDUCATION NATIONALE,MINISTERE DE L EDUCATION NATIONALE,PARIS,75,75,FR,FRANCE,education,education_culture_sport,Education,458235ea__open-data-controles-cnil-2023.csv,312,annee_source_absente
2023-9f582025-1,2023,rgpd,RGPD,sur_place,sur place,RECTORAT DE L'ACADEMIE DE PARIS,RECTORAT DE L ACADEMIE DE PARIS,PARIS,75,75,FR,FRANCE,education,education_culture_sport,Education,458235ea__open-data-controles-cnil-2023.csv,313,annee_source_absente
2023-8d400f66-1,2023,videoprotection,VIDEOPROTECTION,sur_place,sur place,COMMUNE DE CHARTRES,COMMUNE DE CHARTRES,CHARTRES,28,28,FR,FRANCE,collectivites_territoriales,collectivites_territoriales,Collectivités territoriales,458235ea__open-data-controles-cnil-2023.csv,314,annee_source_absente
2023-10c9682d-1,2023,videoprotection,VIDEOPROTECTION,sur_place,sur place,COMMUNE DE NIMES,COMMUNE DE NIMES,NIMES,30,30,FR,FRANCE,collectivites_territoriales,collectivites_territoriales,Collectivités territoriales,458235ea__open-data-controles-cnil-2023.csv,315,annee_source_absente
2023-9691ab6e-1,2023,videoprotection,VIDEOPROTECTION,sur_place,sur place,COMMUNE DE MOIRANS,COMMUNE DE MOIRANS,MOIRANS,38,38,FR,FRANCE,collectivites_territoriales,collectivites_territoriales,Collectivités territoriales,458235ea__open-data-controles-cnil-2023.csv,316,annee_source_absente
2023-cffea60a-1,2023,rgpd,RGPD,sur_place,sur place,CTSE POIDS LOURDS,CTSE POIDS LOURDS,LE MUY,83,83,FR,FRANCE,transports,transports,Transports,458235ea__open-data-controles-cnil-2023.csv,317,annee_source_absente
2023-7b1110a9-1,2023,rgpd,RGPD,en_ligne,en ligne,SOCIETE FRANCAISE DU RADIOTELEPHONE (SFR),SOCIETE FRANCAISE DU RADIOTELEPHONE SFR,PARIS,75,75,FR,FRANCE,commerce,commerce,Commerce,458235ea__open-data-controles-cnil-2023.csv,318,annee_source_absente
2023-64039e7f-1,2023,rgpd,RGPD,en_ligne,en ligne,MONDIAL RELAY,MONDIAL RELAY,VILLENEUVE D'ASCQ,59,59,FR,FRANCE,commerce,commerce,Commerce,458235ea__open-data-controles-cnil-2023.csv,319,annee_source_absente
2023-30775a4f-1,2023,rgpd,RGPD,en_ligne,en ligne,ECOOKIE,ECOOKIE,PARIS,75,75,FR,FRANCE,commerce,commerce,Commerce,458235ea__open-data-controles-cnil-2023.csv,320,annee_source_absente
2023-971b6e1c-1,2023,rgpd,RGPD,en_ligne,en ligne,PLANET PUBLISHING - MEDISITE.FR,PLANET PUBLISHING MEDISITE FR,PARIS,75,75,FR,FRANCE,commerce,commerce,Commerce,458235ea__open-data-controles-cnil-2023.csv,321,annee_source_absente
2023-4bf6d9d7-1,2023,rgpd,RGPD,sur_place,sur place,WEB MEDIA RM,WEB MEDIA RM,SAINT-CHAMOND,42,42,FR,FRANCE,commerce,commerce,Commerce,458235ea__open-data-controles-cnil-2023.csv,322,annee_source_absente
2023-5e24981d-1,2023,rgpd,RGPD,en_ligne,en ligne,PARUVENDU.FR,PARUVENDU FR,LYON,69,69,FR,FRANCE,commerce,commerce,Commerce,458235ea__open-data-controles-cnil-2023.csv,323,annee_source_absente
2023-1f26dca1-1,2023,rgpd,RGPD,en_ligne,en ligne,EDITIONS REWORLD AXEL SPRINGER,EDITIONS REWORLD AXEL SPRINGER,BAGNEUX,92,92,FR,FRANCE,commerce,commerce,Commerce,458235ea__open-data-controles-cnil-2023.csv,324,annee_source_absente
2023-ec9fbaf5-1,2023,rgpd,RGPD,en_ligne,en ligne,COMMISSAIRES PRISEURS MULTIMEDIA,COMMISSAIRES PRISEURS MULTIMEDIA,PARIS,75,75,FR,FRANCE,commerce,commerce,Commerce,458235ea__open-data-controles-cnil-2023.csv,325,annee_source_absente
2023-9a7c2ae8-1,2023,rgpd,RGPD,sur_place,sur place,MEDIAZUR,MEDIAZUR,NICE,06,06,FR,FRANCE,commerce,commerce,Commerce,458235ea__open-data-controles-cnil-2023.csv,326,annee_source_absente
2023-58bfb9f3-1,2023,rgpd,RGPD,sur_place,sur place,YOMONI,YOMONI,PARIS,75,75,FR,FRANCE,assurance,assurance,Assurance,458235ea__open-data-controles-cnil-2023.csv,327,annee_source_absente
2023-2b5c1735-1,2023,rgpd,RGPD,sur_place,sur place,ISCOD,ISCOD,VALBONNE,06,06,FR,FRANCE,education,education_culture_sport,Education,458235ea__open-data-controles-cnil-2023.csv,328,annee_source_absente
2023-e1ae5e2f-1,2023,rgpd,RGPD,en_ligne,en ligne,AFFLELOU,AFFLELOU,COURBEVOIE,92,92,FR,FRANCE,commerce,commerce,Commerce,458235ea__open-data-controles-cnil-2023.csv,329,annee_source_absente
2023-ab89a7fe-1,2023,rgpd,RGPD,sur_place,sur place,AFFLELOU,AFFLELOU,COURBEVOIE,92,92,FR,FRANCE,commerce,commerce,Commerce,458235ea__open-data-controles-cnil-2023.csv,330,annee_source_absente
2023-865c5519-1,2023,rgpd,RGPD,en_ligne,en ligne,SOCIETE FORIOU SOCIETE HUBSIDE STORE,SOCIETE FORIOU SOCIETE HUBSIDE STORE,PARIS,75,75,FR,FRANCE,commerce,commerce,Commerce,458235ea__open-data-controles-cnil-2023.csv,331,annee_source_absente|organisme_multiligne
2023-2a0fc8d1-1,2023,rgpd,RGPD,en_ligne,en ligne,TAGADAMEDIA,TAGADAMEDIA,PARIS,75,75,FR,FRANCE,commerce,commerce,Commerce,458235ea__open-data-controles-cnil-2023.csv,333,annee_source_absente
2023-b86da6ae-1,2023,rgpd,RGPD,en_ligne,en ligne,YVES SAINT LAURENT,YVES SAINT LAURENT,PARIS,75,75,FR,FRANCE,commerce,commerce,Commerce,458235ea__open-data-controles-cnil-2023.csv,334,annee_source_absente
2023-466ec12d-1,2023,rgpd,RGPD,sur_place,sur place,YVES SAINT LAURENT,YVES SAINT LAURENT,PARIS,75,75,FR,FRANCE,commerce,commerce,Commerce,458235ea__open-data-controles-cnil-2023.csv,335,annee_source_absente
2023-c92595fc-1,2023,rgpd,RGPD,en_ligne,en ligne,COMMUNAUTE D'UNIVERSITES ET ETABLISSEMENTS UNIVERSITE PARIS LUMIERES,COMMUNAUTE D UNIVERSITES ET ETABLISSEMENTS UNIVERSITE PARIS LUMIERES,PARIS,75,75,FR,FRANCE,education,education_culture_sport,Education,458235ea__open-data-controles-cnil-2023.csv,336,annee_source_absente
2023-0b024753-1,2023,rgpd,RGPD,sur_place,sur place,VEESION,VEESION,PARIS,75,75,FR,FRANCE,commerce,commerce,Commerce,458235ea__open-data-controles-cnil-2023.csv,337,annee_source_absente
2023-0b024753-2,2023,rgpd,RGPD,sur_place,sur place,VEESION,VEESION,PARIS,75,75,FR,FRANCE,commerce,commerce,Commerce,458235ea__open-data-controles-cnil-2023.csv,338,annee_source_absente|ligne_dupliquee
2023-9cfe9c83-1,2023,rgpd,RGPD,sur_place,sur place,POLYCLINIQUE SAINTE THERESE DE SETE,POLYCLINIQUE SAINTE THERESE DE SETE,SETE,34,34,FR,FRANCE,sante,sante_social,Santé,458235ea__open-data-controles-cnil-2023.csv,339,annee_source_absente
2023-72404ad1-1,2023,rgpd,RGPD,sur_audition,sur audition,NEURONALYS,NEURONALYS,LILLE,59,59,FR,FRANCE,commerce,commerce,Commerce,458235ea__open-data-controles-cnil-2023.csv,340,annee_source_absente
2023-0af87554-1,2023,rgpd,RGPD,sur_place,sur place,CENTRE HOSPITALIER DE SAINT-AMAND-LES-EAUX,CENTRE HOSPITALIER DE SAINT AMAND LES EAUX,SAINT-AMAND-LES-EAUX,59,59,FR,FRANCE,sante,sante_social,Santé,458235ea__open-data-controles-cnil-2023.csv,341,annee_source_absente
2023-48e444d9-1,2023,rgpd,RGPD,sur_place,sur place,EXANE,EXANE,PARIS,75,75,FR,FRANCE,banque,banque,Banque,458235ea__open-data-controles-cnil-2023.csv,342,annee_source_absente
2023-65d5f107-1,2023,rgpd,RGPD,sur_pieces,sur pièces,EXANE,EXANE,PARIS,75,75,FR,FRANCE,banque,banque,Banque,458235ea__open-data-controles-cnil-2023.csv,343,annee_source_absente
2023-8c9a70f7-1,2023,rgpd,RGPD,en_ligne,en ligne,FEDERATION FRANCAISE D'AVIRON,FEDERATION FRANCAISE D AVIRON,NOGENT-SUR-MARNE,91,91,FR,FRANCE,commerce,commerce,Commerce,458235ea__open-data-controles-cnil-2023.csv,344,annee_source_absente
2023-8ce78b03-1,2023,rgpd,RGPD,en_ligne,en ligne,COMMUNE DE ROUBAIX,COMMUNE DE ROUBAIX,ROUBAIX,59,59,FR,FRANCE,commerce,commerce,Commerce,458235ea__open-data-controles-cnil-2023.csv,345,annee_source_absente
2023-ecbec2ce-1,2023,rgpd,RGPD,en_ligne,en ligne,FEDERATION FRANCAISE DE LA MONTAGNE ET DE L ESCALADE,FEDERATION FRANCAISE DE LA MONTAGNE ET DE L ESCALADE,PARIS,75,75,FR,FRANCE,commerce,commerce,Commerce,458235ea__open-data-controles-cnil-2023.csv,346,annee_source_absente
2023-dd9a9279-1,2023,rgpd,RGPD,en_ligne,en ligne,SOCIETE SPODIS SAS,SOCIETE SPODIS SAS,MARCQ EN BAROEUL,59,59,FR,FRANCE,commerce,commerce,Commerce,458235ea__open-data-controles-cnil-2023.csv,347,annee_source_absente
2023-84465b11-1,2023,rgpd,RGPD,en_ligne,en ligne,AGENCE DE SERVICES ET DE PAIEMENT,AGENCE DE SERVICES ET DE PAIEMENT,LIMOGE,87,87,FR,FRANCE,commerce,commerce,Commerce,458235ea__open-data-controles-cnil-2023.csv,348,annee_source_absente
2023-fe1d69fe-2,2023,rgpd,RGPD,en_ligne,en ligne,LAPUB,LAPUB,LE TAMPON,97,97,FR,FRANCE,commerce,commerce,Commerce,458235ea__open-data-controles-cnil-2023.csv,349,annee_source_absente|departement_a_preciser|ligne_dupliquee
2023-5e8f0a4b-2,2023,rgpd,RGPD,en_ligne,en ligne,CONSEIL DE DEVELOPPEMENT DU PAYS BOURIAN,CONSEIL DE DEVELOPPEMENT DU PAYS BOURIAN,PEYRILLES,46,46,FR,FRANCE,commerce,commerce,Commerce,458235ea__open-data-controles-cnil-2023.csv,350,annee_source_absente|ligne_dupliquee
2023-b7a82413-2,2023,rgpd,RGPD,en_ligne,en ligne,MAISON 123,MAISON 123,CLICHY,92,92,FR,FRANCE,commerce,commerce,Commerce,458235ea__open-data-controles-cnil-2023.csv,351,annee_source_absente|ligne_dupliquee
2023-99ead0de-2,2023,rgpd,RGPD,en_ligne,en ligne,SOCIETE SERAPHINE France,SOCIETE SERAPHINE FRANCE,PARIS,75,75,FR,FRANCE,commerce,commerce,Commerce,458235ea__open-data-controles-cnil-2023.csv,352,annee_source_absente|ligne_dupliquee
2023-e6b678fa-2,2023,rgpd,RGPD,en_ligne,en ligne,AMMA DESIGN,AMMA DESIGN,SAINT MANDE,94,94,FR,FRANCE,commerce,commerce,Commerce,458235ea__open-data-controles-cnil-2023.csv,353,annee_source_absente|ligne_dupliquee
2023-8646e89a-2,2023,rgpd,RGPD,en_ligne,en ligne,HIPANEMA,HIPANEMA,PARIS,75,75,FR,FRANCE,commerce,commerce,Commerce,458235ea__open-data-controles-cnil-2023.csv,355,annee_source_absente|ligne_dupliquee
2023-084ad6ae-2,2023,rgpd,RGPD,en_ligne,en ligne,DECODE MEDIA,DECODE MEDIA,PARIS,75,75,FR,FRANCE,commerce,commerce,Commerce,458235ea__open-data-controles-cnil-2023.csv,356,annee_source_absente|ligne_dupliquee
2023-0fbc6cb6-1,2023,rgpd,RGPD,en_ligne,en ligne,POSITIVE TECH,POSITIVE TECH,PARIS,75,75,FR,FRANCE,commerce,commerce,Commerce,458235ea__open-data-controles-cnil-2023.csv,357,annee_source_absente
2023-9b15875e-1,2023,rgpd,RGPD,sur_audition,sur audition,POSITIVE TECH,POSITIVE TECH,PARIS,75,75,FR,FRANCE,commerce,commerce,Commerce,458235ea__open-data-controles-cnil-2023.csv,359,annee_source_absente
2023-7a07d40d-1,2023,rgpd,RGPD,sur_place,sur place,ASSOCIATION JEUNESSE LOUBAVITCH - ECOLE BETH HANNA,ASSOCIATION JEUNESSE LOUBAVITCH ECOLE BETH HANNA,PARIS,75,75,FR,FRANCE,associatif,associatif,Associatif,458235ea__open-data-controles-cnil-2023.csv,361,annee_source_absente|organisme_multiligne
2023-ace2eb61-2,2023,videoprotection,VIDEOPROTECTION,sur_pieces,sur pièces,MINISTERE DE L'INTERIEUR,MINISTERE DE L INTERIEUR,PARIS,75,75,FR,FRANCE,regalien,etat_regalien,Régalien,458235ea__open-data-controles-cnil-2023.csv,363,annee_source_absente|ligne_dupliquee
2023-0cd29b78-1,2023,rgpd,RGPD,sur_place,sur place,CENTRE HOSPITALIER REGIONAL DE GRENOBLE,CENTRE HOSPITALIER REGIONAL DE GRENOBLE,LA TRONCHE,38,38,FR,FRANCE,sante,sante_social,Santé,458235ea__open-data-controles-cnil-2023.csv,364,annee_source_absente
2023-ddb5f919-1,2023,rgpd,RGPD,sur_place,sur place,POLE EMPLOI,POLE EMPLOI,PARIS,75,75,FR,FRANCE,travail,travail,Travail,458235ea__open-data-controles-cnil-2023.csv,365,annee_source_absente
2023-27febf13-1,2023,rgpd,RGPD,sur_place,sur place,RESOCOM,RESOCOM,PARIS,75,75,FR,FRANCE,commerce,commerce,Commerce,458235ea__open-data-controles-cnil-2023.csv,366,annee_source_absente
2023-c7e0b3a2-1,2023,rgpd,RGPD,sur_place,sur place,DFS FRANCE SAS,DFS FRANCE SAS,PARIS,75,75,FR,FRANCE,commerce,commerce,Commerce,458235ea__open-data-controles-cnil-2023.csv,367,annee_source_absente
2023-eec1aa85-1,2023,rgpd,RGPD,sur_audition,sur audition,DFS FRANCE SAS,DFS FRANCE SAS,PARIS,75,75,FR,FRANCE,commerce,commerce,Commerce,458235ea__open-data-controles-cnil-2023.csv,368,annee_source_absente
2023-eec1aa85-2,2023,rgpd,RGPD,sur_audition,sur audition,DFS FRANCE SAS,DFS FRANCE SAS,PARIS,75,75,FR,FRANCE,commerce,commerce,Commerce,458235ea__open-data-controles-cnil-2023.csv,369,annee_source_absente|ligne_dupliquee
2023-2f14e923-1,2023,rgpd,RGPD,en_ligne,en ligne,UBALDI,UBALDI,CARROS,06,06,FR,FRANCE,education,education_culture_sport,Education,458235ea__open-data-controles-cnil-2023.csv,370,annee_source_absente
2023-5058be3e-1,2023,rgpd,RGPD,sur_place,sur place,BAC UP,BAC UP,ROSNY-SOUS-BOIS,93,93,FR,FRANCE,commerce,commerce,Commerce,458235ea__open-data-controles-cnil-2023.csv,371,annee_source_absente
2023-d4732b01-1,2023,rgpd,RGPD,en_ligne,en ligne,MYFITNESSPAL,MYFITNESSPAL,AUSTIN,,,US,ÉTATS-UNIS,cookies,autres,Cookies,458235ea__open-data-controles-cnil-2023.csv,372,annee_source_absente|departement_vide
2023-eed96c83-1,2023,rgpd,RGPD,en_ligne,en ligne,UNIVERSITE BORDEAUX MONTAIGNE BORDEAUX III,UNIVERSITE BORDEAUX MONTAIGNE BORDEAUX III,PESSAC,33,33,FR,FRANCE,education,education_culture_sport,Education,458235ea__open-data-controles-cnil-2023.csv,375,annee_source_absente
